/*
Navicat MySQL Data Transfer

Source Server         : remote
Source Server Version : 50718
Source Host           : rm-team2.mysql.rds.aliyuncs.com:3306
Source Database       : nova_supermarket

Target Server Type    : MYSQL
Target Server Version : 50718
File Encoding         : 65001

Date: 2018-10-26 02:01:53
*/

SET FOREIGN_KEY_CHECKS=0;

-- ----------------------------
-- Table structure for `act_evt_log`
-- ----------------------------
DROP TABLE IF EXISTS `act_evt_log`;
CREATE TABLE `act_evt_log` (
  `LOG_NR_` bigint(20) NOT NULL AUTO_INCREMENT,
  `TYPE_` varchar(64) COLLATE utf8_bin DEFAULT NULL,
  `PROC_DEF_ID_` varchar(64) COLLATE utf8_bin DEFAULT NULL,
  `PROC_INST_ID_` varchar(64) COLLATE utf8_bin DEFAULT NULL,
  `EXECUTION_ID_` varchar(64) COLLATE utf8_bin DEFAULT NULL,
  `TASK_ID_` varchar(64) COLLATE utf8_bin DEFAULT NULL,
  `TIME_STAMP_` timestamp(3) NOT NULL DEFAULT CURRENT_TIMESTAMP(3) ON UPDATE CURRENT_TIMESTAMP(3),
  `USER_ID_` varchar(255) COLLATE utf8_bin DEFAULT NULL,
  `DATA_` longblob,
  `LOCK_OWNER_` varchar(255) COLLATE utf8_bin DEFAULT NULL,
  `LOCK_TIME_` timestamp(3) NULL DEFAULT NULL,
  `IS_PROCESSED_` tinyint(4) DEFAULT '0',
  PRIMARY KEY (`LOG_NR_`) USING BTREE
) ENGINE=InnoDB DEFAULT CHARSET=utf8 COLLATE=utf8_bin ROW_FORMAT=DYNAMIC;

-- ----------------------------
-- Records of act_evt_log
-- ----------------------------

-- ----------------------------
-- Table structure for `act_ge_bytearray`
-- ----------------------------
DROP TABLE IF EXISTS `act_ge_bytearray`;
CREATE TABLE `act_ge_bytearray` (
  `ID_` varchar(64) COLLATE utf8_bin NOT NULL,
  `REV_` int(11) DEFAULT NULL,
  `NAME_` varchar(255) COLLATE utf8_bin DEFAULT NULL,
  `DEPLOYMENT_ID_` varchar(64) COLLATE utf8_bin DEFAULT NULL,
  `BYTES_` longblob,
  `GENERATED_` tinyint(4) DEFAULT NULL,
  PRIMARY KEY (`ID_`) USING BTREE,
  KEY `ACT_FK_BYTEARR_DEPL` (`DEPLOYMENT_ID_`) USING BTREE,
  CONSTRAINT `ACT_FK_BYTEARR_DEPL` FOREIGN KEY (`DEPLOYMENT_ID_`) REFERENCES `act_re_deployment` (`ID_`)
) ENGINE=InnoDB DEFAULT CHARSET=utf8 COLLATE=utf8_bin ROW_FORMAT=DYNAMIC;

-- ----------------------------
-- Records of act_ge_bytearray
-- ----------------------------
INSERT INTO `act_ge_bytearray` VALUES ('100002', '1', 'transfer.bpmn', '100001', 0x3C3F786D6C2076657273696F6E3D22312E302220656E636F64696E673D225554462D38223F3E0A3C646566696E6974696F6E7320786D6C6E733D22687474703A2F2F7777772E6F6D672E6F72672F737065632F42504D4E2F32303130303532342F4D4F44454C2220786D6C6E733A7873693D22687474703A2F2F7777772E77332E6F72672F323030312F584D4C536368656D612D696E7374616E63652220786D6C6E733A7873643D22687474703A2F2F7777772E77332E6F72672F323030312F584D4C536368656D612220786D6C6E733A61637469766974693D22687474703A2F2F61637469766974692E6F72672F62706D6E2220786D6C6E733A62706D6E64693D22687474703A2F2F7777772E6F6D672E6F72672F737065632F42504D4E2F32303130303532342F44492220786D6C6E733A6F6D6764633D22687474703A2F2F7777772E6F6D672E6F72672F737065632F44442F32303130303532342F44432220786D6C6E733A6F6D6764693D22687474703A2F2F7777772E6F6D672E6F72672F737065632F44442F32303130303532342F44492220747970654C616E67756167653D22687474703A2F2F7777772E77332E6F72672F323030312F584D4C536368656D61222065787072657373696F6E4C616E67756167653D22687474703A2F2F7777772E77332E6F72672F313939392F585061746822207461726765744E616D6573706163653D22687474703A2F2F7777772E61637469766974692E6F72672F74657374223E0A20203C70726F636573732069643D227472616E7366657222206E616D653D22E8B083E8B4A7E6B581E7A88B2220697345786563757461626C653D2274727565223E0A202020203C73746172744576656E742069643D2273746172746576656E743122206E616D653D225374617274223E3C2F73746172744576656E743E0A202020203C757365725461736B2069643D227072696E636970616C417564697422206E616D653D22E8B49FE8B4A3E4BABAE5AEA1E689B9222061637469766974693A61737369676E65653D22247B726563656976657249647D223E0A2020202020203C657874656E73696F6E456C656D656E74733E0A20202020202020203C61637469766974693A7461736B4C697374656E6572206576656E743D22636F6D706C657465222064656C656761746545787072657373696F6E3D22247B7072696E636970616C41756469747D223E3C2F61637469766974693A7461736B4C697374656E65723E0A2020202020203C2F657874656E73696F6E456C656D656E74733E0A202020203C2F757365725461736B3E0A202020203C73657175656E6365466C6F772069643D22666C6F77312220736F757263655265663D2273746172746576656E743122207461726765745265663D227072696E636970616C4175646974223E3C2F73657175656E6365466C6F773E0A202020203C6578636C7573697665476174657761792069643D226578636C7573697665676174657761793122206E616D653D224578636C75736976652047617465776179223E3C2F6578636C7573697665476174657761793E0A202020203C73657175656E6365466C6F772069643D22666C6F77322220736F757263655265663D227072696E636970616C417564697422207461726765745265663D226578636C75736976656761746577617931223E3C2F73657175656E6365466C6F773E0A202020203C757365725461736B2069643D22636F6E6669726D5265636569707422206E616D653D22E7A1AEE8AEA4E694B6E8B4A7222061637469766974693A61737369676E65653D22247B6170706C7949647D223E0A2020202020203C657874656E73696F6E456C656D656E74733E0A20202020202020203C61637469766974693A7461736B4C697374656E6572206576656E743D22636F6D706C657465222064656C656761746545787072657373696F6E3D22247B7472616E73666572456E647D223E3C2F61637469766974693A7461736B4C697374656E65723E0A2020202020203C2F657874656E73696F6E456C656D656E74733E0A202020203C2F757365725461736B3E0A202020203C73657175656E6365466C6F772069643D22666C6F773322206E616D653D22E9809AE8BF872220736F757263655265663D226578636C7573697665676174657761793122207461726765745265663D22636F6E6669726D52656365697074223E0A2020202020203C636F6E646974696F6E45787072657373696F6E207873693A747970653D2274466F726D616C45787072657373696F6E223E3C215B43444154415B247B706173737D5D5D3E3C2F636F6E646974696F6E45787072657373696F6E3E0A202020203C2F73657175656E6365466C6F773E0A202020203C656E644576656E742069643D22656E646576656E743122206E616D653D22456E64223E3C2F656E644576656E743E0A202020203C73657175656E6365466C6F772069643D22666C6F77342220736F757263655265663D22636F6E6669726D5265636569707422207461726765745265663D22656E646576656E7431223E3C2F73657175656E6365466C6F773E0A202020203C757365725461736B2069643D2272656A656374696F6E22206E616D653D22E794B3E8AFB7E98080E59B9E222061637469766974693A61737369676E65653D22247B6170706C6963616E7449647D223E0A2020202020203C657874656E73696F6E456C656D656E74733E0A20202020202020203C61637469766974693A7461736B4C697374656E6572206576656E743D22636F6D706C657465222064656C656761746545787072657373696F6E3D22247B7472616E73666572456E647D223E3C2F61637469766974693A7461736B4C697374656E65723E0A2020202020203C2F657874656E73696F6E456C656D656E74733E0A202020203C2F757365725461736B3E0A202020203C73657175656E6365466C6F772069643D22666C6F773522206E616D653D22E69CAAE9809AE8BF872220736F757263655265663D226578636C7573697665676174657761793122207461726765745265663D2272656A656374696F6E223E0A2020202020203C636F6E646974696F6E45787072657373696F6E207873693A747970653D2274466F726D616C45787072657373696F6E223E3C215B43444154415B247B21706173737D5D5D3E3C2F636F6E646974696F6E45787072657373696F6E3E0A202020203C2F73657175656E6365466C6F773E0A202020203C73657175656E6365466C6F772069643D22666C6F77362220736F757263655265663D2272656A656374696F6E22207461726765745265663D22656E646576656E7431223E3C2F73657175656E6365466C6F773E0A20203C2F70726F636573733E0A20203C62706D6E64693A42504D4E4469616772616D2069643D2242504D4E4469616772616D5F7472616E73666572223E0A202020203C62706D6E64693A42504D4E506C616E652062706D6E456C656D656E743D227472616E73666572222069643D2242504D4E506C616E655F7472616E73666572223E0A2020202020203C62706D6E64693A42504D4E53686170652062706D6E456C656D656E743D2273746172746576656E7431222069643D2242504D4E53686170655F73746172746576656E7431223E0A20202020202020203C6F6D6764633A426F756E6473206865696768743D2233352E30222077696474683D2233352E302220783D223130302E302220793D223134392E30223E3C2F6F6D6764633A426F756E64733E0A2020202020203C2F62706D6E64693A42504D4E53686170653E0A2020202020203C62706D6E64693A42504D4E53686170652062706D6E456C656D656E743D227072696E636970616C4175646974222069643D2242504D4E53686170655F7072696E636970616C4175646974223E0A20202020202020203C6F6D6764633A426F756E6473206865696768743D2235352E30222077696474683D223130352E302220783D223231302E302220793D223133392E30223E3C2F6F6D6764633A426F756E64733E0A2020202020203C2F62706D6E64693A42504D4E53686170653E0A2020202020203C62706D6E64693A42504D4E53686170652062706D6E456C656D656E743D226578636C75736976656761746577617931222069643D2242504D4E53686170655F6578636C75736976656761746577617931223E0A20202020202020203C6F6D6764633A426F756E6473206865696768743D2234302E30222077696474683D2234302E302220783D223336322E302220793D223134362E30223E3C2F6F6D6764633A426F756E64733E0A2020202020203C2F62706D6E64693A42504D4E53686170653E0A2020202020203C62706D6E64693A42504D4E53686170652062706D6E456C656D656E743D22636F6E6669726D52656365697074222069643D2242504D4E53686170655F636F6E6669726D52656365697074223E0A20202020202020203C6F6D6764633A426F756E6473206865696768743D2235352E30222077696474683D223130352E302220783D223531322E302220793D2237322E30223E3C2F6F6D6764633A426F756E64733E0A2020202020203C2F62706D6E64693A42504D4E53686170653E0A2020202020203C62706D6E64693A42504D4E53686170652062706D6E456C656D656E743D22656E646576656E7431222069643D2242504D4E53686170655F656E646576656E7431223E0A20202020202020203C6F6D6764633A426F756E6473206865696768743D2233352E30222077696474683D2233352E302220783D223732302E302220793D223134392E30223E3C2F6F6D6764633A426F756E64733E0A2020202020203C2F62706D6E64693A42504D4E53686170653E0A2020202020203C62706D6E64693A42504D4E53686170652062706D6E456C656D656E743D2272656A656374696F6E222069643D2242504D4E53686170655F72656A656374696F6E223E0A20202020202020203C6F6D6764633A426F756E6473206865696768743D2235352E30222077696474683D223130352E302220783D223531322E302220793D223139372E30223E3C2F6F6D6764633A426F756E64733E0A2020202020203C2F62706D6E64693A42504D4E53686170653E0A2020202020203C62706D6E64693A42504D4E456467652062706D6E456C656D656E743D22666C6F7731222069643D2242504D4E456467655F666C6F7731223E0A20202020202020203C6F6D6764693A776179706F696E7420783D223133352E302220793D223136362E30223E3C2F6F6D6764693A776179706F696E743E0A20202020202020203C6F6D6764693A776179706F696E7420783D223231302E302220793D223136362E30223E3C2F6F6D6764693A776179706F696E743E0A2020202020203C2F62706D6E64693A42504D4E456467653E0A2020202020203C62706D6E64693A42504D4E456467652062706D6E456C656D656E743D22666C6F7732222069643D2242504D4E456467655F666C6F7732223E0A20202020202020203C6F6D6764693A776179706F696E7420783D223331352E302220793D223136362E30223E3C2F6F6D6764693A776179706F696E743E0A20202020202020203C6F6D6764693A776179706F696E7420783D223336322E302220793D223136362E30223E3C2F6F6D6764693A776179706F696E743E0A2020202020203C2F62706D6E64693A42504D4E456467653E0A2020202020203C62706D6E64693A42504D4E456467652062706D6E456C656D656E743D22666C6F7733222069643D2242504D4E456467655F666C6F7733223E0A20202020202020203C6F6D6764693A776179706F696E7420783D223338322E302220793D223134362E30223E3C2F6F6D6764693A776179706F696E743E0A20202020202020203C6F6D6764693A776179706F696E7420783D223338322E302220793D2239392E30223E3C2F6F6D6764693A776179706F696E743E0A20202020202020203C6F6D6764693A776179706F696E7420783D223531322E302220793D2239392E30223E3C2F6F6D6764693A776179706F696E743E0A20202020202020203C62706D6E64693A42504D4E4C6162656C3E0A202020202020202020203C6F6D6764633A426F756E6473206865696768743D2231362E30222077696474683D223130302E302220783D223432302E302220793D2238312E30223E3C2F6F6D6764633A426F756E64733E0A20202020202020203C2F62706D6E64693A42504D4E4C6162656C3E0A2020202020203C2F62706D6E64693A42504D4E456467653E0A2020202020203C62706D6E64693A42504D4E456467652062706D6E456C656D656E743D22666C6F7734222069643D2242504D4E456467655F666C6F7734223E0A20202020202020203C6F6D6764693A776179706F696E7420783D223631372E302220793D2239392E30223E3C2F6F6D6764693A776179706F696E743E0A20202020202020203C6F6D6764693A776179706F696E7420783D223733372E302220793D2239392E30223E3C2F6F6D6764693A776179706F696E743E0A20202020202020203C6F6D6764693A776179706F696E7420783D223733372E302220793D223134392E30223E3C2F6F6D6764693A776179706F696E743E0A2020202020203C2F62706D6E64693A42504D4E456467653E0A2020202020203C62706D6E64693A42504D4E456467652062706D6E456C656D656E743D22666C6F7735222069643D2242504D4E456467655F666C6F7735223E0A20202020202020203C6F6D6764693A776179706F696E7420783D223338322E302220793D223138362E30223E3C2F6F6D6764693A776179706F696E743E0A20202020202020203C6F6D6764693A776179706F696E7420783D223338322E302220793D223232342E30223E3C2F6F6D6764693A776179706F696E743E0A20202020202020203C6F6D6764693A776179706F696E7420783D223531322E302220793D223232342E30223E3C2F6F6D6764693A776179706F696E743E0A20202020202020203C62706D6E64693A42504D4E4C6162656C3E0A202020202020202020203C6F6D6764633A426F756E6473206865696768743D2231362E30222077696474683D223130302E302220783D223432302E302220793D223232392E30223E3C2F6F6D6764633A426F756E64733E0A20202020202020203C2F62706D6E64693A42504D4E4C6162656C3E0A2020202020203C2F62706D6E64693A42504D4E456467653E0A2020202020203C62706D6E64693A42504D4E456467652062706D6E456C656D656E743D22666C6F7736222069643D2242504D4E456467655F666C6F7736223E0A20202020202020203C6F6D6764693A776179706F696E7420783D223631372E302220793D223232342E30223E3C2F6F6D6764693A776179706F696E743E0A20202020202020203C6F6D6764693A776179706F696E7420783D223733372E302220793D223232342E30223E3C2F6F6D6764693A776179706F696E743E0A20202020202020203C6F6D6764693A776179706F696E7420783D223733372E302220793D223138342E30223E3C2F6F6D6764693A776179706F696E743E0A2020202020203C2F62706D6E64693A42504D4E456467653E0A202020203C2F62706D6E64693A42504D4E506C616E653E0A20203C2F62706D6E64693A42504D4E4469616772616D3E0A3C2F646566696E6974696F6E733E, '0');
INSERT INTO `act_ge_bytearray` VALUES ('100003', '1', 'transfer.png', '100001', 0x89504E470D0A1A0A0000000D49484452000004E90000024208020000001AC804320000311D49444154789CEDDD6D8C5CD75D3FF02D41D52281BA88422CDE742A5E645F005ED10AFB0DCD0689EC22015D892859786156426A2D55A4114265056A5DD1180BD162F10F218136AC4081AD2A472B352D4B13275B70D225716C27AE93C98393496C271B3B4EC6F1D3781FBCF77F3DD30CD399DDD919EFC339B3F7F3D14FD63C9C7BE7DE393BF79CAF67E64E570200000071EB0ABD01000000B002D915000080D8C9AE000000C44E760500002076B22B000000B1935D010000889DEC0A000040EC64570000006227BB020000103BD915000080D8C9AE000000C44E760500002076B22B000000B1935D010000889DEC0A000040EC64570000006227BB020000103BD915000080D8C9AE000000C44E760500002076B22B000000B1935D010000889DEC0A000040EC64570000006227BB020000103BD915000080D8C9AE000000C44E760500002076B22B000000B1935D010000889DEC0A000040EC64570000006227BB020000103BD915000080D8C9AE000000C44E760500002076B22B000000B1935D010000889DEC0A000040EC64570000006227BB020000103BD915000080D8C9AE000000C44E760500002076B22B000000B1935D010000889DEC0A000040EC64570000006227BB020000103BD915000080D8C9AE000000C44E760500002076B22B000000B1935D010000889DEC0A000040EC64570000006227BB020000103BD915000080D8C9AE000000C44E760500002076B22B000000B1935D010000889DEC0A000040EC64570000006227BB020000103BD915000080D8C9AE000000C44E760500002076B22B000000B1935D010000889DEC0A000040EC6457007EA4542A8D8F8F0F0F0FF7F7F7E772B9AEAC4AF73D7D06868686C6C6C68AC562E86E0100AE915D01B866727232CD6C69707DF0C1071FDDBFFF95E3C7E7E6E7B359E9BEA7CFC0BE7DFB76ECD8913E2769820DDD390080EC0A9079C562716464646060E0C4C91373F373AAB6CEBC73264DB0E99333333313BAA30020D36457804C4B836B5F5FDF371EF8FADCFCAC5AAE1EFECEC3DBB66D2B140AA1BB0B00B24B7605C8B49191917270BDA29AD7A3FB1FB9F9E64F85EE2E00C82ED91520BB26272707066E9D5F28A956EA0B7FFE67BB777F2574A7014046C9AE0019552A9572B9DCC95385F985CBAA95BA70F1BDAD5B7F359FCF87EE3A00C822D91520A3C6C6C6464646E6172E55EB96C1DF69F157646A97CA54EDDEFD57A3A3A3A1BB0E00B248760532240D5DB5971B5DDFAA3AD4D0D0D0BE87BEF97FC1F5D681B792E4F5ABC9CBF3C9F3B3C9B3B3C9C10B0B7B1F7AEC7BA7CE3D3597FC6F2979AA941CB8943C7225F9FB03473FB3F3B3C16364907AE6D0745F5F5FE8AE03802CEAF8B917405BEA3267F5EA9259B44940DD04D9B5B7B7F7D8B1C3F30B172B95EED18524B9B8989C5B48DE9D4B2E25C99FFEC597BA7EE2A7B7DF3A746A3E39319B9CB892144AC92B0BC9B77EF06CF9ADD78B19AC0B17CF76777787EE3A00C8A28E9F7B01B4A53173367FC775B9BB364176EDE9E979E7ECA9F9850B954AF7E8D2D564F6EAB5BB1616AFFDFBEDEFFED72FFED22FFFE5DD5F5D4892F30BC9B9F9E4DDF9A498248F3CFD5C39BB5EC8666D82AE07804E64000632AAC5CF0C576E6CF2CDCF0DDFF03553CE9FE7AB955EBDB8909CBD9CCC5DFD518362B1F877F7DCFF95BFBDE7C49B33E9D5F9C564AE9C699F7CE6D9BA6533551DDDE900D0B90CC04046357E5A386BDF772DE7CFF7AB752DBB5E4DCE5C4ADEBE90CC27C9DCEC6CEF4D377575DDD0D5D57DDB1FECA85DF0E0A1C375CB66AA3641D70340273200035951F74E69BBD975B92FCA76AE72FE3C57ADCA6786CF5E4EDE3C9F9CBE921C3CF6EA8D37DE78C34F7EF8A73EF2D1E13FFCB1ECFAF43387EA96CD546D82AE07804E640006B2A536A936FF0070E38DCB5DEE50E5FC59AC567AF5F262F26EE9DAFBAE67AE24FB9FCEFFCAD64F7CF4E77FE1233D3F7BFFBF7EEB4A925C984D2ECD5E5BF0C0F4D375CB66AA3641D7034027320003D9D2EEFBAE9B3BBB2E2CBC57ADCA1EA5F1F5DC7CF2DE5CF2E6F9F9278F16B6FEDA276FF9ADDF3E3D9BBC5D4A4E9792B3B3499A5E0F3CF574DDB299AA4DD0F500D0890CC040B6AC26BBB6727B07A9CB9FFDB7DCFCDC0B2F1F3C9A9F3E927FE250FE89C32F3DF9DCF1C79F7AFE07475FFBEF432FFDCFA1179F38FCE2F4B32F1D7DF98D7BFFE981DBEFB83D7886945D0120530CC040B6B4FE99E1BAF62DDEDE41CAD9F5DDDAFADCE73EDBE48CCA55BF7FDB6D750B66AA3641D7034027320003D9E27DD7AA72763DABDAAD4DD0F500D0890CC040B62C17595B7FDFB5C99BB49DE55A76BDFA8E6AB73641D703402732000319528DA9EBD4BEB394B3EB19D56E6DD6BF0700889C0118C88ABAB3042FE7BADB779C72763DADDAAD8EEE7400E85C0660808C2A67D7B755BB25BB024010066080CD6C7A7A7AB9BBCAD975666DABF93A97BCB795CDA86DB362FBB61A5FDF3E6E640F0200150660804DEBF4E9D33333338542E1ECD9B3172F5EACBB779D725DAD5692EAC664D7E5B6477605804E610006D8CCDE7FFFFDEEEEEE5C2EB77FFFFE13274ED4DE55CE726F5D7735C4D4B7EA56B8E4FA1B6F6CB219D5BB6ADB34DFECC66DA86EDE5A95EC0A004118800136B37C3EDFDFDF5FC96F838383AFBFFEFAC993272B77A5B75CBDFAE62AABBA92BAB5B5BEF2262D975C795D66AE6B5FB9A5498335D9E5B07D0A00D9640006E2522A95A6A6A676EDDAD5FF815C2EB7D4F97D69C99E3D7B464747AB57BBBBBB272626D267B872F5EAD553ABACDA952CB9018DF73659C37277355E685CB07275C91B5B79ACB676B9FADF01B42B7D39575FDAE9CB7C7272B2582C863EEA00D0196457201669A01A1A1A4AC35565523BF58142A1107AD33AD8E38F3F9E3EAB95D8B073E7CE52A954BDABEB5A903BB99AAA5B43F56AE385E51659F296E55658FBEF720B2EB9FE5AABDCE5CA0A037668A74B5FCED59776FA321F1C1CECE9E9495FF2131313A1370D80D8198081F06666662AEFC398BFAEAD62599A0D7A7B7B5F7DF5D5BA7BCB41EEC46AEAC733E189EA0A1B2FD42EB2E22D8D77D5B669B2F28D29D975CD55FEDFAAAFAF2F9FCF87DE1600E2650006029B9C9C4C93553A790DBD219BD0952B574AA5D2CCCCCC92F796B3DF1BD75D1F44D61F5DAEDED2F03E67FD528D5797DB92DAD536AE61C9A59A7C5A75353B5BF7101BDC8F1971E4C89134BE8E8F8F87DE100022650006429A9898E8EFEFF785B720561FE71AB3EB8AF1B2DDECDAD8A095B8DBFAEDB26B544AA5D2F0F0F0D8D858E80D0120460660209842A1D0D7D727B886528E73AFAFA6AA6BA85CA8BB5A7BA16E91E5166CBEFEB616697279F57B1DBAEB36B334BEF6F7F74F4F4F87DE1000A263000682D9BE7DBB196A40D7E2DC626135555D43E5C2D29FD46D58A46EA9C6CB4D1E68C5C6CBAD73F53B5BBBAAD05DB7C9150A85DEDEDEDAF38A014022BB02A14C4C4C0C0D0D85DE8A4C2BC7B9D756533F9E515FABAEB0F142ED222B5E5EF281EA2EAFB8F1D566ABDFCDC63587EEBACDEFAEBBEEDABB776FE8AD00202E0660208CC1C1C1C9C9C9D05B9169E550F7EA6AAA6E0DD5AB8D17565CB6C5C6B56D966BFF415E6D76CB2AF73A74D76D7EF97CBEB7B737F456001017033010C0CCCCCC962D5B426F45D695E3DCF1B5AAC6B57D90185B6ADCCAED4B3E44DDC335D9A9B5DA5FD97563F84E0100750CC040003E301C8372967B45B55BB2EBC6F0B16100EA18808100CC4A6350CEAE2FAB764B76DD18FE870B803A06602080FEFEFEA9A9A9D05B9175B2ABEC1A335F7905A08E011808C037D9629066B0C5C59754BB25BB6E8C42A190CBE5426F05001131000301A453D274621A7A2BB2AE9C5D5F54ED96ECBA613CD500D4322A0001F4F4F4148BC5D05B9175E5EC9A57ED9640B5613CD500D4322A00019892C6A09C5D5F50ED96BFDE0DE3A906A096510108C0943406DDDDDD972F1F5E5C7C5EB555FE7A378CA71A805A4605200053D218E472B9D75EFBDEE2E231D556F9EBDD309E6A006A191580004C4963303838F89F93F72D263F54ADD70BF96FFBE1960DE34001402DA302108029690CF6ECD9333AFAC7C1D36067D5BF8CDD3D323212BAEBB2C28102805A4605200053D218140A85DEDE8F5F2E1D5C4C8EAA166B68E83727262642775D5638500050CBA80004604A1A895DD7EC5C4C9E53ADD47F8CFFCDF0F060E84ECB10070A006A191580004C4923512A95FAFB3F393DFD6F49F2AC6A5E3333FB7B7B3F5E2C1E08DD6919E24001402DA302108029693CF2F97C5FDF4DF9FC44921C51CB551A5CD3903F35F5F5D0DD952D0E1400D4322A0001989246657A7A3A8DAF7BF6FC49921C568D3531F1B5DEDEDCD4D43F87EEA8CC71A000A096510108C0943436A552697474A4BFFF1363635F9E997924490EA962F1FBE3E37F3D3C3C3034D49F5E0EDD4559E44001402DA302108029699CA6A6A646467E77CB969FEBA2ABABA7E76786876F4DE36BE86EC9AE2E070A006A181580004C49811539500050CBA80004604A0AACC88102805A46052000535260450E1400D4322A00019892022B72A000A096510108C094145891030500B58C0A4000A6A4C08A1C2800A86554000230250556E44001402DA30210802929B022070A006A191580004C49811539500050CBA80004604A0AACC88102805A46052000535260450E1400D4322A00019892022B72A000A096518128944AA5F1F1F1E1E1E1FEFEFE5C2ED79555E9BEA7CFC0D0D0D0D8D858B1580CDD2DEBA8CB94145889030500B58C0A843739399966B634B83EF8E0838FEEDFFFCAF1E373F3F3D9AC74DFD36760DFBE7D3B76EC489F9334C186EE9CF5624A0A2C697A7ABA582CCECCCC1C3972E4CB5FFE723A40140A85D9D9D9D0DB054078A68F84944E504646460606064E9C3C31373FA76AEBCC3B67D2049B3E39E91C2E7447AD3DD91558D25B6FBD95C6D75C2E978E0E69764DFF4D2F9F3B772EF47601109EE923C1A4C1B5AFAFEF1B0F7C7D6E7E562D570F7FE7E16DDBB6150A85D0DDB5C664576039EFBDF75E4F4F4FF5CB14BFFEEBBF1E7A8B008882E923C18C8C8C9483EB15D5BC1EDDFFC8CD377F2A7477AD31D91558CEE9D3A7EFB9E79E6A767DE38D37426F110051307D248CC9C9C981815BE7174AAA95FAC29FFFD9EEDD5F09DD696B4976059A78EBADB7FAFAFAD203C5E73FFFF9D0DB02402C4C1F09A0542AE572B993A70AF30B97552B75E1E27B5BB7FE6A3E9F0FDD756B4676059A989D9D7DE69967D203453A5E84DE16006261FA4800636363232323F30B97AA75CBE0EFB4F82B32B54B65AA76EFFEABD1D1D1D05DB7666457A0B937DE7863139F6B1D80EB60FA4800434343FB1EFAE6FF05D75B07DE4A92D7AF262FCF27CFCF26CFCE26072F2CEC7DE8B1EF9D3AF7D45CF2BFA5E4A95272E052F2C895E4EF0F1CFDCCCECF068F9141EA9943D37D7D7DA1BB6E6D54CE2FBDB97FC01658BDCD779A3A005643762580DEDEDE63C70ECF2F5CAC545757D78524B9B8989C5B48DE9D4B2E25C99FFEC597BA7EE2A7B7DF3A746A3E39319B9CB892144AC92B0BC9B77EF06CF9ADD78B19AC0B17CF76777787EEBA359046D69B6FBEF91B0F3CD0DFDF2FBE024DF8800600B58C0A6BAC542A4D4C4CECDAB56B6868A8FF03838383E92DE3E3E366EA153D3D3DEF9C3D35BF70A152E9ECE4D2D564F6EAB5BB1616AFFDFBEDEFFED72FFED22FFFE5DD5F5D4892F30BC9B9F9E4DDF9247DEE1E79FAB97276BD90CDDA04D3B84A703DF8CCA1B9F985F45FF115A8D5640C1D1B1BDB943F760D40EB3A7E2A1C8F74B84DC7D7EEEEEE74C44D47D97DFB1E7A74FF63957AF83BDFFDE217BF343C3C9C66B6EDDBB7FB024F397F9EAF567AF5E24272F6723277F5470DD23CF377F7DCFF95BFBDE7C49BD7662AF38BC95C39D33EF9CCB375CB66AA3A3DBBD606D74A89AF40453A86A6A3E78AA73CE8EBEBBBEFBEFB9CC009209B3A7B2A1C8923478EA4F3EF74D04D336A7552BE5C1D78E2C91D3BFE281D7DA7A6A6426F7830E5FCF97EB5AE65D7ABC9994BC9DB1792F924999B9DEDBDE9A6AEAE1BBABABA6FFB831DB50B1E3C74B86ED94C554767D7C6E02ABE02A97434DCBE7D7B8BA7EBABC8E57269D60DBDE1006CB40E9E0A4762CF9E3D69107D74FF632BA6D6BAF97A3A8FDFB9736736FFF3B89C3FCF55ABF299E1B3979337CF27A7AF24078FBD7AE38D37DEF0931FFEA98F7C74F80F7F2CBB3EFDCCA1BA6533559D9B5D970BAEE22B64593A028E8C8C34BEB3FA852FFC79ED6797D2FAE217BF34303050D7726868C8710320533A752A1C8374D01D1E1E1E1D1D6D2BB5D6D63FDC7B6F3A65CFE01778CAF9B358ADF4EAE5C5E4DDD2B5F75DCF5C49F63F9DFF95AD9FF8E8CFFFC2477A7EF6FE7FFDD69524B9309B5C9ABDB6E081E9A7EB96CD547568766D1E5CC557C8A674ECAB7BBBF5CE3B3FFFCAF1E34D0E1467DE399B8E9B5BB66CA97D03F6C89123A17705800DD29153E118A4C1351D74C7C7C7AF3BB8563F429CAE276B3F03904E381616DEAB562592A5F1F5DC7CF2DE5CF2E6F9F9278F16B6FEDA276FF9ADDF3E3D9BBC5D4A4E9792B3B3499A5E0F3CF574DDB299AA4ECCAEAD0457F115B2261DF5D2D8598DA0838383CD536B5D82FDE217BF545DB6BBBB7B7A7A3AF40E01B0113A6F2A1C89E1E1E1D507D7EA943D8DAF99FAF0705DFEECBFE5E6E75E78F9E0D1FCF491FC1387F24F1C7EE9C9E78E3FFED4F33F38FADA7F1F7AE97F0EBDF8C4E117A79F7DE9E8CB6FDCFB4F0FDC7EC7EDC133A4ECDAA2D683ABF80AD951F9CFDF6AF8BC7BF7EEEB183A1F7CF0DFD3D45A7DF735839F6002C8A00E9B0A4762CF9E3DABF9A87063EDDBF7D0D0D050E8DDDA38E5ECFA6E6D7DEE739F6DE5FC1CBF7FDB6D750B66AA3A2BBBB61B5CC557C888E1E1E1EA513D1DFE56F33FBF3D3D3D95F5A4C78DD0BB05C0BAEBA4A970248E1C39D2D7D7B786C1B5529FF9CC67EFBBEFBED03BB741CAD9F5AC6AB73A28BB5E5F70155F61D39B989858E53BAEB5F5F077BE5B5DDBDEBD7B43EF1C00EBAB63A6C2F14883EBF5CDC89BD78993A73EF6B15C463E397C2DBB5E7D47B55B9D925D1B836B3ABFBCE9A6DEE5BECF76E69DB35BB76EFDC6030F88AFB0E9A56368F53BAE6B327A56BFFBBA65CB968C8CA10099D51953E178547E3C7DCD836BA5EEBCF3F319F96FE372763DA3DAAD8EC8AE4B06D7CAD7D23EF6B15C637CAD04D7CAD4537C85CD6D7C7CBC7A82A513274FADC9D079FEC2C5EA9987EFBAEBAED0BB08C03AEA80A97054D2C974BB3FE5DAD65BAFE9001C7A17374239BB9E56ED56FCD9B54970ADA88BAFB5C1557C854D2F7D45575EE977DEF9F9351C3DD3E34665B53D3D3DA17711807514FB54382AE91C3A1D17D729B8566ADBB66D5938D77F39BBBEADDAADC8B36B6370AD7D3FA431BE3606D7C67763C457D834D21772F595BE566FBA562B3DB054D63C3535157A4701582F514F8563333636363232B2AED9F5EEDDBB47474743EFE8DA6812C2CBD975A6F56AB7FD752FD856FB161B2FD9ECFAF62854766DE5FF53963B3953ED89406BE3EBA1C387970CAE0F7FE7BB8D6B105F611348C7D0CA2B3D7D45AFF9E8F999CFFCE864F59B660C05A091ECDA869D3B77DE77DF7DEB9A5D1FDDFFD8E638D1FFE9D3A76766660A85C2D9B3672F5EBC5877EF7544CA25B5DEB2C922EB9D75AB6D6A1B7750766DDE9515CDCF2ABC647CFDF0873FDC4A70155F61D348C7D0CA8B7DF5A7175E72F4ACAC7CFBF6EDA1771480F522BBB661707070B9B9F55AD52BC78F7FEC63B9D03BBA36DE7FFFFD348DE472B9FDFBF79F3871A2F6AE72727BABC55AAE712B2B69EB81566CBF6230FE201E2FBDCEDABBDADDB0EA52B17565D2DACFE12C195F5B0CAEE22B6C0EE9185A79BDAFC7489A8E9E9595A747AAD03B0AC07A915DDBB04EBF8E535BE72F5C4C27F1A177746DE4F3F9EA6939D229CBEBAFBF7EF2E4C9CA5DE92D57AFBED94A2DD7B2C91A9A04A4EB7EB856EE6D6C53F7D07577B5BECEDAA562EBCAD67FC7B5497C5D31B88AAFB009547F1D679D46D2EA2125F48E02B05E1CE2DBB065CB96353FBDC492A36F352774B43D7BF68C8E8E56AFA6F9646262626A6AAA72F5EAD5532BD672CD5A5CBCAD96EBD7BEDAA6B671E5F2753C5C90BF8D265D9906D7D6CFBCFDF8D4F76FB8E186BA957FE8431F7AE0817F69710D9BE643F59041D533B72DF753CFABACEAFA43EF2800EBC521BE0DBDBDBD3F3C766C03B26BE81D5D1B8F3FFEF8D0D0506526B173E7CEDA9F8CEFBA96D94EB6522BC6AAB61A372ED2F8706BB83D75EBAC6DB3E2962CF7E8B175E5912347D2F87AE69DB32BFE612F7956E18A257FF775C935A4C1357DC4204F02B04AE9185A79C9AFD3485AFD39AED03B0AC07A71886FC3BAFEB86BA536CDF75D8B653D3D3DE964E5D5575FADBBB71CDB4EB452CD5BB6BE9ED61FABAD476C7EB5EEC6DA7BAF6FCB83CCC99A7765D25A7C6D125C5B8CAF822B74BAEAC746D663244D0F119595FB8957804D4C766DC3C8C8C8371E78605DB3EB81279EDCB66D5BE81D5D0357AE5C29954A3333334BDE5B4E6E6FB452752D9B5FADDEB8FC9BA22B3F56F366D7BD3D75F7B6FE0CD4AD6A83FB3159A92B2B9AC7D72583EB873EF4A1D6E3ABE00A9B403A86565EECFF70EFBD6B3E7AFEF0D8B1CACAFBFAFA42EF2800EB45766DC3DEBD7BEFBCF3F3EB9A5DD36CBC63C71F85DED175B7DED9B595555D77766D6EC9C68D1BD041D9B545CBC5D725836B7777F7DFFFBF7B96FCDDD7C6F82AB8C2E6B067CF9ECA2B3D1DE6D67CF4BC7BF7EECACA87878743EF2800EB25DEA970840A85422E975BD7EC3A3030303939197A47D75D39B9BDDE4AD5B56C7EB5F1C6E52EB7BED41A6E4FEB1BD3E4D143775D338DF175B9E05A39ABF092671EAE8BAF822B6C1AF97CBEF2324F5FF8E72F5C5CDBD1333DF854563E3636167A4701582F514F8523B4AEA76B4AC7F27444AF3D11CE66752DB92D165AA9DA9695CB8DB7ACB84893C6EDB6ACBBABF9D5BA1B5BDF98268F1EBAEB56D0185F77ECF8A325836BA51AE3EBC0C04075522BB8C22693CBE52AAFF47DFB1E5AC3D1B3FAE3AE293FA305B089C53E158ECDBA7E6CF8AB5FFB5ABAF2D0BBB811CAC9EDB5B6AA7691CA04A5C5455A69DCD860B945BA56D264E5D5ED69BCB1F5272174D7ADAC497C5DF2775C6BE3ABE00A9B5BF5D7B6B66EDDBA866FBDFEDEA73F5D59EDD0D050E85D04601D75C054382AA5522997CBADC7AFBCA6A3F8C73E966B7E469C4DA31CD85E6DB13EC884ADDEBEE45DCD1BB77E7BE36A5B5FA4761B1A2FB4F85484EEBA962C195F970CAEB5F15570854DAF582C567F85F5EEDDBBD764F43CF0C493D5FF3D74D000D8DC3A632A1C95F1F1F1DBEFB8C39BAEAB510E6CC757AC0FC2DE0A6DEADA3759A4EEAE15D7DF4A831517AFB659F2D15B7C2AAA8B84EEBA5635C6D734A036F9FBFFE1B163822B64C1DEBD7BAB1FC458FD8FE5BC72FC78350CEFDCB933F4CE01B0BE3A662A1C95DFFBF4A7D7F6BB3AE9C4BDF201AAD07BB641CA81ED15D56E7550764D5AFBDDD7C6125C61D3DBBE7D7B256DA6B1B3F90F3B37AF74D0AC9E0D2E5D55463EB80490659D34158E47B158DCB66DDB5A9DB4A9722ED674FC0EBD5B1BA79C5D5F56ED566765D7A4FDF82AB84216140A85EAB7DCD3CCD9FC4319CBD58993A7AAC1B5BBBB7B6A6A2AF46E01B0EE3A6C2A1C8F7C3E9FC6D7D5FC877175B2FE7B9FFEF4C3DFF96EE81DDA50B26B46B26BD24E7C155C213BD2A859FDDE449A3CFFE1DE7BDB1A3A0F3CF164F5A3C2A9BD7BF786DE21003642E74D85E3914EB2B76EDD9A8EA0D71D5C7F78EC581A80B3165C9372765D5C7C49B55B9D985D93D6E2ABE00A5933313151FB1359E978BADCE9DCEADE6EBDFD8E3BBA6A08AE00D9D19153E178148BC57452FEC52F7EA9DD2FF59DBF70F1AB5FFB5AE583C7A177228072767D51B55B1D9A5D9395E2ABE00AD994CFE77B7B7B6B83689A60D321B5F12B396964FD877BEF1D1818A86D9C465F1F1506C8944E9D0AC7A3542AA503ED4D37F5A659B4C55FABFBC6030FA4EDEFBCF3F3E9943DF4E68751CEAE79D56E756E764D968FAF822B6459B158DCB56B57777777D752B66DDBB6DC5DC3C3C34ECE0490351D3C158E4A3A82DE75D75D3D3D3DBFF7E94FA7D1B4F1CC13E92D0F3EF8EFB7DF7147DA66C78E3F2A140AA13739A472767D41B55B1D9D5D93A5E2ABE00A24E53174646464C98CDA283D684C4F4F87DE640002E8ECA9706C4AA5D2C4C4443A00574F7E58FB39A834B88E8F8F178BC5D09B195E7777F7E5CB8717179F576D55A767D7E4C7E3ABE00AD44AC7D074944CC7D0BEBEBEBA313497CB0D0D0DDD77DF7DDE6B05C8B28E9F0AD389D259C86BAF7D6F71F1986AAB3641764D3E88AFAF1C3F2EB802CDA53936F426001091CD3015A6E30C0E0EFEE7E47D8BC90F55EBF542FEDBBDBDBDA1BB6E6DA4913597CB09AE4013CF3DF7DCD8D858E8AD002022B22B01ECD9B36774F48F83A7C1CEAA7F19BB7B33BD05B199F605580FFFF88FFF98CFE7E7E7E7436F0800B1905D09A05028F4F67EFC72E9E0627254B5584343BF39313111BAEBD6CCE6F8FC33B04EBEF9CD6FA623457777F7DB6FBF1D7A5B008885E92361ECBA66E762F29C6AA5FE63FC6F8687074377DA5A925D81E5148BC5C9C9C9A1A1A1F440F1A94F7D6A6E6E2EF416011005D347C228954AFDFD9F9C9EFEB724795635AF9999FDBDBD1F2F160F84EEB4B524BB02CBB9FFFEFBD3EC5A3DC9F0638F3D167A8B008882E923C1E4F3F9BEBE9BF2F9892439A296AB34B8A6217F6AEAEBA1BB6B8DC9AEC0928AC5623A3AF4F6F656B3EB962D5B7CEB1580447625ACE9E9E934BEEED9F32749725835D6C4C4D77A7B735353FF1CBAA3D69EEC0A2CE9E0C183478E1C490F11BFF11BBFD1DFDF9F06D7F4F2E9D3A7436F1700E1993E1258A9541A1D1DE9EFFFC4D8D89767661E499243AA58FCFEF8F85F0F0F0F0C0DF5A7974377D1BA905D81259D3F7FBEFA2EEBD4D454521E26AE5EBD1A729B008883E923514827282323BFBB65CBCF75D1D5D5D3F333C3C3B7A6F13574B7ACA32ED9155889030500B58C0A4000A6A4C08A1C2800A86554000230250556E44001402DA30210802929B022070A006A191580004C49E3542A95C6C7C7878787FBFBFB73B95CA8AF7C0797EE7BFA0C0C0D0D8D8D8D158BC5D0DD925D5D0E1400D4302A000198924668727232CD6C69707DF0C1071FDDBFFF95E3C7E7E6E7B359E9BEA7CFC0BE7DFB76ECD8913E2769820DDD3919E54001402DA30210802969548AC5E2C8C8C8C0C0C0899327E6E6E7546D9D79E74C9A60D327676666267447658E030500B58C0A4000A6A4F148836B5F5FDF371EF8FADCFCAC5AAE1EFECEC3DBB66D2B140AA1BB2B5B1C2800A86554000230258DC7C8C84839B85E51CDEBD1FD8FDC7CF3A7427757B638500050CBA80004604A1A89C9C9C981815BE7174AAA95FAC29FFFD9EEDD5F09DD6919E24001402DA302108029690C4AA5522E973B79AA30BF7059B552172EBEB775EBAFE6F3F9D05D97150E1400D4322A00019892C6606C6C6C6464647EE152B56E19FC9D167F45A676A94CD5EEDD7F353A3A1ABAEBB2C28102805A4605200053D2180C0D0DED7BE89BFF175C6F1D782B495EBF9ABC3C9F3C3F9B3C3B9B1CBCB0B0F7A1C7BE77EADC5373C9FF9692A74AC9814BC9235792BF3F70F4333B3F1B3C4606A9670E4DF7F5F585EEBAAC70A000A096510108C0943406BDBDBDC78E1D9E5FB858A9B4532E24C9C5C5E4DC42F2EE5C722949FEF42FBED4F5133FBDFDD6A153F3C989D9E4C495A4504A5E5948BEF58367CB6FBD5ECC605DB878B6BBBB3B74D76585030500B58C0A4000A6A431E8E9E979E7ECA9F9850B954A3BE5D2D564F6EAB5BB1616AFFDFBEDEFFED72FFED22FFFE5DD5F5D4892F30BC9B9F9E4DDF9A498248F3CFD5C39BB5EC866F9EBDD309E6A006A191580004C496350CE9FE7AB955EBDB8909CBD9CCC5DFD518362B1F877F7DCFF95BFBDE7C49B33E9D5F9C564AE9C699F7CE6D9BA653355FE7A378CA71A805A46052080EEEEEE52A9147A2BB2AE9C3FDFAFD6B5EC7A3539732979FB42329F2473B3B3BD37DDD4D575435757F76D7FB0A376C183870ED72D9BA912A8368CA71A805A460520805C2E572814426F45D695F3E7B96A553E337CF672F2E6F9E4F495E4E0B1576FBCF1C61B7EF2C33FF5918F0EFFE18F65D7A79F3954B76CA64AA0DA309E6A006A19158000FAFAFA8E1C39127A2BB2AE9C3F8BD54AAF5E5E4CDE2D5D7BDFF5CC9564FFD3F95FD9FA898FFEFC2F7CA4E767EFFFD76F5D49920BB3C9A5D96B0B1E987EBA6ED94C9540B531666666B66CD9127A2B008888011808A0BFBF7F6A6A2AF456645D9AC11616DEAB562592A5F1F5DC7CF2DE5CF2E6F9F9278F16B6FEDA276FF9ADDF3E3D9BBC5D4A4E9792B3B3499A5E0F3CF574DDB2992AD97563140A855C2E177A2B008888011808606464646C6C2CF456645D5DFEECBFE5E6E75E78F9E0D1FCF491FC1387F24F1C7EE9C9E78E3FFED4F33F38FADA7F1F7AE97F0EBDF8C4E117A79F7DE9E8CB6FDCFB4F0FDC7EC7EDC133A4ECBAB94D4E4E0E0E0E86DE0A00226200060248836B1A5F436F45D695B3EBBBB5F5B9CF7DB6AB05BF7FDB6D750B66AA64D78DB1AB2CF456001011033010403E9FEFEDED0DBD155957CEAE6755BB25BB6E8CC1C1C1C9C9C9D05B0140440CC040184ED714DCB5EC7AF51DD56EC9AE1B6066662697CBF9252D006A19808130F6EEDD7BD75D7785DE8A4C2B67D733AADD925D3780E303008D0CC04018A5522997CBCDCCCC84DE90EC2A67D7D3AADD925DD79B8303004B320003C14C4D4DF5F7F787DE8AEC2A67D7B755BB25BBAE37E721076049066020A45DBB76F964E0BA9A9E9E5EEEAE72769D59C35A71854B3658F3CD58EF925DD7D5DEBD7B77EEDC197A2B0088910118086C7474747070B0582C86DE904DE8F4E9D33333338542E1ECD9B3172F5EACBB77E3B36B6D9B257F7DA7C90A576CBCDC3A575C4A768D44A9541A1919115C01588E0118086F72723297CBEDDAB5CB37DCD6DCFBEFBFDFDDDD9D3EBDFBF7EF3F71E244ED5DE520F7D66AAA85A0B8C4222BDEB2E4BD75CD5A5C79BB0D5ADCEB50BDB959158BC5BD7BF7A67FA53E2A0C40130660200AE9E435CDAEE9E475707030BD303535157A8B36897C3EDFDFDF5F4992E973FBFAEBAF9F3C79B272577ACBD5AB6FAEA6EAD6D0FC6AE3B28D9A3C445B8D5BDCE0EBDEEBB07DBA69A42FF33D7BF60C0D0DA52FFCBBEEBACB7F5D01D09C01188848A9549A9C9C4CB36B356EB14A6936181D1DAD5EEDEEEE9E9898483343E5EAD5ABA75653756B687EB5C5955CDF63D5DDD8F83CB4F5582B6E89BFCF35913E8DE91F67FA07E92B0300B4427605D8CC1E7FFCF1A1A1A14A54D8B97367A954AADED5752DC89D5C4DD5AD61C5AB15B5971B3579AC155B566F5C6E4B56BFCB959504EC5000C82C0330C0A6552CEBE9E9E9EDED7DF5D557EBEE2D07B913ABA915DF585B729176575EBB60EDE28DABAA6BBCE2EDD7BDD7417A130032CE000CB0695DB972A5542A2DF735C272907B633555B786E657EB6E5C26EB366B5F7BA1C5C6CD6FBFEEBDDEE07E040012D91520B38267D7E66B6BD27EB92D975D016013330003645439C8BDBE9AAA5B43F3AB75372EF3BE6BB3F68D575B5F7993A5AE63AF43771D0064910118C8AE1543486D8325B3D61A3ED6C6BB16E4160BABA9259F931F4B8C4B2D525D70C9BB96BBB1719116D7D0568316F73A74D7014016198081EC6A2584D4B5A95E5D72D9262B8C30F09483DC6BABA9BA3534BF5ABDB172FB325977D98768BCB7955BDA6DD0E25E87EE3A00C822033090212BBE4FB8E4224BAEA4C943B4757B40E520F7EA1A562B2BACB6696CBCDC2DAD6FE78AFDBB26BB1C6157024016188081EC6A2B84B49575DB8AC7A19483DCF135ACB65658DBB82658AED060A92CDAC606ACC92E47D58900901D066020BBDACDAECB5D58F3C7DA18E520F78A6AB722EC4A00C8020330905DCD4348DD3BA5ED66D7AE65BE281B8F72767D59B55B1176250064810118C88A269F3B6DF299DEDAA4DABC71E38DCB5D8E84EC2ABB02400731000319B55C586D6CB6E28525DB37B91C89749316175F52ED56845D090059600006B2A8EB83332A252D7FF4F73AB26B2BB70754CEAE2FAA762BC2AE04802C30000399D3D637575BFFCC70F355451878CAD935AFDAAD08BB1200B2C0000C644BBB9FE9DDECEFBBBEA0DAAD08BB1200B2C0000C64C59267576ADE20593EB2B6FEBE6B8B5FACDD78DDDDDD972F1F5E5C7C5EB5551176250064810118C8AE164FD4D47A5669B77D58B95CEEB5D7BEB7B8784CB5559DD2BF00B0C9188081EC6AF12C4D49D3DFD7B9EEF6C10D0E0EFEE7E47D8BC90F55EBF542FEDBBDBDBDA1BB0E00B228A25914001B69CF9E3DA3A37F1C3C0D7656FDCBD8DD232323A1BB0E00B2487605C8A842A1D0DBFBF1CBA5838BC951D5620D0DFDE6C4C444E8AE03802C925D01B26BD7353B1793E7542BF51FE37F333C3C18BAD30020A3645780EC2A954AFDFD9F9C9EFEB724795635AF9999FDBDBD1F2F160F84EE3400C828D91520D3F2F97C5FDF4DF9FC44921C51CB551A5CD3903F35F5F5D0DD0500D925BB0264DDF4F4741A5FF7ECF9932439AC1A6B62E26BBDBDB9A9A97F0EDD51009069B22B00D73E3C3C3A3AD2DFFF89B1B12FCFCC3C92248754B1F8FDF1F1BF1E1E1E181AEA4F2F87EE2200C83AD915801F999A9A1A19F9DD2D5B7EAEC9EFD366474FCFCF0C0FDF9AC6D7D0DD02005C23BB020000103BD915000080D8C9AE000000C44E760500002076B22B000000B1935D010000889DEC0A000040EC64570000006227BB020000103BD915000080D8C9AE000000C44E760500002076B22B000000B1935D010000889DEC0A000040EC64570000006227BB020000103BD915000080D8C9AE000000C44E760500002076B22B000000B1935D010000889DEC0A000040EC64570000006227BB020000103BD915000080D8C9AE000000C44E760500002076B22B000000B1935D010000889DEC0A000040EC64570000006227BB020000103BD915000080D8C9AE000000C44E760500002076B22B000000B1935D010000889DEC0A000040EC64570000006227BB020000103BD915000080D8C9AE000000C44E760500002076B22B000000B1935D010000889DEC0A000040EC64570000006227BB020000103BD915000080D8C9AE000000C44E760500002076B22B000000B1935D010000889DEC0A000040EC64570000006227BB020000103BD915000080D8C9AE000000C44E760500002076B22B000000B1935D010000889DEC0A000040EC64570000006227BB020000103BD915000080D8C9AE000000C44E760500002076B22B000000B1935D010000889DEC0A000040EC64570000006227BB020000103BD915000080D8C9AE000000C44E760500002076B22B000000B1935D010000889DEC0A000040EC64570000006227BB020000103BD915000080D8C9AE000000C44E760500002076B22B000000B1935D010000889DEC0A000040EC64570000006227BB020000103BD915000080D8C9AE000000C44E760500002076B22B000000B1935D010000889DEC0A000040EC64570000006227BB020000103BD915000080D8C9AE000000C44E760500002076B22B000000B1935D010000889DEC0A000040EC64570000006227BB020000103BD915000080D8C9AE000000C44E760500002076B22B000000B1935D010000889DEC0A000040EC64570000006227BB020000103BD915000080D8C9AE000000C44E760500002076B22B000000B1935D010000889DEC0A000040EC64570000006227BB020000103BD915000080D8C9AE000000C44E760500002076B22B000000B1935D010000889DEC0A000040EC64570000006227BB020000103BD915000080D8C9AE000000C44E760500002076B22B000000B1935D010000889DEC0A000040EC64570000006227BB020000103BD915000080D8C9AE000000C44E760500002076B22B000000B1935D010000889DEC0A000040EC64570000006227BB020000103BD915000080D8C9AE000000C44E760500002076B22B000000B1935D010000889DEC0A000040EC64570000006227BB020000103BD915000080D8C9AE000000C44E760500002076B22B000000B1935D010000889DEC0A000040EC64570000006227BB020000103BD915000080D8C9AE000000C44E760500002076B22B000000B1935D010000889DEC0A000040EC64570000006227BB020000103BD915000080D8C9AE000000C44E760500002076B22B000000B1935D010000889DEC0A000040EC64570000006227BB020000103BD915000080D8C9AE000000C44E760500002076B22B000000B1935D010000889DEC0A000040EC64570000006227BB020000103BD915000080D8C9AE000000C44E760500002076B22B000000B1935D010000889DEC0A000040EC64570000006227BB020000103BD915000080D8C9AE000000C44E760500002076B22B000000B1935D010000889DEC0A000040EC64570000006227BB020000103BD915000080D8C9AE000000C44E760500002076B22B000000B1935D010000889DEC0A000040EC64570000006227BB020000103BD915000080D8C9AE000000C44E760500002076B22B000000B1935D010000889DEC0A000040EC64570000006227BB020000103BD915000080D8C9AE000000C44E760500002076B22B000000B1935D010000889DEC0A000040EC64570000006227BB020000103BD915000080D8C9AE000000C44E760500002076B22B000000B1935D010000889DEC0A000040EC64570000006227BB020000103BD915000080D8C9AE000000C44E760500002076B22B000000B1935D010000889DEC0A000040EC64570000006227BB020000103BD915000080D8C9AE000000C44E760500002076B22B000000B1935D010000889DEC0A000040EC64570000006227BB020000103BD915000080D8C9AE000000C44E760500002076B22B000000B1935D010000889DEC0A000040EC64570000006227BB020000103BD915000080D8C9AE000000C44E760500002076B22B000000B1935D010000889DEC0A000040EC64570000006227BB020000103BD915000080D8C9AE000000C44E760500002076B22B000000B1935D010000889DEC0A000040EC64570000006227BB020000103BD915000080D8C9AE000000C44E760500002076B22B000000B1935D010000889DEC0A000040EC64570000006227BB020000103BD915000080D8C9AE000000C44E760500002076B22B000000B1935D010000889DEC0A000040EC64570000006227BB020000103BD915000080D8C9AE000000C44E760500002076B22B000000B1935D010000889DEC0A000040EC64570000006227BB020000103BD915000080D8C9AE000000C44E760500002076B22B000000B1935D010000889DEC0A000040EC64570000006227BB020000103BD915000080D8C9AE000000C44E760500002076B22B000000B1935D010000889DEC0A000040EC64570000006227BB020000103BD915000080D8C9AE000000C44E760500002076B22B000000B1935D010000889DEC0A000040EC64570000006227BB020000103BD915000080D8C9AE000000C44E760500002076B22B000000B1935D01000088DDFF07778659DD588937960000000049454E44AE426082, '0');
INSERT INTO `act_ge_bytearray` VALUES ('112502', '1', 'transfer.bpmn', '112501', 0x3C3F786D6C2076657273696F6E3D22312E302220656E636F64696E673D225554462D38223F3E0A3C646566696E6974696F6E7320786D6C6E733D22687474703A2F2F7777772E6F6D672E6F72672F737065632F42504D4E2F32303130303532342F4D4F44454C2220786D6C6E733A7873693D22687474703A2F2F7777772E77332E6F72672F323030312F584D4C536368656D612D696E7374616E63652220786D6C6E733A7873643D22687474703A2F2F7777772E77332E6F72672F323030312F584D4C536368656D612220786D6C6E733A61637469766974693D22687474703A2F2F61637469766974692E6F72672F62706D6E2220786D6C6E733A62706D6E64693D22687474703A2F2F7777772E6F6D672E6F72672F737065632F42504D4E2F32303130303532342F44492220786D6C6E733A6F6D6764633D22687474703A2F2F7777772E6F6D672E6F72672F737065632F44442F32303130303532342F44432220786D6C6E733A6F6D6764693D22687474703A2F2F7777772E6F6D672E6F72672F737065632F44442F32303130303532342F44492220747970654C616E67756167653D22687474703A2F2F7777772E77332E6F72672F323030312F584D4C536368656D61222065787072657373696F6E4C616E67756167653D22687474703A2F2F7777772E77332E6F72672F313939392F585061746822207461726765744E616D6573706163653D22687474703A2F2F7777772E61637469766974692E6F72672F74657374223E0A20203C70726F636573732069643D227472616E7366657222206E616D653D22E8B083E8B4A7E6B581E7A88B2220697345786563757461626C653D2274727565223E0A202020203C73746172744576656E742069643D2273746172746576656E743122206E616D653D225374617274223E3C2F73746172744576656E743E0A202020203C757365725461736B2069643D227072696E636970616C417564697422206E616D653D22E8B49FE8B4A3E4BABAE5AEA1E689B9222061637469766974693A61737369676E65653D22247B726563656976657249647D223E0A2020202020203C657874656E73696F6E456C656D656E74733E0A20202020202020203C61637469766974693A7461736B4C697374656E6572206576656E743D22636F6D706C657465222064656C656761746545787072657373696F6E3D22247B7072696E636970616C41756469747D223E3C2F61637469766974693A7461736B4C697374656E65723E0A2020202020203C2F657874656E73696F6E456C656D656E74733E0A202020203C2F757365725461736B3E0A202020203C73657175656E6365466C6F772069643D22666C6F77312220736F757263655265663D2273746172746576656E743122207461726765745265663D227072696E636970616C4175646974223E3C2F73657175656E6365466C6F773E0A202020203C6578636C7573697665476174657761792069643D226578636C7573697665676174657761793122206E616D653D224578636C75736976652047617465776179223E3C2F6578636C7573697665476174657761793E0A202020203C73657175656E6365466C6F772069643D22666C6F77322220736F757263655265663D227072696E636970616C417564697422207461726765745265663D226578636C75736976656761746577617931223E3C2F73657175656E6365466C6F773E0A202020203C757365725461736B2069643D22636F6E6669726D5265636569707422206E616D653D22E7A1AEE8AEA4E694B6E8B4A7222061637469766974693A61737369676E65653D22247B6170706C7949647D223E0A2020202020203C657874656E73696F6E456C656D656E74733E0A20202020202020203C61637469766974693A7461736B4C697374656E6572206576656E743D22636F6D706C657465222064656C656761746545787072657373696F6E3D22247B7472616E73666572456E647D223E3C2F61637469766974693A7461736B4C697374656E65723E0A2020202020203C2F657874656E73696F6E456C656D656E74733E0A202020203C2F757365725461736B3E0A202020203C73657175656E6365466C6F772069643D22666C6F773322206E616D653D22E9809AE8BF872220736F757263655265663D226578636C7573697665676174657761793122207461726765745265663D22696E666F726D223E0A2020202020203C636F6E646974696F6E45787072657373696F6E207873693A747970653D2274466F726D616C45787072657373696F6E223E3C215B43444154415B247B706173737D5D5D3E3C2F636F6E646974696F6E45787072657373696F6E3E0A202020203C2F73657175656E6365466C6F773E0A202020203C656E644576656E742069643D22656E646576656E743122206E616D653D22456E64223E3C2F656E644576656E743E0A202020203C757365725461736B2069643D2272656A656374696F6E22206E616D653D22E794B3E8AFB7E98080E59B9E222061637469766974693A61737369676E65653D22247B6170706C6963616E7449647D223E0A2020202020203C657874656E73696F6E456C656D656E74733E0A20202020202020203C61637469766974693A7461736B4C697374656E6572206576656E743D22636F6D706C657465222064656C656761746545787072657373696F6E3D22247B7472616E73666572456E647D223E3C2F61637469766974693A7461736B4C697374656E65723E0A2020202020203C2F657874656E73696F6E456C656D656E74733E0A202020203C2F757365725461736B3E0A202020203C73657175656E6365466C6F772069643D22666C6F773522206E616D653D22E69CAAE9809AE8BF872220736F757263655265663D226578636C7573697665676174657761793122207461726765745265663D2272656A656374696F6E223E0A2020202020203C636F6E646974696F6E45787072657373696F6E207873693A747970653D2274466F726D616C45787072657373696F6E223E3C215B43444154415B247B21706173737D5D5D3E3C2F636F6E646974696F6E45787072657373696F6E3E0A202020203C2F73657175656E6365466C6F773E0A202020203C73657175656E6365466C6F772069643D22666C6F77362220736F757263655265663D2272656A656374696F6E22207461726765745265663D22656E646576656E7431223E3C2F73657175656E6365466C6F773E0A202020203C757365725461736B2069643D22696E666F726D22206E616D653D22E9809AE79FA5E58F96E8B4A7222061637469766974693A61737369676E65653D22247B676F6F6446726F6D49647D223E0A2020202020203C657874656E73696F6E456C656D656E74733E0A20202020202020203C61637469766974693A7461736B4C697374656E6572206576656E743D22636F6D706C657465222064656C656761746545787072657373696F6E3D22247B696E666F726D4B6565706572456E644C697374656E65727D223E3C2F61637469766974693A7461736B4C697374656E65723E0A2020202020203C2F657874656E73696F6E456C656D656E74733E0A202020203C2F757365725461736B3E0A202020203C73657175656E6365466C6F772069643D22666C6F77372220736F757263655265663D22696E666F726D22207461726765745265663D22636F6E6669726D52656365697074223E3C2F73657175656E6365466C6F773E0A202020203C6578636C7573697665476174657761792069643D226578636C7573697665676174657761793222206E616D653D224578636C75736976652047617465776179223E3C2F6578636C7573697665476174657761793E0A202020203C73657175656E6365466C6F772069643D22666C6F77382220736F757263655265663D22636F6E6669726D5265636569707422207461726765745265663D226578636C75736976656761746577617932223E3C2F73657175656E6365466C6F773E0A202020203C73657175656E6365466C6F772069643D22666C6F773922206E616D653D22E694B6E8B4A7E9809AE8BF872220736F757263655265663D226578636C7573697665676174657761793222207461726765745265663D22656E646576656E7431223E0A2020202020203C636F6E646974696F6E45787072657373696F6E207873693A747970653D2274466F726D616C45787072657373696F6E223E3C215B43444154415B247B6578616D696E6174696F6E506173737D5D5D3E3C2F636F6E646974696F6E45787072657373696F6E3E0A202020203C2F73657175656E6365466C6F773E0A202020203C73657175656E6365466C6F772069643D22666C6F77313022206E616D653D22E694B6E8B4A7E69CAAE9809AE8BF872220736F757263655265663D226578636C7573697665676174657761793222207461726765745265663D22696E666F726D223E0A2020202020203C636F6E646974696F6E45787072657373696F6E207873693A747970653D2274466F726D616C45787072657373696F6E223E3C215B43444154415B247B216578616D696E6174696F6E506173737D5D5D3E3C2F636F6E646974696F6E45787072657373696F6E3E0A202020203C2F73657175656E6365466C6F773E0A20203C2F70726F636573733E0A20203C62706D6E64693A42504D4E4469616772616D2069643D2242504D4E4469616772616D5F7472616E73666572223E0A202020203C62706D6E64693A42504D4E506C616E652062706D6E456C656D656E743D227472616E73666572222069643D2242504D4E506C616E655F7472616E73666572223E0A2020202020203C62706D6E64693A42504D4E53686170652062706D6E456C656D656E743D2273746172746576656E7431222069643D2242504D4E53686170655F73746172746576656E7431223E0A20202020202020203C6F6D6764633A426F756E6473206865696768743D2233352E30222077696474683D2233352E302220783D223130302E302220793D223134392E30223E3C2F6F6D6764633A426F756E64733E0A2020202020203C2F62706D6E64693A42504D4E53686170653E0A2020202020203C62706D6E64693A42504D4E53686170652062706D6E456C656D656E743D227072696E636970616C4175646974222069643D2242504D4E53686170655F7072696E636970616C4175646974223E0A20202020202020203C6F6D6764633A426F756E6473206865696768743D2235352E30222077696474683D223130352E302220783D223231302E302220793D223133392E30223E3C2F6F6D6764633A426F756E64733E0A2020202020203C2F62706D6E64693A42504D4E53686170653E0A2020202020203C62706D6E64693A42504D4E53686170652062706D6E456C656D656E743D226578636C75736976656761746577617931222069643D2242504D4E53686170655F6578636C75736976656761746577617931223E0A20202020202020203C6F6D6764633A426F756E6473206865696768743D2234302E30222077696474683D2234302E302220783D223336322E302220793D223134362E30223E3C2F6F6D6764633A426F756E64733E0A2020202020203C2F62706D6E64693A42504D4E53686170653E0A2020202020203C62706D6E64693A42504D4E53686170652062706D6E456C656D656E743D22636F6E6669726D52656365697074222069643D2242504D4E53686170655F636F6E6669726D52656365697074223E0A20202020202020203C6F6D6764633A426F756E6473206865696768743D2235352E30222077696474683D223130352E302220783D223638332E302220793D2237322E30223E3C2F6F6D6764633A426F756E64733E0A2020202020203C2F62706D6E64693A42504D4E53686170653E0A2020202020203C62706D6E64693A42504D4E53686170652062706D6E456C656D656E743D22656E646576656E7431222069643D2242504D4E53686170655F656E646576656E7431223E0A20202020202020203C6F6D6764633A426F756E6473206865696768743D2233352E30222077696474683D2233352E302220783D223731382E302220793D223235352E30223E3C2F6F6D6764633A426F756E64733E0A2020202020203C2F62706D6E64693A42504D4E53686170653E0A2020202020203C62706D6E64693A42504D4E53686170652062706D6E456C656D656E743D2272656A656374696F6E222069643D2242504D4E53686170655F72656A656374696F6E223E0A20202020202020203C6F6D6764633A426F756E6473206865696768743D2235352E30222077696474683D223130352E302220783D223531302E302220793D223234352E30223E3C2F6F6D6764633A426F756E64733E0A2020202020203C2F62706D6E64693A42504D4E53686170653E0A2020202020203C62706D6E64693A42504D4E53686170652062706D6E456C656D656E743D22696E666F726D222069643D2242504D4E53686170655F696E666F726D223E0A20202020202020203C6F6D6764633A426F756E6473206865696768743D2235352E30222077696474683D223130352E302220783D223436302E302220793D2237322E30223E3C2F6F6D6764633A426F756E64733E0A2020202020203C2F62706D6E64693A42504D4E53686170653E0A2020202020203C62706D6E64693A42504D4E53686170652062706D6E456C656D656E743D226578636C75736976656761746577617932222069643D2242504D4E53686170655F6578636C75736976656761746577617932223E0A20202020202020203C6F6D6764633A426F756E6473206865696768743D2234302E30222077696474683D2234302E302220783D223731352E302220793D223136362E30223E3C2F6F6D6764633A426F756E64733E0A2020202020203C2F62706D6E64693A42504D4E53686170653E0A2020202020203C62706D6E64693A42504D4E456467652062706D6E456C656D656E743D22666C6F7731222069643D2242504D4E456467655F666C6F7731223E0A20202020202020203C6F6D6764693A776179706F696E7420783D223133352E302220793D223136362E30223E3C2F6F6D6764693A776179706F696E743E0A20202020202020203C6F6D6764693A776179706F696E7420783D223231302E302220793D223136362E30223E3C2F6F6D6764693A776179706F696E743E0A2020202020203C2F62706D6E64693A42504D4E456467653E0A2020202020203C62706D6E64693A42504D4E456467652062706D6E456C656D656E743D22666C6F7732222069643D2242504D4E456467655F666C6F7732223E0A20202020202020203C6F6D6764693A776179706F696E7420783D223331352E302220793D223136362E30223E3C2F6F6D6764693A776179706F696E743E0A20202020202020203C6F6D6764693A776179706F696E7420783D223336322E302220793D223136362E30223E3C2F6F6D6764693A776179706F696E743E0A2020202020203C2F62706D6E64693A42504D4E456467653E0A2020202020203C62706D6E64693A42504D4E456467652062706D6E456C656D656E743D22666C6F7733222069643D2242504D4E456467655F666C6F7733223E0A20202020202020203C6F6D6764693A776179706F696E7420783D223338322E302220793D223134362E30223E3C2F6F6D6764693A776179706F696E743E0A20202020202020203C6F6D6764693A776179706F696E7420783D223338322E302220793D2239392E30223E3C2F6F6D6764693A776179706F696E743E0A20202020202020203C6F6D6764693A776179706F696E7420783D223436302E302220793D2239392E30223E3C2F6F6D6764693A776179706F696E743E0A20202020202020203C62706D6E64693A42504D4E4C6162656C3E0A202020202020202020203C6F6D6764633A426F756E6473206865696768743D2231362E30222077696474683D2233322E302220783D223432302E302220793D2238312E30223E3C2F6F6D6764633A426F756E64733E0A20202020202020203C2F62706D6E64693A42504D4E4C6162656C3E0A2020202020203C2F62706D6E64693A42504D4E456467653E0A2020202020203C62706D6E64693A42504D4E456467652062706D6E456C656D656E743D22666C6F7735222069643D2242504D4E456467655F666C6F7735223E0A20202020202020203C6F6D6764693A776179706F696E7420783D223338322E302220793D223138362E30223E3C2F6F6D6764693A776179706F696E743E0A20202020202020203C6F6D6764693A776179706F696E7420783D223338322E302220793D223237322E30223E3C2F6F6D6764693A776179706F696E743E0A20202020202020203C6F6D6764693A776179706F696E7420783D223531302E302220793D223237322E30223E3C2F6F6D6764693A776179706F696E743E0A20202020202020203C62706D6E64693A42504D4E4C6162656C3E0A202020202020202020203C6F6D6764633A426F756E6473206865696768743D2231362E30222077696474683D2234382E302220783D223432302E302220793D223232392E30223E3C2F6F6D6764633A426F756E64733E0A20202020202020203C2F62706D6E64693A42504D4E4C6162656C3E0A2020202020203C2F62706D6E64693A42504D4E456467653E0A2020202020203C62706D6E64693A42504D4E456467652062706D6E456C656D656E743D22666C6F7736222069643D2242504D4E456467655F666C6F7736223E0A20202020202020203C6F6D6764693A776179706F696E7420783D223631352E302220793D223237322E30223E3C2F6F6D6764693A776179706F696E743E0A20202020202020203C6F6D6764693A776179706F696E7420783D223731382E302220793D223237322E30223E3C2F6F6D6764693A776179706F696E743E0A2020202020203C2F62706D6E64693A42504D4E456467653E0A2020202020203C62706D6E64693A42504D4E456467652062706D6E456C656D656E743D22666C6F7737222069643D2242504D4E456467655F666C6F7737223E0A20202020202020203C6F6D6764693A776179706F696E7420783D223536352E302220793D2239392E30223E3C2F6F6D6764693A776179706F696E743E0A20202020202020203C6F6D6764693A776179706F696E7420783D223638332E302220793D2239392E30223E3C2F6F6D6764693A776179706F696E743E0A2020202020203C2F62706D6E64693A42504D4E456467653E0A2020202020203C62706D6E64693A42504D4E456467652062706D6E456C656D656E743D22666C6F7738222069643D2242504D4E456467655F666C6F7738223E0A20202020202020203C6F6D6764693A776179706F696E7420783D223733352E302220793D223132372E30223E3C2F6F6D6764693A776179706F696E743E0A20202020202020203C6F6D6764693A776179706F696E7420783D223733352E302220793D223136362E30223E3C2F6F6D6764693A776179706F696E743E0A2020202020203C2F62706D6E64693A42504D4E456467653E0A2020202020203C62706D6E64693A42504D4E456467652062706D6E456C656D656E743D22666C6F7739222069643D2242504D4E456467655F666C6F7739223E0A20202020202020203C6F6D6764693A776179706F696E7420783D223733352E302220793D223230362E30223E3C2F6F6D6764693A776179706F696E743E0A20202020202020203C6F6D6764693A776179706F696E7420783D223733352E302220793D223235352E30223E3C2F6F6D6764693A776179706F696E743E0A20202020202020203C62706D6E64693A42504D4E4C6162656C3E0A202020202020202020203C6F6D6764633A426F756E6473206865696768743D2231362E30222077696474683D223130302E302220783D223734302E302220793D223231392E30223E3C2F6F6D6764633A426F756E64733E0A20202020202020203C2F62706D6E64693A42504D4E4C6162656C3E0A2020202020203C2F62706D6E64693A42504D4E456467653E0A2020202020203C62706D6E64693A42504D4E456467652062706D6E456C656D656E743D22666C6F773130222069643D2242504D4E456467655F666C6F773130223E0A20202020202020203C6F6D6764693A776179706F696E7420783D223731352E302220793D223138362E30223E3C2F6F6D6764693A776179706F696E743E0A20202020202020203C6F6D6764693A776179706F696E7420783D223531322E302220793D223138352E30223E3C2F6F6D6764693A776179706F696E743E0A20202020202020203C6F6D6764693A776179706F696E7420783D223531322E302220793D223132372E30223E3C2F6F6D6764693A776179706F696E743E0A20202020202020203C62706D6E64693A42504D4E4C6162656C3E0A202020202020202020203C6F6D6764633A426F756E6473206865696768743D2231362E30222077696474683D223130302E302220783D223536382E302220793D223139342E30223E3C2F6F6D6764633A426F756E64733E0A20202020202020203C2F62706D6E64693A42504D4E4C6162656C3E0A2020202020203C2F62706D6E64693A42504D4E456467653E0A202020203C2F62706D6E64693A42504D4E506C616E653E0A20203C2F62706D6E64693A42504D4E4469616772616D3E0A3C2F646566696E6974696F6E733E, '0');
INSERT INTO `act_ge_bytearray` VALUES ('112503', '1', 'transfer.png', '112501', 0x89504E470D0A1A0A0000000D494844520000048A0000021C0802000000169CD2C60000372D49444154789CEDDD6F6C5DF75D3F7097A2C948A0193158C4937AE241FD0088C5A6254F583D241A2301B3C4B4191E649690B64813ED84D0B0405D26D6102136A2514A075B6781FA23D394CAD2DA62D6A6F520ED4C9B26E99F6C5EDBB46E93B66EDAB44E9334378E1D9FDF89EF7AB9BD7F8ECFB5AFFDFDFA9ED74B1F45F6BDE79C7B8ECFD7DFF379E75EDFDB950000001081AED03B000000C055E21900004014C4330000802888670000005110CF000000A2209E01000044413C0300008882780600001005F10C0000200AE21900004014C4330000802888670000005110CF000000A2209E01000044413C0300008882780600001005F10C0000200AE21900004014C4330000802888670000005110CF000000A2209E01000044413C0300008882780600001005F10C0000200AE21900004014C4330000802888670000005110CF000000A2209E01000044413C0300008882780600001005F10C0000200AE21900004014C4330000802888670000005110CF000000A2209E01000044413C0300008882780600001005F10C0000200AE21900004014C4330000802888670000005110CF000000A2209E01000044413C0300008882780600001005F10C0000200AE21900004014C4330000802888670000005110CF000000A2209E01000044413C0300008882780600001005F10C0000200AE21900004014C4330000802888670000005110CF000000A2209E01000044413C0300008882780600001005F10C0000200AE21900004014C4330000802888670000005110CF000000A2209E01000044413C03000088827806B0A14AA5D2FEFDFB8787870706067A7B7BBB8A2A3DF6F42730343434363636373717FAB47095C159667002018967001B67626222EDFCD2F6F7AEBBEE7AE0E0C1E74E9CB8BCB050CC4A8F3DFD091C387060E7CE9DE9CF24ED83439F9CA233380D4E2006E219C046989B9B1B1919D9B163C7C953272F2F5C56D5F5FA1BAFA77D70FAC3999D9D0D7DA28AC8E034388178886700EB2E6D7FFBFBFBBF75E7372F2FCCAB6675CFBDF76CDBB66D666626F4E92A1683D3E004A2229E01ACBB919191E5F6F792CAAE070EDE7FC30D1F0B7DBA8AC5E0343881A8886700EB6B626262C78E1B17164B2A4F7DF12FFF62CF9EAF843E694561701A9C406CC4338075542A957A7B7B4FBD3CB3B07851E5A9F317DEDABAF537A7A7A7439FBACE67701A9C4084C4338075343636363232B2B0F84EA53E3EF8FB39DFDDBB7AAD42D59E3D7F333A3A1AFAD4753E83D3E00422249E010592B695D55FD75BDDA6320C0D0D1DB8FB3BFFD7FEDEB8E3D52479F14AF2EC42F2A3F9E489F9E4F0F9C57D773FF8FD97CF3E7A39F9DF52F2682939F44E72FFA5E4EB879EFAECAECF056F4683D4E347A6FAFBFB5B3EBBB4C8E034388108896740B1D4C4AACAB70DE3564606CB19CFFAFAFA8E1F3FBAB078A15CE95AE793E4C25272763179F372F24E92FCF95F7DA9EB677E7EFB8D432F2F2427E7939397929952F2DC62F2DD1F3EB1FC1CC58502D6F90B67BABBBB5B39ABAC86C16970021112CF8062A98F55D9CF9B35BB2B673CEBE9E979E3CCCB0B8BE7CB95AEF5CE9564FECAD5BB1697AEFEFBBDFBFEEB577FEDD7FFFAD6AF2E26C9B9C5E4EC42F2E642329724F73FF6E472077CBE98D5D23399AC8EC16970021132C5000595F3C58DE51B33FE0867C54759583C57A9F4DB0B8BC9998BC9E52B3F5D606E6EEE1F6EFBC657FEFEB693AF5CFDD0DB85A5E4F27267FCC8E34FD4AC5BA8D2016F0083D3E00422648A010AAAFE658DEBF1B767CB5DECDB95BADA015F495E7F2779ED7CB2902497E7E7FBAEBFBEABEBDAAEAEEE4FFEF1CEEA150F1F395AB36EA14A07BC010C4E831388902906288A9AE7BB5A8D67CDFE686DC5075D583C5BA9F2EBC7CE5C4C5E39979CBE941C3EFEFC073FF8C16B7FF67D3FF7FE0F0CFFC97B3AE0C71E3F52B36EA14A07BC010C4E8313889029062896EA3096FD4AC5FA1B9B7D9DFD700B8B73954ABFBDB894BC59BAFA04C5EB9792838F4DFFC6D60F7FE0977FE5FD3DBFF88D7FFBEEA524393F9FBC337F75C543538FD5AC5BA8D2016F0083D3E00422648A018AA5D567CFD61ECF1617DFAA5479ADB4093EBB90BC753979E5DCC2234FCD6CFDAD8F7CFC777FEFF47CF25A29395D4ACECC27690F7CE8D1C76AD62D54E9803780C16970021132C500C5B2967896E7F6FAC5AA1BBB818FDFF0E48F9F3DFCD4F4D4B1E9878F4C3F7CF499479E3CF1D0A33FFAE1532FFCF79167FEE7C84F1E3EFA93A9279E79EAD9976EFF973B3FF5E94F05EF4475C01DCCE03438810899628062C9FFE2C69AE573DE5EBFD8E2E29BD5F5F9CF7FAEE143D7F8A34F7EB266C542950E7803189C06271021530C502C219E3D3BA35A2D1DF00630380D4E2042A618A0589AA5B2FCCF9E653CD5D670F5C52B6FA8564B07BC010C4E83138890290628904A125BA7E51B6E61F1CAEBAAD5D2016F0083D3E00422648A018AA2BAA9CAF8BB9A552FDFEC4117AF9C56AD960E7803189C06271021530CC03A5AEE805F53AD960E7803189C06271021530CC05A4D4D4D35BB6BB9039E5D4B556FA1E1D377D9ABAC53D5ECD57A6C7F23CF60075BD7C1D9EAD85BF5706D69BC199CC0A6668A015893D3A74FCFCECECECCCC9C3973E6C2850B35F7B6A53BACD948E5DB661BCFFFA079C25EFE0EB8A52DE88037C0060CCEEC119567706E4C3C333881CDC21403B0566FBFFD767777776F6FEFC183074F9E3C597DD77247F8EA1AAB7E23EFF69AAD2D5FD5343758B8FC45A3C0B6C2F633965CCB21873A9B1D66FD0667FD386936B4561C9C2B8EE4EA65B277DBE004363B530CC05A4D4F4F0F0C0C94BBC0C1C1C1175F7CF1D4A953E5BBD25BAE5C79A55D559F9DEAB7DFF0DEEAC56A56A95F2663E1CAF66B1EA8E106D778A461CF69C758EFC1D970D8B4340C32966C362633C69EC1096C76A618202EA55269727272F7EEDD03EFEAEDED6D184BE2B177EFDED1D1D1CAB7DDDDDDE3E3E3E95194BFBD72E5E57655656BF55FD42C53737BF5B7F57755E459387BE30D776975475A0915ACC57A0FCEAEF78E967AF5F7666CA1A501DF156E70869E26814E668A016291B68C43434369FB98F6E5693C9B7CD7CCCC4CE85D5BC1430F3D94EE79B9F5DCB56B579A302B772DB783A7565D551DED4FBF6DF645CEDBF3AC92B170B31BEB3AF2D51F726583014F682759BFC1D9EA58CA7F4BB30D56FF6B70029DCA140384373B3B5B7EA26C7C7C3CF4BEB46C6E594F4F4F5F5FDFF3CF3F5F73EF723B78728D55D948936727B256A9FFB6D95DF55FD42FBC61A5036E8BF51E9C35E3307B2CE5BF256370666FDCE0043A802906086C626222ED1D27272743EFC82A5DBA74A9542AA509B3E1BDCB1DE44B6BACCA4632BEA87CDB28BFBD67B18C556A9669B6F30D1FA5660B6B3FE40D3E8F1D695D0767F519AF0C98158744FDF0CB1E69350F9431F80D4EA03398628090C6C7C7070606E6E6E642EFC87AD9E07896DD0467DFD5523C6BE9761D709CD67EBEEAE3D98AE3B3D57856BF80C1097436530C10CCCCCC4C7F7F7F0767B3E4A71DF08B6BACCA469A3C2790B54AFDB7CDEEAAD960C69E37DB5A5B0EB6B2A9D0A7AEF3ADFD7CD58C96FAC153FF100D975C7118D70FB33C23DFE0043623530C10CCF6EDDBA7A6A642EFC5FABADA142ECDACB12A1BC9F8A27EF9EABB32BE7E4FD26BF4A019FB93F1F5DA0F39F4A9EB7C6B3F5F35E3B0F17F1FD4ADD270F466EF8CC1091487290608637C7C7C686828F45EACBBE5A6F08535566523355FBCDBE9E65AFEBD1D73D6A3546F3FCF8E656C732D871CFAD475BEB59FB59A41D56CA0660FB3664B1A9C40319962803006070727262642EFC5BA5B6E0D9F5F4B95B7907F3BD54B56BE6E7863B315732E5C7357FD2D6B3CEAD0A7AEF3B56B70660CA18C87A8BF2BCFC20627D0F14C314000B3B3B35BB66C09BD171B61B9293CB1EAAA5EBDD10BC72A4F5C34587E758F55BF8586FB906787D778E0A14F5DE76BD7C96A76EA3386CAEA6E3738812230C5000114E4958DC94F3BE0E754ABA503DE0006A7C10944C8140304F0852F7C61DFBE7DA1F762232C77C0CFAA564B07BC010C4E8313889029060860606060F37E0E754B74C03AE068199C06271021530C104011DE52BF2CEDE496969E51AD960E7803189C06271021530C10406F6FEFCCCC4CE8BDD808CB1DF04F54ABA503DE0006A7C10944C8140304D0D3D3333737177A2F36C272073CAD5A2D1DF00630380D4E2042A6182080E2F437CB1DF08F55AB559C111290C16970021132C5000114A7BFE9EEEEBE78F1E8D2D28F544B559C111290C16970021132C5000114A7BFE9EDED7DE185EF2F2D1D572D557146484006A7C10944C8140304509CFE667070F03F27EE584A9E56F9EBC7D3DFEBEBEB0B7DEA3A9FC1697002112A4A870444A538F16CEFDEBDA3A37F1ABCA7DC5CF5EDB15B474646429FBACE67701A9C40848AD2210151294E3C9B9999E9EBFBD0C5D2E1A5E42995B386867E677C7C3CF4A9EB7C06A7C10944A8281D121095E2C4B3D4EEAB762D254FAA3CF51FFBFF6E787830F4492B0A83D3E0046253A00E098847A1E259A9541A18F8C8D4D4BF27C9132ABB66670FF6F57D686EEE50E893561406A7C109C4A6401D12108F42C5B3D4F4F4747FFFF5D3D3E349724C35ABB4FD4DA3C2E4E437439FAE6231380D4E202AC5EA908048142D9EA5A6A6A6D22678EFDE3F4B92A3AABEC6C7BFD6D7D73B39F9AFA14F5411199C0627108FC27548400C0A18CF92E517928D8E8E0C0C7C786CECCBB3B3F727C9113537F783FDFBFF767878C7D0D040FA75E853545C06A7C10944A2881D12105C31E359D9E4E4E4C8C81F6CD9F24B5D7475F5F4FCC2F0F08D69131CFAB47095C159CDE00482286E870404D455E078160F1FDF44B40C4EA0B074484000E259704F3EF9E4D8D858E8BD80C64C11406199FE8000F45EC1FDF33FFFF3F4F4F4C2C242E81D81064C11406199FE8000F45E617DE73BDF999999E9EEEE7EEDB5D742EF0B34608A000ACBF40704A0F70A686E6E6E6262626868283D0B1FFBD8C72E5FBE1C7A8FA0962902282CD31F1080DE2BA06F7CE31B693CABBC3DDD830F3E187A8FA0962902282CD31F1080DE2B94B9B9B9E9E9E9BEBEBE4A3CDBB2658BBF402336A608A0B04C7F40007AAF500E1F3E7CECD8B1F4E7FFDBBFFDDB03030369364BBF3E7DFA74E8FD82F73045008565FA0302D07B8572EEDCB9CA7365939393E9BFA552E9CA952B21F709EA982280C232FD0101E8BD62E02C102D8313282CD31F1080DE2B06CE02D1323881C232FD0101E8BD62E02C102D8313282CD31F5128954AFBF7EF1F1E1E1E1818E8EDEDED2AAAF4D8D39FC0D0D0D0D8D8D8DCDC5CE8D3B28EBAF45E1170168896C1091496E98FF0262626D2589266B3BBEEBAEB8183079F3B71E2F2C242312B3DF6F42770E0C0819D3B77A63F9334A4853E39EB45EF1503678168199C406199FE08696E6E6E646464C78E1D274F9DBCBC705955D7EB6FBC9E86B4F487333B3B1BFA44B59FDE2B06CE02D1323881C232FD114C9ACDFAFBFBBF75E7372F2FCCAB6675CFBDF76CDBB66D666626F4E96A33BD570C9C05A26570028565FA2398919191E56C764965D70307EFBFE1868F853E5D6DA6F78A81B340B40C4EA0B04C7F84313131B163C78D0B8B2595A7BEF8977FB167CF57429FB476D27BC5C059205A06275058A63F0228954ABDBDBDA75E9E5958BCA8F2D4F90B6F6DDDFA9BD3D3D3A14F5DDBE8BD62E02C102D8313282CD31F018C8D8D8D8C8C2C2CBE53A98F0FFE7ECEB79EAF5EAB50B567CFDF8C8E8E863E756DA3F78A81B340B40C4EA0B04C7F0430343474E0EEEFFC5F36BB71C7AB49F2E295E4D985E447F3C913F3C9E1F38BFBEE7EF0FB2F9F7DF472F2BFA5E4D15272E89DE4FE4BC9D70F3DF5D95D9F0B9E9482D4E347A6FAFBFB439FBAF628BF6367677FB0DBA6A003265A06275058A63F02E8EBEB3B7EFCE8C2E28572A597E1F34972612939BB98BC7939792749FEFCAFBED4F5333FBFFDC6A197179293F3C9C94BC94C29796E31F9EE0F9F587E02ED4201EBFC8533DDDDDDA14F5D1BA4A9EC861B6EF8D69D770E0C0C486861E9808996C1091496E9AFCD4AA5D2F8F8F8EEDDBB87868606DE35383898DEB27FFF7ECD68594F4FCF1B675E5E583C5FAEF432FCCE9564FECAD5BB1697AEFEFBBDFBFEEB577FEDD7FFFAD6AF2E26C9B9C5E4EC42F2E64292FEECEE7FECC9E57876BE98D501FD4A399B1D7EFCC8E585C5F45F092DAC0E1851742A8313282CD35FDBA4A92C8D61DDDDDD69304BC3D88103773F70F0C172DD73EF7DB7DCF2A5E1E1E134966CDFBE7D6C6C2CF4CE06B61CB1CE552AFDF6C26272E66272F9CA4F17485BF67FB8ED1B5FF9FBDB4EBE72F51399179692CBCBB1ED91C79FA859B750B5D9FB95EA6C562E092DACCD3EA2E86006275058A6BF363876EC58DA62A6A92C8D6195BEB3591D7AF8919D3B3FD3DFDF3F3939197AC783598E586F57EA6A3CBB92BCFE4EF2DAF96421492ECFCFF75D7F7D57D7B55D5DDD9FFCE39DD52B1E3E72B466DD42D5A6EE57EAB3998416DCA61E5174368313282CD3DF5AEDDDBB37CD5A0F1C7C70C56056D392A6ADEAAE5DBB4AA552E823086039629DAD54F9C58D672E26AF9C4B4E5F4A0E1F7FFE831FFCE0B53FFBBE9F7BFF0786FFE43DF1ECB1C78FD4AC5BA8DABCFD4AB36C26A185B57947141DCFE0040ACBF4B77A69B21A1E1E1E1D1D6D299855D73FDD7E7BDA95CECECE863E948DB61CB1E62A957E7B712979B374F5D9B3D72F25071F9BFE8DAD1FFEC02FFFCAFB7B7EF11BFFF6DD4B49727E3E7967FEEA8A87A61EAB59B750B549FB95EC6C26A105B4494714456070028565FA5BA5349B6DDFBE7DFFFEFDABCE6695D73AA6DB999999097D401B2ABDEE2E2EBE55A9F265384D68671792B72E27AF9C5B78E4A999ADBFF5918FFFEEEF9D9E4F5E2B25A74BC999F9240D68871E7DAC66DD42D566EC57F26433092D94CD38A228088313282CD3DF2A0D0F0FAF3D9B55BAD234A115EA558E35116BE0E3373CF9E3670F3F353D756CFAE123D30F1F7DE691274F3CF4E88F7EF8D40BFF7DE499FF39F293878FFE64EA89679E7AF6A5DBFFE5CE4F7DFA53C16392789653FE6C26A105B1E94614C56170028565FA5B8DBD7BF7AEE5358DF575E0C0DD434343A10F6BE32CC7B337ABEBF39FFF5C570E7FF4C94FD6AC58A8DA5CFD4AABD94C42DB789B6B44512806275058A6BF961D3B76ACBFBFBF8DD9AC5C9FFDECE7EEB8E38ED007B74196E3D919D56A6DA27E6575D94C42DB609B6844513406275058A6BF96A5D96C754D67769D3CF5F275D7F516E4258E57E3D9953754ABB559FA95FA6C76CFBDF75D7F7DDF73274E341CFCAFBF7166EBD6ADDFBAF34E096D836D961145414C4D4DA5BFF5B3B3B3C78E1DFBF297BF3C3131313333333F3F1F7ABF0036946B736BC6C7C7878686DA9ECDCA75D34D37EFDBB72FF4216E84E578F6BA6AB5364533DD309B757777A73B7FDD75BDF509AD9CCDCA2F5E95D036D8A6185114C7ABAFBE9A26B4DEDEDE919191349EA5FFA65F9F3D7B36F47E016C28D7E6D6A4FD62AB1F71D6D213685BB66C097D881B61399E9D56AD56FCCD7446362BAB4968D5D94C42DB78F18F288AE6ADB7DEEAE9E9A94C081FFDE84743EF11C046736D6E41DA26A6978D75CA66E5DAB66DDBD4D454E8035D77CBF1EC35D56A45DE4CD767B373E72F6CD9B2A5E6FD5D2A09AD3E9BA5D22C77F2D4CB12DAC6887C445140A74F9FBEEDB6DB2A13C24B2FBD147A8F00369A6B730BC6C6C6464646D6359EDDBA67CFE8E868E8036D8F8C9CB91CCF66F357ABCBAF7AC59696CFB970C3C5567744A19AE93CFF65D0ECBD40D25BAAFF2FBC92D08E1C3DDA309BDD73EF7DF55B90D0D6897846845E7DF5D5FEFEFE7470DE7CF3CDA1F7052000D7E616ECDAB5EB8E3BEE58D778F6C0C107D34E34F481B6C1E9D3A7676767676666CE9C3973E1C2859A7B57919A1ACABF64C62AEB1DE72ACB542FBC89E259F6A92CCB7E9FC68609ED7DEF7B5F9E6C26A1AD2BF18C08CDCFCF3FFEF8E3E9E02CC87B6501D4706D6EC1E0E060B3F6B15DF5DC8913D75DD71BFA40DBE3EDB7DF4E1BEEDEDEDE83070F9E3C79B2FAAEE570F26ACE6AB6709E8DB4F4402B2EBF62F67B370136DE66F55DADEE5865ADD84E6592EF3DF41B26B49CD94C425B3FE219717AE9A597C6C6C642EF054018AECD2D58A7B7D4AFAE73E72FA47D6AE8036D8FE9E9E9B49F2E37DF69B27DF1C5174F9D3A55BE2BBDE5CA9557F254B32533B690910156FD7079EEAD5FA6E6A16BEECABFCDEAB5623B95F93FDF2C23A1AD98CD24B475229E11AD999999D0BB0010866B730BB66CD952FDA605EB5469C354698537B5BD7BF78E8E8E56BE4D5BF0F1F1F1C9C9C9F2B757AEBCBC62355B2CE7EA2D2DB97ECB5796A95EB8FCF52A1E2EC8D8C838956936CBFF5EA60F4DFEE0DA6BAFADD9F835D75C73E79DDFCEB9858E79F56F24BAC433626570028565FA6B415F5FDFD3C78F6F403C0B7DA0EDF1D0430F0D0D0D955BF05DBB7655FF1541D7D558722A4FAD981C5A5AB87E95FA876BE3FED46CB37A9915F7A4D9A3C7762A8F1D3B9626B4D7DF38B3E2C06EF83E8D650D3F0FADE116D26C963E62901F42470A35A220DBDCDCDCC8C888A7CA8162726D6EC1BA7EE859B93AE66FCFE696F5F4F4A499F6F9E79FAFB97739999CCC53D94BE6DF4EFEC76AE911B3BFADB9B1FADED5ED7990663AFB5426F9125A4636CB99D064B3F5209E11A1F24BA6BF75E79D5ECC0C14936B730B464646AA3F33773DEAD0C38F6CDBB62DF481B6C1A54B974AA5D2ECEC6CC37B97C3C94B79AA66C9EC6F2B37367F6A6BE5C7CA5E6CD5FB53736FFE9F40CDA636F83C262B9DCAB2EC84D6309B5D73CD35F9139A6CB64EC4336253FDE7ACFEDC142826D7E616ECDBB7EFA69B6E5ED77896C6BF9D3B3F13FA40D7DD7AC7B33C9B5A753CCBD670E1FA1DD844F12CA76609ADD9674F7FFD1F6F6BF87968F5094D365B3FE989F0DEE5C4A3FEAD862434A080E2EDF622343333D3DBDBBBAEF16CC78E1D131313A10F74DD2D879317F354CD92D9DFD6DFD8ECEBFC6BB5717FF2EF4CC6A3873E7559EA135AB36C567E9FC6669F585D9DD064B375954E68DE1F8F48647CB4BD8406144AD4DD5E84D6F5DD41CE9DBF9076AB45F8CFECABE16469264F552F59FEBAFE961557C958B8D5256BEECAFEB6E6C6FC3B93F1E8A14FDD0AEA13DACE9D9F6998CD2A8D574D42DBB16347FA8B209B6D8CFEFE7E3F5E62B0E247DB4B684071C4DEEDC5665D5FDFF8D5AF7D2DDD78E843DC08CBE1E48596AA7A95721F9F73953C0BD72FD06C95AE95646CBCB23FF537E6FF21843E752BCB48680D3FDFAC3AA1C9661B2CFD094F4E4E86DE0B8A2EE747DB4B6840416C826E2F2AA552A9B7B7773D3EFD2CED4AAFBBAE37FB0D183AC67226793E67BD1B7BF2DEDEF0AEEC85F3DF5EBFD9FCAB54EF43FD17397F14A14F5D2E0D135AC6674F97139A6CB6F1464646C6C6C642EF0585D6D247DB4B6840116C8E6E2F2AFBF7EFFFD4A73FEDA9B3B558CE242756AC77F3CC0ACBD42C9FB14ACD5D2B6E3FCF022BAE5E59A6E1A3E7FC515456097DEAF2AA4F68D9EDD7D3C78FCB661B2FCD6669420BBD171457FE6C26A101C5B169BABDA8FCE1273E71E0C0DD6DCC66696FBA75EBD6B43D0D7D641B6439933CA75AAD4D14CF92563EB1BABA64B38D343D3DDDD7D7177A2F28A856B399840614C466EAF6E2915E18B66DDBD6AEF70829BFBBDD73274E843EAC8DB31CCF9E55ADD6E68A6749EB094D36DB78DE1D84205697CD2434A0083659B7178FE9E9E934A135FB14DD96B2D91F7EE213F7DC7B5FE803DA50E25941E259D24A4293CD82D8B76FDF17BEF085D07B41B1D467B3F42278FDF57D191F4CBF75EBD66FDD79A7840614C1E6EBF6E291F691E905E3D0C38FAC3A9B3D7DFC789AF18A96CD92E578B6B4F48C6AB536633C4BF22534D92C94F2DB1D15E44D898841C36CD6DDDDDDD5FC83E92B1F9F28A10145B029BBBD78942F33B7DCF2A556FFC0E6DCF90B5FFDDAD7CAAF900C7D10012CC7B39FA8566B93C6B364A584269B8535393999FEFC43EF05859091CDCAEA3F98BEE6A3ED2534A0E36DD66E2F1EA552298D67D75FDF97C6ADCA5BCF65577A754997BFE9A69BD30B4FE8DD0F63399E4DAB566BF3C6B3A4794293CD62B07BF76E2F7164BDD567B3F4A2B965CB96AEF7AA24B4FA6CD6B5FCF189D59F6D23A1019D6713777B51999D9D4D9B9B9E9E9E3FFCC427D2F455FFE7CEE92D77DDF5FF3EF5E94FA7CBECDCF999999999D0BB1CD2723CFBB16AB536753C4B1A2534D92C1EA3A3A3838383DA5CD649B3F702A9FE60FAEA8476E4E8D186D9ACE147DB4B684027D9DCDD5E6C4AA5D2F8F8F8C8C848FD4525BD25CD66FBF7EF770949A597D88B178F2E2DFD48B5549B3D9E25EF4D68B2596C2626267A7B7B77EFDEED4FD168AFECF7696C98D0DEF7BEF7E5C966121AD079367DB7C76694B6802FBCF0FDA5A5E3AAA5EA807896BC9BD09E3B7142368B50DAE0A6F12CFD0D1D1C1C4CBF989C9C0CBD476C7A79DE43BF6142CB99CD2434A0C37442B7C7A693767EFF3971C752F2B4CA5F3F9EFE5EC77C82709ACAD200209B45AB542A4D4C4CA4F12CED77333A665851FECF37CB48682B6633090DE824E21901ECDDBB7774F44F83079ECD55DF1EBB75646424F4A96B9B4E3A16A099349B3D70F0C19CEF69FCD0E40FAEBDF6DA9A6C76CD35D7DC79E7B7736E217D2C6F430A6C76E21901CCCCCCF4F57DE862E9F052F294CA594343BF333E3E1EFAD4B54D5747BC5013C8D6D207D3D7FFD97659C3CF436BB8052F99063A800E8930765FB56B297952E5A9FFD8FF77C3C383A14F5A3B89675010393F98BE5936CB99D06433A063E89008A3542A0D0C7C646AEADF93E409955DB3B307FBFA3E34377728F4496B27F10C8A63C50FA6AFCF66D75C734DFE84269B019D44874430D3D3D3FDFDD74F4F8FA7D76ED5ACD26C96E6D8C9C96F863E5D6D269E41A1647C307DC3CF37FBFA3FDED6F0F3D0EA139A6C0674181D12214D4D4DA5096DEFDE3F4B92A3AABEC6C7BFD6D7D73B39F9AFA14F54FB896750340D3F983EE3B3A79B7D6275754293CD80CEA34322B052A9343A3A3230F0E1B1B12FCFCEDE9F2447D4DCDC0FF6EFFFDBE1E11D434303E9D7A14FD1BA10CFA080EA13DACE9D9F6998CD9ABDDBFE8E1D3BCE9DBF209B011D4C8744142627274746FE60CB965FCAF8D3F0E2E8E9F985E1E11BD38416FAB4ACA32EF18C55A91E392B8EA296166EB6629E2DD76BE36375988C84D6F0F3CDAA139A6C061441B1AE0A40248AD692D22E6B8F6779E2539EF159B34CF5F65BDA60017F171A26B48CCF9E2E2734D90C2888C25D15801814B025652D1A869FEC51541F9F3282D98ACF69AFB8FD64A5E097F1D01947D1A9EA135A9AC132DE37FFE9E3C76533A0208A785500822B664BCAAA358B67CD1254E5968C05F23C5CCE7DCB1FE75A4A809D2DFF27567B9F46A0500A773D006250C06694B5A88F67194FA3558250C32D34FCB6D9C3AD7DDFF2AF5E40AD2634D90C2882E25E1580808ADC92B20A35C9A72680B5F4E2C33CCF56AD786FF5165A8D672D05C58E973FA1C966404114FAAA008452F0969456653F69B6C6E194F182C38C3857FDE8D90BD7DF98F1D45F01E54968B219501C45BF2A004168496949E5E9B2FCF12C7FD06AB6629E5DCAFEA2E1F2195F1756764293CD804271550002D092D2924A5EAA0F36CDC652ABB7D76F33CF92D95FAC7D7F8AA3594293CD80A271550002D092D29286C9277F3CCBF96C55CEA055BF4C9E27E8C4B315D52734D90C2820570520002D29AB53FF675D7996CC13CF56BDBC67CFDAA83AA1C9664031B92A00016849599DFCCF9ED52F961190B2535FC3759BA5B2FCCF9EE5FC23B7A22927B4E74E9C90CD806272550002D092B23A19AF726CB8709EA095F128D90BE41FC6AD2E5F70692AEBEDED95CD806272A90002D0A7B23ACD724E4D5ACB8E6139D3579E7B1BFEE159CDA3B7BA3CA9919191D0BB001086EB0110806614C8608A000ACBF40704A0F70232982280C232FD0101E8BD800CA608A0B04C7F40007A2F20832902282CD31F1080DE0BC8608A000ACBF40704A0F70232982280C232FD0101E8BD800CA608A0B04C7F40007A2F20832902282CD31F1080DE0BC8608A000ACBF40704A0F70232982280C232FD0101E8BD800CA608A0B04C7F40007A2F20832902282CD31F1080DE0BC8608A000ACBF40704A0F70232644F11D5F7AE3899E45FB866C97A2BEC74934D01B4C4F40104A0770132AC773C6B16B76A6EAC5EBEA59D34C501AB66FA0002D0BB0019B2E3D0EA9E104BAA9E13CBFFB8AD2E9F67AF0032983E8000F42E408696E259B3D71F566EC958206307F2BCB8B17EFBAB7E3D24409989030840D70264C819CF329E46AB04A78CCDE6795A2CFBF58D2BAE0ED02AD3071080DE05C890279ED504B09C7F1ED6ECD9AD9A5B5A8D67F9831F4036D3071080DE05C8D0D28B1B335659F5E3AEF84AC586012F7BFF01F2307D0001E85D800C2BFEA157FD92CD5669E9AFC25A7DF64C3C03DACEF40104A07701326464ADA451105A316EB57AFB2AE2599EDB015664FA0002D0BB00195A7D71639E9894E7D9ADFC2F6ECCB91D8056993E800022E95D56DC8D9A7E2EE7EBA356F7584045F6EF4BFD9F81E559B2D578D6EC8B3C0FEDF71D5835D307104024BD4B9EDD68D608B6D4ABE57C2CA02C7F3CCB7EF6AC7EB19C5BAEF922FFB367ABF8BF1B806AA60F208050BD4BC367C05A7DF15276EFE57FD361ED5A0D5119ABD4FFC266FFB2E7FF556D7579803CCC294000913434ADBE3A317F9C6B29010235F2C4B386FF7552FD754BFF93D270DD8CDFDF569707C8C9C401041049D7D26A3C6BF645DB1F0B0ACEEF0B5058A63F2080487AAF15FF87BEFAFFBF5B8D6719FF370F64F3FB021496E90F082048EF95F102A48C17235587B1EC85577CF9D3BA1D19741ABF2F406199FE800062E8BD72FE7148ABCF9E8967B0767E5F80C232FD010104EFBDBAAADE5A20E76B145711CFF2DC0ED4F3FB021496E90F08206CEFD5D25F91E57F7163F6A6B49B909FDF17A0B04C7F4000017BAF565F7CE8D933D8787E5F80C232FD010104E9BD1ABE9947F60249F35496FFD9B39C7FE40654F87D010ACBF407041049EF95F37D41F2EF6DABCB030DF925020ACBF407041049EF95F34D4192CC37E55FF5F240337E5380C232FD0101E8BD800CA608A0B04C7F40007AAFD8944AA5FDFBF70F0F0F0F0C0CF4F6F6663CFBD7D9D2634F7F02434343636363737373A14F4B7175992280A232FD0101E8BDA232313191C692349BDD75D75D0F1C3CF8DC89139717168A59E9B1A73F8103070EECDCB933FD99A4212DF4C92990A9A9A93412CFCECE1E3B76ECCB5FFE723A2C676666E6E7E743EF17C086D221010188679148BBE19191911D3B769C3C75F2F2C265555DAFBFF17A1AD2D21F4E1A18429FA84278F5D557D38496A6E2744CA6F12CFD37FDFAECD9B3A1F70B6043E9908000C4B318A4D9ACBFBFFF5B777EF3F2C2BC6A56F7DC7BCFB66DDB666666429FAE4278EBADB77A7A7A2AAF35FDE8473F1A7A8F00369A0E0908403C8BC1C8C8C87236BBA4B2EB8183F7DF70C3C7429FAE42387DFAF46DB7DD5689672FBDF452E83D02D8683A242000F12CB88989891D3B6E5C582CA93CF5C5BFFC8B3D7BBE12FAA415C2ABAFBEDADFDF9F4E1137DF7C73E87D010840870404209E85552A957A7B7B4FBD3CB3B07851E5A9F317DEDABAF537A7A7A7439FBACE373F3FFFF8E38FA753443A4A43EF0B40003A242000F12CACB1B1B191919185C5772AF5F1C1DFCFF9D6F3D56B15AAF6ECF99BD1D1D1D0A7AE105E7AE925EF990914960E0908403C0B6B6868E8C0DDDFF9BF6C76E38E5793E4C52BC9B30BC98FE69327E693C3E717F7DDFDE0F75F3EFBE8E5E47F4BC9A3A5E4D03BC9FD9792AF1F7AEAB3BB3E173C2905A9C78F4CF5F7F7873E7545E1BD5880C2D2210101886761F5F5F51D3F7E7461F142B9D2D3713E492E2C25671793372F27EF24C99FFFD597BA7EE6E7B7DF38F4F24272723E397929992925CF2D26DFFDE113CB4FA05D28609DBF70A6BBBB3BF4A92B0A53045058A63F2000BD57583D3D3D6F9C797961F17CB9D2D3F1CE9564FECAD5BB1697AEFEFBBDFBFEEB577FEDD7FFFAD6AF2E26C9B9C5E4EC42F2E642329724F73FF6E4723C3B5FCC326ED74FA9541A1F1FDFBD7BF7D0D0D0C0BB060707D35BC6C6C67CF41C501CAE344000DADCB09623D6B94AA5DF5E584CCE5C4C2E5FF9E902737373FF70DB37BEF2F7B79D7CE56A5BBCB0945C5E8E6D8F3CFE44CDBA852AE3763DA4A92C8D642BFED1637F7FFF1D77DCE1FD42808EE74A0304D0DDDDADCD0A683962BD5DA9ABF1EC4AF2FA3BC96BE7938524B93C3FDF77FDF55D5DD77675757FF28F7756AF78F8C8D19A750B55E2597B4D4E4E6EDFBE3DE77BD294F5F6F6A6712EF48E03AC23571A2080B4C7F2A7FF012D47ACB3952ABFB8F1CCC5E49573C9E94BC9E1E3CF7FF0831FBCF667DFF773EFFFC0F09FBC279E3DF6F8919A750B55E259BB944AA5919191FAE7C7BEF8C5BF3C70E0EE070E3E58A95B6EF9D28E1D3B6A961C1A1A9A9B9B0B7D1000EBC295060820EDC38E1D3B167A2F8A6B3962CD552AFDF6E252F266E9EAB367AF5F4A0E3E36FD1B5B3FFC815FFE95F7F7FCE237FEEDBB9792E4FC7CF2CEFCD5150F4D3D56B36EA14A3C6B8BD9D9D99A27CD6EBAE9E6E74E9CB8BCB0D8AC5E7FE3CC3FDD7EFB962D5BAA9F463387001DC995060860606060727232F45E1457DADD2E2EBE55A972EA4813DAD985E4ADCBC92BE7161E796A66EB6F7DE4E3BFFB7BA7E793D74AC9E95272663E4903DAA1471FAB59B750259EADDDCCCC4C9AAC2A296B7070303B98D584B45B6EF95265DDEEEEEEA9A9A9D00704D066AE3440002323233E7636A09A8835F0F11B9EFCF1B3879F9A9E3A36FDF091E9878F3EF3C893271E7AF4473F7CEA85FF3EF2CCFF1CF9C9C3477F32F5C4334F3DFBD2EDFF72E7A73EFDA9E031493CDBA44AA552F5F366B7EED993339855D75D77FDBF3498559E43F3A68E408771A5010248B3599AD042EF45712DC7B337ABEBF39FFF5C9E3766F8A34F7EB266C5429578B646C3C3C395B174E0C0DDABC866E53AFCF8919E9E9EF276060606421F16403BB9D200014C4F4FF7F5F585DE8BE25A8E676754AB259EADC5F8F8F81A9F37ABAE7BEEBDAFB2B57DFBF6853E3880B671A501C2F0EE20015D8D6757DE50AD9678B616E9AF7CE5EFCDD698CDCA55F93BB42D5BB6F8A00EA063B8D20061ECDBB7EF0B5FF842E8BD28A8E578F6BA6AB5C4B355DBBF7F7FE5FD3C4E9E7AB92DF1ECDCF90B95F7723499001DC3950608A3542AF9B3FE5096E3D969D56A8967AB36303050CE5137DD74735BB259B9BE75E79DE5CDF6F4F4843E4480F670A50182999C9CF467FD412CC7B3D754AB259EADCEDCDC5CE5EFC4DAF5D459A5AEBBAEB7BC659FD5017406571A20A4DDBB777B55D23AC9F848A8E57836DBC65A71830D1768FB6EAC7789671932C6DBD8D858E55D16DB9BCDD2FAEC677FFAA6A3A3A3A31B79BC00EBC49506082C6DAA060707E7E6E642EF4847397DFAF4ECECECCCCCCC9933672E5CB85073EFC6C7B3EA651ABE657FC606575CB8D936575C4B3C6B97ECF1B66BD7AEF22958FB1B36D6D703071F2C6F7CFBF6ED418E1DA0BD5C6980F02626267A7B7B77EFDEED4FD1DAE8EDB7DFEEEEEE4E7FB0070F1E3C79F264F55DCB59E5D5B5548E2CD46095156F69786FCD623937DEEA02398F3AD4D98C5FC6781B1C1C2C8F8A7BEEBDAFEDF1ECB91327CA1B4F1F3AD4B103B4912B0D1085B9B9B9349EA50D56DAC9A55FF83392B59B9E9EAEBC1F43FA537DF1C5174F9D3A55BE2BBDE5CA9557D652355BC8FEB67EDD7A190FD1D2C2397778D5471DF69CC62C63BC55DE52FFF0E347DA1ECFD2AA0C8CB03F0180B63097011129954A131313693CABF479ACDADEBD7B4747472BDF7677778F8F8FA7B9B7FCED952B2FAFA56AB690FD6DCE8DACEEB16A6EACFF39B4F4582BEE8991D94CC678ABBCFDFD73274EAC473CAB6C3FF40406D006E63280CEF4D0430F0D0D0D95DBD65DBB76557F6E6FD7D5AC726A2D55B38515BF2DABFEBA5EC663ADB864E5C6667BB2F6432E6F24E0098D5CC678EBEBEB2BDFFEF4F1E3EB11CFD228289E011DC35C06D081E696F5F4F4A49DF1F3CF3F5F73EF725639B9965AF1B99486ABB4BAF1EA15AB57AFDF54CDC22BDEBEEAA30E7236E3973DDE2A4F393E70F0C1B667B3D7DF3853DEB88F3E033A832B0D4007BA74E952A9546AF6562BCB59E5A5B554CD16B2BFADB9B1499CCB5ABEFA8B9C0B67DFBEEAA3DEE0F3B859648FB7919191F259FEA7DB6F6F7B3C7BFAF8F1F2C6FBFBFB37F8A801D6832B0D40E1048F67D95BCB58BED99E8B6731DBBB776F3941EDDCF999B6C7B35BF7EC296F7C787838F48102B4812B0D40E12C679517D752355BC8FEB6E6C626CF9E652D5FFF6DFE8D67ACB58AA30E7DEA36A5E9E9E9F2B9E8E9E93977FE427BE3D90D37DC50DEF8D8D858E803056803571A80C2B99A559666D6520D23D67B4251A3552A2B36BCABD98DF5ABE4DC424B0BE43CEAD0A76EB3EAEDED2D9FC70307EE6E6336AB7CE859CA47DB039DC19506A07096B3CA0B6BA99A2D647F5BB9B17C7B9338D7F421EAEFCD734BAB0BE43CEAD0A76EB3AABCE7FED6AD5BDBF804DA1F7EE213E5CD0E0D0D853E4480F670A501289CE5ACF27C1B2BCF062BCBD42FDCEC96FCFBB9E2B3796D3964F16CD5E6E6E62A9F4E76EB9E3D6DC966871E7EA472728F1D3B16FA1001DAC39506A07096B3CA8936564B1BAC5EB82A3BADB040A3B8D5C20EB4E590C5B3B5D8B76F5FF9C4757777AFFD1DF69F3B71A292F776EDDA15FAE000DAC69506A07096B3CA73AAD512CFD668FBF6EDE5409526AB345FAD3A9B9D3B7F61EBD6AD954D357B437F80CDC89506A07096E3D9B3AAD512CFD6686666A6A7A7A712AB0E3F7E6415D9ECE4A9972BD9ACBBBB7B727232F46101B4932B0D40E18867E25928699AAABC3C350D57AD7E50F5A1871FA9BCA631B56FDFBED00704D066AE34008593F6B54B4BCFA8564B3C6B8BF1F1F1CA73685DCBEFE578CFBDF7E579D2EC539FFE74F51F1FCA66404772A501289CE578F613D56A8967ED323D3DDDD7D7579DB5D29076CB2D5F7AFAF8F1FA54F64FB7DFBE63C78EEA85D374E7358D40A772A501289CE57836AD5A2DF1AC8DE6E6E676EFDEDDDDDDDDF06D39B76DDBD6ECAEE1E161EF05027430571A80C2598E673F56AD9678D67669D01A19196918C3EA0D0C0C4C4D4D85DE6580F5E54A035038DDDDDD172F1E5D5AFA916AA9C4B375522A95F6EFDF9FE6B4FEFEFE9A48D6DBDB3B343474C71D7778C60C2808571A80C2495BDE175EF8FED2D271D552896700AC37571A80C2191C1CFCCF893B9692A755FEFAF1F4F7FAFAFA429F3A003A9C780650387BF7EE1D1DFDD3E0816773D5B7C76E1D1919097DEA00E870E21940E1CCCCCCF4F57DE862E9F052F294CA594343BF333E3E1EFAD401D0E1C4338022DA7DD5AEA5E44995A7FE63FFDF0D0F0F863E6900743EF10CA0884AA5D2C0C047A6A6FE3D499E50D9353B7BB0AFEF43737387429F34003A9F78065050D3D3D3FDFDD74F4F8F27C931D5ACD26C96E6D8C9C96F863E5D0014827806505C5353536942DBBBF7CF92E4A8AAAFF1F1AFF5F5F54E4EFE6BE81305405188670085562A9546474706063E3C36F6E5D9D9FB93E4889A9BFBC1FEFD7F3B3CBC63686820FD3AF42902A040C4330092C9C9C991913FD8B2E597BAE8EAEAE9F985E1E11BD38416FAB4005038E21900004014C4330000802888670000005110CF000000A2209E01000044413C0300008882780600001005F10C0000200AE21900004014C4330000802888670000005110CF000000A2209E01000044413C0300008882780600001005F10C0000200AE21900004014C4330000802888670000005110CF000000A2209E01000044413C0300008882780600001005F10C0000200AE21900004014C4330000802888670000005110CF000000A2209E01000044413C0300008882780600001005F10C0000200AE21900004014C4330000802888670000005110CF000000A2209E01000044413C0300008882780600001005F10C0000200AE21900004014C4330000802888670000005110CF000000A2209E01000044413C0300008882780600001005F10C0000200AE21900004014C4330000802888670000005110CF000000A2209E01000044413C0300008882780600001005F10C0000200AE21900004014C4330000802888670000005110CF000000A2209E01000044413C0300008882780600001005F10C0000200AE21900004014C4330000802888670000005110CF000000A2209E01000044413C0300008882780600001005F10C0000200AE21900004014C4330000802888670000005110CF000000A2209E01000044413C0300008882780600001005F10C0000200AE21900004014C4330000802888670000005110CF000000A2209E01000044413C0300008882780600001005F10C0000200AE21900004014C4330000802888670000005110CF000000A2209E01000044413C0300008882780600001005F10C0000200AE21900004014C4330000802888670000005110CF000000A2209E01000044413C0300008882780600001005F10C0000200AE21900004014C4330000802888670000005110CF000000A2209E01000044413C0300008882780600001005F10C0000200AE21900004014C4330000802888670000005110CF000000A2209E01000044413C0300008882780600001005F10C0000200AE21900004014C4330000802888670000005110CF000000A2209E01000044413C0300008882780600001005F10C0000200AE21900004014C4330000802888670000005110CF000000A2209E01000044413C0300008882780600001005F10C0000200AE21900004014C4330000802888670000005110CF000000A2209E01000044413C0300008882780600001005F10C0000200AE21900004014C4330000802888670000005110CF000000A2209E01000044413C0300008882780600001005F10C0000200AE21900004014C4330000802888670000005110CF000000A2209E01000044413C0300008882780600001005F10C0000200AE21900004014C4330000802888670000005110CF000000A2209E01000044413C0300008882780600001005F10C0000200AE21900004014C4330000802888670000005110CF000000A2209E01000044413C0300008882780600001005F10C0000200AE21900004014C4330000802888670000005110CF000000A2209E01000044413C0300008882780600001005F10C0000200AE21900004014C4330000802888670000005110CF000000A2209E01000044413C0300008882780600001005F10C0000200AE21900004014C4330000802888670000005110CF000000A2209E01000044413C0300008882780600001005F10C0000200AE21900004014C4330000802888670000005110CF000000A2209E01000044413C0300008882780600001005F10C0000200AE21900004014C4330000802888670000005110CF000000A2209E01000044413C0300008882780600001005F10C0000200AE21900004014C4330000802888670000005110CF000000A2209E01000044413C0300008882780600001005F10C0000200AE21900004014C4330000802888670000005110CF000000A2209E01000044413C0300008882780600001005F10C0000200AE21900004014C4330000802888670000005110CF000000A2209E01000044413C0300008882780600001005F10C0000200AFF1F6F3E0EC7B7DCF1A00000000049454E44AE426082, '0');
INSERT INTO `act_ge_bytearray` VALUES ('15002', '1', 'transfer.bpmn', '15001', 0x3C3F786D6C2076657273696F6E3D22312E302220656E636F64696E673D225554462D38223F3E0A3C646566696E6974696F6E7320786D6C6E733D22687474703A2F2F7777772E6F6D672E6F72672F737065632F42504D4E2F32303130303532342F4D4F44454C2220786D6C6E733A7873693D22687474703A2F2F7777772E77332E6F72672F323030312F584D4C536368656D612D696E7374616E63652220786D6C6E733A7873643D22687474703A2F2F7777772E77332E6F72672F323030312F584D4C536368656D612220786D6C6E733A61637469766974693D22687474703A2F2F61637469766974692E6F72672F62706D6E2220786D6C6E733A62706D6E64693D22687474703A2F2F7777772E6F6D672E6F72672F737065632F42504D4E2F32303130303532342F44492220786D6C6E733A6F6D6764633D22687474703A2F2F7777772E6F6D672E6F72672F737065632F44442F32303130303532342F44432220786D6C6E733A6F6D6764693D22687474703A2F2F7777772E6F6D672E6F72672F737065632F44442F32303130303532342F44492220747970654C616E67756167653D22687474703A2F2F7777772E77332E6F72672F323030312F584D4C536368656D61222065787072657373696F6E4C616E67756167653D22687474703A2F2F7777772E77332E6F72672F313939392F585061746822207461726765744E616D6573706163653D22687474703A2F2F7777772E61637469766974692E6F72672F74657374223E0A20203C70726F636573732069643D227472616E7366657222206E616D653D22676F6F64735472616E736665722220697345786563757461626C653D2274727565223E0A202020203C73746172744576656E742069643D2273746172746576656E743122206E616D653D225374617274223E3C2F73746172744576656E743E0A202020203C757365725461736B2069643D227072696E636970616C417564697422206E616D653D22E8B49FE8B4A3E4BABAE5AEA1E689B9222061637469766974693A61737369676E65653D22247B726563656976657249647D223E3C2F757365725461736B3E0A202020203C73657175656E6365466C6F772069643D22666C6F77312220736F757263655265663D2273746172746576656E743122207461726765745265663D227072696E636970616C4175646974223E3C2F73657175656E6365466C6F773E0A202020203C6578636C7573697665476174657761792069643D226578636C7573697665676174657761793122206E616D653D224578636C75736976652047617465776179223E3C2F6578636C7573697665476174657761793E0A202020203C73657175656E6365466C6F772069643D22666C6F77322220736F757263655265663D227072696E636970616C417564697422207461726765745265663D226578636C75736976656761746577617931223E3C2F73657175656E6365466C6F773E0A202020203C757365725461736B2069643D22636F6E6669726D5265636569707422206E616D653D22E7A1AEE8AEA4E694B6E8B4A7222061637469766974693A61737369676E65653D22247B6170706C7949647D223E0A2020202020203C657874656E73696F6E456C656D656E74733E0A20202020202020203C61637469766974693A7461736B4C697374656E6572206576656E743D22636F6D706C657465222064656C656761746545787072657373696F6E3D22247B7265706F72744261636B456E6450726F636573736F727D223E3C2F61637469766974693A7461736B4C697374656E65723E0A2020202020203C2F657874656E73696F6E456C656D656E74733E0A202020203C2F757365725461736B3E0A202020203C73657175656E6365466C6F772069643D22666C6F773322206E616D653D22E9809AE8BF872220736F757263655265663D226578636C7573697665676174657761793122207461726765745265663D22636F6E6669726D52656365697074223E0A2020202020203C636F6E646974696F6E45787072657373696F6E207873693A747970653D2274466F726D616C45787072657373696F6E223E3C215B43444154415B247B6175646974506173737D5D5D3E3C2F636F6E646974696F6E45787072657373696F6E3E0A202020203C2F73657175656E6365466C6F773E0A202020203C656E644576656E742069643D22656E646576656E743122206E616D653D22456E64223E3C2F656E644576656E743E0A202020203C73657175656E6365466C6F772069643D22666C6F77342220736F757263655265663D22636F6E6669726D5265636569707422207461726765745265663D22656E646576656E7431223E3C2F73657175656E6365466C6F773E0A202020203C757365725461736B2069643D226D6F646966794170706C7922206E616D653D22E8B083E695B4E794B3E8AFB7222061637469766974693A61737369676E65653D22247B6170706C6963616E7449647D223E0A2020202020203C657874656E73696F6E456C656D656E74733E0A20202020202020203C61637469766974693A7461736B4C697374656E6572206576656E743D22636F6D706C657465222064656C656761746545787072657373696F6E3D22247B61667465724D6F646966794170706C79436F6E74656E7450726F636573736F727D223E3C2F61637469766974693A7461736B4C697374656E65723E0A2020202020203C2F657874656E73696F6E456C656D656E74733E0A202020203C2F757365725461736B3E0A202020203C73657175656E6365466C6F772069643D22666C6F773522206E616D653D22E69CAAE9809AE8BF872220736F757263655265663D226578636C7573697665676174657761793122207461726765745265663D226D6F646966794170706C79223E0A2020202020203C636F6E646974696F6E45787072657373696F6E207873693A747970653D2274466F726D616C45787072657373696F6E223E3C215B43444154415B247B216175646974506173737D5D5D3E3C2F636F6E646974696F6E45787072657373696F6E3E0A202020203C2F73657175656E6365466C6F773E0A202020203C6578636C7573697665476174657761792069643D226578636C7573697665676174657761793222206E616D653D224578636C75736976652047617465776179223E3C2F6578636C7573697665476174657761793E0A202020203C73657175656E6365466C6F772069643D22666C6F77362220736F757263655265663D226D6F646966794170706C7922207461726765745265663D226578636C75736976656761746577617932223E3C2F73657175656E6365466C6F773E0A202020203C73657175656E6365466C6F772069643D22666C6F773722206E616D653D22E694BEE5BC83E8B083E8B4A72220736F757263655265663D226578636C7573697665676174657761793222207461726765745265663D22656E646576656E7431223E0A2020202020203C636F6E646974696F6E45787072657373696F6E207873693A747970653D2274466F726D616C45787072657373696F6E223E3C215B43444154415B247B2172654170706C797D5D5D3E3C2F636F6E646974696F6E45787072657373696F6E3E0A202020203C2F73657175656E6365466C6F773E0A202020203C73657175656E6365466C6F772069643D22666C6F773822206E616D653D22E9878DE696B0E794B3E8AFB72220736F757263655265663D226578636C7573697665676174657761793222207461726765745265663D227072696E636970616C4175646974223E0A2020202020203C636F6E646974696F6E45787072657373696F6E207873693A747970653D2274466F726D616C45787072657373696F6E223E3C215B43444154415B247B72654170706C797D5D5D3E3C2F636F6E646974696F6E45787072657373696F6E3E0A202020203C2F73657175656E6365466C6F773E0A20203C2F70726F636573733E0A20203C62706D6E64693A42504D4E4469616772616D2069643D2242504D4E4469616772616D5F7472616E73666572223E0A202020203C62706D6E64693A42504D4E506C616E652062706D6E456C656D656E743D227472616E73666572222069643D2242504D4E506C616E655F7472616E73666572223E0A2020202020203C62706D6E64693A42504D4E53686170652062706D6E456C656D656E743D2273746172746576656E7431222069643D2242504D4E53686170655F73746172746576656E7431223E0A20202020202020203C6F6D6764633A426F756E6473206865696768743D2233352E30222077696474683D2233352E302220783D223130302E302220793D223137302E30223E3C2F6F6D6764633A426F756E64733E0A2020202020203C2F62706D6E64693A42504D4E53686170653E0A2020202020203C62706D6E64693A42504D4E53686170652062706D6E456C656D656E743D227072696E636970616C4175646974222069643D2242504D4E53686170655F7072696E636970616C4175646974223E0A20202020202020203C6F6D6764633A426F756E6473206865696768743D2235352E30222077696474683D223130352E302220783D223138302E302220793D223136302E30223E3C2F6F6D6764633A426F756E64733E0A2020202020203C2F62706D6E64693A42504D4E53686170653E0A2020202020203C62706D6E64693A42504D4E53686170652062706D6E456C656D656E743D226578636C75736976656761746577617931222069643D2242504D4E53686170655F6578636C75736976656761746577617931223E0A20202020202020203C6F6D6764633A426F756E6473206865696768743D2234302E30222077696474683D2234302E302220783D223337302E302220793D223136372E30223E3C2F6F6D6764633A426F756E64733E0A2020202020203C2F62706D6E64693A42504D4E53686170653E0A2020202020203C62706D6E64693A42504D4E53686170652062706D6E456C656D656E743D22636F6E6669726D52656365697074222069643D2242504D4E53686170655F636F6E6669726D52656365697074223E0A20202020202020203C6F6D6764633A426F756E6473206865696768743D2235352E30222077696474683D223130352E302220783D223531302E302220793D223136302E30223E3C2F6F6D6764633A426F756E64733E0A2020202020203C2F62706D6E64693A42504D4E53686170653E0A2020202020203C62706D6E64693A42504D4E53686170652062706D6E456C656D656E743D22656E646576656E7431222069643D2242504D4E53686170655F656E646576656E7431223E0A20202020202020203C6F6D6764633A426F756E6473206865696768743D2233352E30222077696474683D2233352E302220783D223534352E302220793D223336392E30223E3C2F6F6D6764633A426F756E64733E0A2020202020203C2F62706D6E64693A42504D4E53686170653E0A2020202020203C62706D6E64693A42504D4E53686170652062706D6E456C656D656E743D226D6F646966794170706C79222069643D2242504D4E53686170655F6D6F646966794170706C79223E0A20202020202020203C6F6D6764633A426F756E6473206865696768743D2235352E30222077696474683D223130352E302220783D223333382E302220793D223236312E30223E3C2F6F6D6764633A426F756E64733E0A2020202020203C2F62706D6E64693A42504D4E53686170653E0A2020202020203C62706D6E64693A42504D4E53686170652062706D6E456C656D656E743D226578636C75736976656761746577617932222069643D2242504D4E53686170655F6578636C75736976656761746577617932223E0A20202020202020203C6F6D6764633A426F756E6473206865696768743D2234302E30222077696474683D2234302E302220783D223337302E302220793D223336362E30223E3C2F6F6D6764633A426F756E64733E0A2020202020203C2F62706D6E64693A42504D4E53686170653E0A2020202020203C62706D6E64693A42504D4E456467652062706D6E456C656D656E743D22666C6F7731222069643D2242504D4E456467655F666C6F7731223E0A20202020202020203C6F6D6764693A776179706F696E7420783D223133352E302220793D223138372E30223E3C2F6F6D6764693A776179706F696E743E0A20202020202020203C6F6D6764693A776179706F696E7420783D223138302E302220793D223138372E30223E3C2F6F6D6764693A776179706F696E743E0A2020202020203C2F62706D6E64693A42504D4E456467653E0A2020202020203C62706D6E64693A42504D4E456467652062706D6E456C656D656E743D22666C6F7732222069643D2242504D4E456467655F666C6F7732223E0A20202020202020203C6F6D6764693A776179706F696E7420783D223238352E302220793D223138372E30223E3C2F6F6D6764693A776179706F696E743E0A20202020202020203C6F6D6764693A776179706F696E7420783D223337302E302220793D223138372E30223E3C2F6F6D6764693A776179706F696E743E0A2020202020203C2F62706D6E64693A42504D4E456467653E0A2020202020203C62706D6E64693A42504D4E456467652062706D6E456C656D656E743D22666C6F7733222069643D2242504D4E456467655F666C6F7733223E0A20202020202020203C6F6D6764693A776179706F696E7420783D223431302E302220793D223138372E30223E3C2F6F6D6764693A776179706F696E743E0A20202020202020203C6F6D6764693A776179706F696E7420783D223531302E302220793D223138372E30223E3C2F6F6D6764693A776179706F696E743E0A20202020202020203C62706D6E64693A42504D4E4C6162656C3E0A202020202020202020203C6F6D6764633A426F756E6473206865696768743D2231362E30222077696474683D2233322E302220783D223436392E302220793D223136382E30223E3C2F6F6D6764633A426F756E64733E0A20202020202020203C2F62706D6E64693A42504D4E4C6162656C3E0A2020202020203C2F62706D6E64693A42504D4E456467653E0A2020202020203C62706D6E64693A42504D4E456467652062706D6E456C656D656E743D22666C6F7734222069643D2242504D4E456467655F666C6F7734223E0A20202020202020203C6F6D6764693A776179706F696E7420783D223536322E302220793D223231352E30223E3C2F6F6D6764693A776179706F696E743E0A20202020202020203C6F6D6764693A776179706F696E7420783D223536322E302220793D223336392E30223E3C2F6F6D6764693A776179706F696E743E0A2020202020203C2F62706D6E64693A42504D4E456467653E0A2020202020203C62706D6E64693A42504D4E456467652062706D6E456C656D656E743D22666C6F7735222069643D2242504D4E456467655F666C6F7735223E0A20202020202020203C6F6D6764693A776179706F696E7420783D223339302E302220793D223230372E30223E3C2F6F6D6764693A776179706F696E743E0A20202020202020203C6F6D6764693A776179706F696E7420783D223339302E302220793D223236312E30223E3C2F6F6D6764693A776179706F696E743E0A20202020202020203C62706D6E64693A42504D4E4C6162656C3E0A202020202020202020203C6F6D6764633A426F756E6473206865696768743D2231362E30222077696474683D2234382E302220783D223334312E302220793D223231352E30223E3C2F6F6D6764633A426F756E64733E0A20202020202020203C2F62706D6E64693A42504D4E4C6162656C3E0A2020202020203C2F62706D6E64693A42504D4E456467653E0A2020202020203C62706D6E64693A42504D4E456467652062706D6E456C656D656E743D22666C6F7736222069643D2242504D4E456467655F666C6F7736223E0A20202020202020203C6F6D6764693A776179706F696E7420783D223339302E302220793D223331362E30223E3C2F6F6D6764693A776179706F696E743E0A20202020202020203C6F6D6764693A776179706F696E7420783D223339302E302220793D223336362E30223E3C2F6F6D6764693A776179706F696E743E0A2020202020203C2F62706D6E64693A42504D4E456467653E0A2020202020203C62706D6E64693A42504D4E456467652062706D6E456C656D656E743D22666C6F7737222069643D2242504D4E456467655F666C6F7737223E0A20202020202020203C6F6D6764693A776179706F696E7420783D223431302E302220793D223338362E30223E3C2F6F6D6764693A776179706F696E743E0A20202020202020203C6F6D6764693A776179706F696E7420783D223534352E302220793D223338362E30223E3C2F6F6D6764693A776179706F696E743E0A20202020202020203C62706D6E64693A42504D4E4C6162656C3E0A202020202020202020203C6F6D6764633A426F756E6473206865696768743D2231362E30222077696474683D2236342E302220783D223431392E302220793D223339312E30223E3C2F6F6D6764633A426F756E64733E0A20202020202020203C2F62706D6E64693A42504D4E4C6162656C3E0A2020202020203C2F62706D6E64693A42504D4E456467653E0A2020202020203C62706D6E64693A42504D4E456467652062706D6E456C656D656E743D22666C6F7738222069643D2242504D4E456467655F666C6F7738223E0A20202020202020203C6F6D6764693A776179706F696E7420783D223337302E302220793D223338362E30223E3C2F6F6D6764693A776179706F696E743E0A20202020202020203C6F6D6764693A776179706F696E7420783D223233322E302220793D223338362E30223E3C2F6F6D6764693A776179706F696E743E0A20202020202020203C6F6D6764693A776179706F696E7420783D223233322E302220793D223231352E30223E3C2F6F6D6764693A776179706F696E743E0A20202020202020203C62706D6E64693A42504D4E4C6162656C3E0A202020202020202020203C6F6D6764633A426F756E6473206865696768743D2231362E30222077696474683D2236342E302220783D223330312E302220793D223339322E30223E3C2F6F6D6764633A426F756E64733E0A20202020202020203C2F62706D6E64693A42504D4E4C6162656C3E0A2020202020203C2F62706D6E64693A42504D4E456467653E0A202020203C2F62706D6E64693A42504D4E506C616E653E0A20203C2F62706D6E64693A42504D4E4469616772616D3E0A3C2F646566696E6974696F6E733E, '0');
INSERT INTO `act_ge_bytearray` VALUES ('15003', '1', 'transfer.png', '15001', 0x89504E470D0A1A0A0000000D49484452000004E90000027F0802000000A22C10410000341049444154789CEDDD6F8C1CF57D3FF0A354E82AB5CA55FD13AB4FB8A80FB8076D7D6AA2D84F1A9C4AC5AED486931A856B1F3827554A2C4585A8AA52AB15316AA056D5A4564A286983736A45EB28323A29909F1B305C5A2057FE18F3C7C905301C983F87C170601BD6E7B33DBFE11636CBEEECECECEDDECE77665F2F7D65DDEECECCCECCF7FBBDFDBC3D7BBB4311000000846D28EF1D000000803664570000004227BB020000103AD915000080D0C9AE000000844E760500002074B22B000000A1935D010000089DEC0A000040E864570000004227BB020000103AD915000080D0C9AE000000844E760500002074B22B000000A1935D010000089DEC0A000040E864570000004227BB020000103AD915000080D0C9AE000000844E760500002074B22B000000A1935D010000089DEC0A000040E864570000004227BB020000103AD915000080D0C9AE000000844E760500002074B22B000000A1935D010000089DEC0A000040E864570000004227BB020000103AD915000080D0C9AE000000844E760500002074B22B000000A1935D010000089DEC0A000040E864570000004227BB020000103AD915000080D0C9AE000000844E760500002074B22B000000A1935D010000089DEC0A000040E864570000004227BB020000103AD915000080D0C9AE000000844E760500002074B22B000000A1935D010000089DEC0A000040E864570000004227BB020000103AD915000080D0C9AE000000844E760500002074B22B000000A1935D010000089DEC0A000040E864570000004227BB020000103AD915000080D0C9AE000000844E760500002074B22B000000A1935D010000089DEC0A000040E864570000004227BB020000103AD915000080D0C9AE000000844E760500002074B22B000000A1935D010000089DEC0A000040E864570000004227BB020000103AD915000080D0C9AE000000844E760500002074B22B000000A1935D010000089DEC0A000040E864570000004227BB020000103AD915000080D0C9AE000000844E760500002074B22B000000A1935D010000089DEC0A000040E864570000004227BB020000103AD915000080D0C9AE000000844E760500002074B22B000000A1935D010000089DEC0A000040E864570000004227BB020000103AD915000080D0C9AE000000844E760500002074B22B000000A1935D010000089DEC0A000040E864570000004227BB020000103AD915000080D0C9AE000000844E760500002074B22B000000A1935D010000089DEC0A000040E864570000004227BB020000103AD915000080D0C9AE000000844E760500002074B22B000000A1935D010000089DEC0A000040E864570000004227BB020000103AD915000080D0C9AE000000844E760500002074B22B000000A1935D010000089DEC0A000040E864570000004227BB020000103AD915000080D0C9AE000000844E760500002074B22B000000A1935D010000089DEC0A000040E864570000004227BB020000103AD915000080D0C9AE000000844E760500002074B22B000000A1935D010000089DEC0A000040E864570000004227BB020000103AD915000080D0C9AE000000844E760500002074B22B000000A1935DE940A552D9B76FDFE4E4E4962D5B4647478706557CECF119989898989E9E5E5A5ACABB5BA007CCEE2AB31B008225BB92D5810307E2AA2E2E6D6FBDF5D6BB0E1E7CFAE8D1B32B2B83D9E2638FCFC0FEFDFBB76FDF1E9F93B8C6CDBB73A02B66B7D90D00E1935D696F6969696A6A6AEBD6ADC75E387676E5AC56DF5E7DEDD5B8C68D4FCEE2E262DE1D051D33BBCD6E00280AD99536E2D2767C7CFC96BDDF3ABBB2ACB56AB7DF71FBA64D9B161616F2EE2EE880D96D76034081C8AEB4313535B55ADA9ED1D2DB5D07EFBCFCF24FE4DD5DD001B3DBEC068002915D4973E0C081AD5BAF583957D1B2B42FFDF55FDD70C357F2EE34C8C4EC36BB01A05864575AAA542AA3A3A32FBCB8B072EE1D2D4B3B75FA8D8D1B7F677E7E3EEFAE8336CC6EB31B000A4776A5A5E9E9E9A9A9A995736FD7DA27B7FD51C6EF99A85F6BA0DA0D37FCDDCE9D3BF3EE3A68C3EC36BB01A07064575A9A9898D87FDB777E56DA5EB1F5E5287AEE7CF4D44AF4E3E5E8D1E5E8A153E7F6DC76F70F5E7CF381B3D1FF55A2072AD1BD6F47779E89BE7EEFE39FDBF1F9DC0BCD5CDAC387E6C6C7C7F3EEBAA2AA7EE6ED007EA9661C08EB7F6EB6B64DA530BBCD6E00281CD99596C6C6C68E1C7964E5DCE96A8B6BE2535174FA42F4E6B9E8F5B3D1DB51F4977FF3E5A19FFBC5CD574CBCB8121D5B8E8E9D89162AD1D3E7A2EFFEE8D1D58B33A707B09D3A7D62787838EFAE2BA438B25E7EF9E5B7ECDDBB65CB96018FAFF53713B3684A40CD985DCD6EB31B000A4776EDB14AA5323333B36BD7AE8989892DEFDBB66D5B7CCFBE7DFB8A55918F8C8CBC76E2C59573A7AA2D2E58DF3E1F2D9F7FF7A17317DEFDF77BDFFFEFDFF8CDDFFADBEBBF7A2E8A4E9E8BDE5C895E5F89E223BCF3C1C756ABDB5383D93ABA4A465535B83EF4F0A1B32BE7E27F0730BE360F9BF42BAEAD1ECA38FCCC6EB31B000AC7CB70CFC49135CEA8C3C3C3716A8D93EAFEFDB7DD75F0EE6ABBFD8EEF5F7BED97272727E37A71F3E6CDD3D3D379EF6C26AB15EAC95A8B6F9E3E179D78273A7BFEBD05E274F14F377EF32BFF78E3B19716E39B2B17A2B3AB55EFFD0F3FDAB0EE4035D56DA7EA836BB50D667CADCAF89EE1EA9D297F95DAF659CC6EB31B008AC5CB700F1C3E7C38AEB3E3C81A67D45AF1DDAADD7BDFFDDBB77F767C7C7C767636EF1D6F63B5427DABD6DEAD6ECF47AFBE1DBD722A5A89A2B3CBCB63975D363474F1D0D0F0A7FF747BFD8A0F1D7AA461DD816AAADB8E3407D7018FAFCDEF165E8FBF7735BBCD6E00281C2FC3DDDABD7B771C44EF3A7877DBD4DA5097C7F5FA8E1D3B2A954ADE47D0D26A85FA66AD55DF5578E29DE8A593D1F133D143479EF9F0873F7CF1CF5FF20B1FFAD5C93FFB4075FBE0C3871AD61DA8A6BACDAE55701DA8F8DA70A5B4D3ECDAEA0F65DB3EA9D96D760340B178195EBB38764E4E4EEEDCB9B3A3D45ADFBE71D34D7169BEB8B898F7A1245BAD50976A2DBEF9CE85E8F5CABB57665E3D131D7C70FEB7377EF4577FEDD73F34F2CBDFFCF7EF9E89A253CBD1DBCBEFAE78EFDC830DEB0E5453DD66941E5C072ABE461F4CAAE96F006EBEB3D5CFE94F67769BDD00502C5E86D7280EAE9B376FDEB76FDF9A836BED2DC4F176161616F23EA004719576EEDC1BB5562DDAE202F7CD95E88DB3D14B2757EE7F7C61E3EF7EEC937FF087C797A3572AD1F14A7462398AEBDB7B1F78B061DD816AAADB2CB204D7818AAF9D5E77ED3EBB9ADD663700148B97E1359A9C9CEC3EB8D64AF338BE06F8E6E1860A75CB272F7FEC274F3DF4F8FCDCE1F9FB0ECDDFF7C893F73F76F49E077EFCA3C79FFD9F434FFEEFA19FDEF7C84FE71E7DF2F1A79EBFE95FF77EE6AACFE45E65AA6E83953DB80E4E7CED26BB66B9BF7931B3DBEC068062F132BC16BB77EFEEE6ADC2CD6DFFFEDB262626F23EAC46ABD5EDEBF5ED0B5FF87CCAE79AD6FCC9A73FDDB0E24035D56DBA4E83EB80C4D7ECEF196E583EE3FDCD8B99DD663700148B97E18E1D3E7C787C7CBC87C1B5DA3EF7B9CFDF7CF3CD791FDC07AC56B727B44E9BEA36C5DA82EB20C4D73CAEBBE63F590AD7CC6E00C89197E18EC5C1756D95777A3BF6C28B975E3A1AD43B87DFAD6ECFBFA675DA54B7AD3407D7DBEFF8FE65978D3D7DF468E2A478F5B5131B376EBC65EFDE4188AFAD226BF6EBAE2917691357CF7DA614B199DD0090232FC39D999999999898E87970ADB6ABAFBE66CF9E3D791FE2CFAC56B7AF6A9D36D56DA2C4E03A3C3C1C9FAE4B2F1D6D8EAFD5E05A0D63A58FAFB598BA4ECB276E21F79952C4667603408EBC0C77262E9A3BFD2AD78E2EBD6ED8B021EF43FC99D5EAF6B8D66953DD364B09AE550DF1B53EB8963EBED60F98943F345DF3F2AD9E34F79952C4667603408EBC0C7720AE95474646D629B856DBA64D9BE6E6E6F23ED0F7AC56B7AF689D36D56D83E6E07AF2D4E90D1B363464AD5A7C6D0EAEB138E81E7BE1C5B2C6D7FE33BBCD6E00281C2FC31D989E9E9E9A9A5AD7EC7AFD0D37ECDCB9B39F0795129557ABDBC5ECADD3E5D7BC6247CB675C3871B1B51DD1E054B759FE9FA5D58733C5F78C8C8C34C7D7438F3C92185C6FBFE3FBCD5B105FD3F57076773FD7D63CC5EA9769BB7C470B9BDD00502C5E863BB063C78E9B6FBE795DB3EB5D07EF8ECBF1BE1DD1F1E3C71717171716164E9C3871FAF4E98647D7102913655F3265954EEBDD35D7C7DDD7BE0352DDA60F9EAAF44F154E8CAF975C724996E02ABEB6D5DBD9BD86DF005966627FB26B96DF2A66370084CFCB7007B66DDBD6AA86EE557BFAE8D14B2F1DEDE741BDF5D65B7136181D1D3D78F0E0B163C7EA1F5AADF65ECED85A2D9C65231D3D51DBE5DB06E3F70BD9E46DD63FD4E98ED5D6EA670FE62865F044D9BE0E2731BE660CAEE26B5BBD9ADD6D6759F36449DC7ECABC4B5938FB946CDE87C4C9DEE581E7D59B008097E10EACD3B7E3D4B793A74EC7B5663F0F6A7E7E3E2EFDAB155E1CCE9F7BEEB9175E78A1FA507CCFF9F32F6569AD964CD9424A5C59F3D36579B4799986A76E7828FB36EBD7EA670FE62865F064FF1ED794F8DA36B88AAFE97A32BBB3CCA386AD75FFABA3D5C6537E57D44FE1560BF4E490F3ED530018645E863BB061C386FA4F8B59A716D746B572B30F76EFDEBD73E7CEDACD382DCCCCCCCCCECEBE5FF9BDD8B6B55A2CE3EA1D2DB97ECBD796A95FB8FAF31A9EAE9F3D98A394C11307D7EC9FC87DCFEC0F2FBEF8E2868D5F74D1457BF77E3BE316AA6FB61F90D39E5DF7B33BFBCC4ADC81E647B3CFCDA1A62939D43437D3A76AFACD351F72DE2F440030B8BC0C77606C6CEC892347FA905DFB7950F7DC73CFC4C444B5ACDCB16347A552A93DB45AEABD90A5B5ADA13B5AB87995E6A7EBE1FE346CB37E99B67BD2EAD9FBD983394A193C870F1F8EE3EBABAF9D683BE0133F55B82AF17B5F13B710A7D6F819733C1561EAC9ECCE380DEB6750AB799AE59E561BACFFB7D58A89DBCFF85BC5EC0680F07919EEC0BA7EB96BB5F5F9EF5D97568D8C8CC4B1FC99679E697874B5D43B96A5A52F997D3BD99FABA3674CBFD97067FDA36BDBF301A96ED3074F942DBEA604D78CF155706DA557B33B659CD765C28419D4FC1459EEC938257BFB5BC5EC068042F032DC81A9A9A95BF6EE5DD7EC7AEF7DF76FDAB4A96F4774E6CC994AA5B2B8B898F8E86A75F87C96D6B064FACDDA9DAD6479AEF4C5D6BC3F0D8F663F030D9BEA5B0FE6287DF054A5C7D7C4E07AD14517658FAF826B8A5ECDEE5683BCB685DAC4693B97136762AB3DA9DF6CF3167AFB5BC5EC068042F032DC813D7BF65C7DF535EB9A5DE36CBC7DFB67F33ED0F7AC7776CDB2A9948AB66D619DB1906DB833B15056DDAE59ABF89A185C878787BFFECF37267EEF6B737C155CBBD17D9C1B6ACAAE89F7B7FDCD90F2ABA079812C71770DBF55CC6E0028042FC31D585858181D1D5DD7ECBA75EBD603070EE47DA0EF592DF89ECBD21A964CBFD97C67AB9FB3AFD5C3FDC9BE3329CF9E77D785A539BEB60AAED54F154EFCE4E186F82AB876696D633B65CA34CFA0E6A7485CB2D59EA44CC9B6ABF464229BDD00101A2FC39D59D78F6B3A79EA745CB2D77F9E4ABEDE2DF82E2C6469F54B567F6EBEA7ED2A290B77BA64C343E9371BEECCBE3329CF9E77D705A739BE6EDFFED9C4E05A6DCDF175EBD6ADF104115C7B656D633B65CA0C25695E650D132DCBFCEDE6B78AD90D0045E165B833EBFAB6E1AF7EED6BF1C6F33EC49F592DF89EEDA8D5AFF27E9D9A69952C0B372FD06A95C432FA832575CB8DD7F6A7F9CEEC2721EFAE0B514A7C4DFC1ED7FAF82AB8F6DC1A6677CA2C4B9C2CE913B6D5CF6D7FAB64998FD97FABACE1A8F3EE3A00185C5E863B53A954464747D7E35B5EE3D2FCD24B47D33FF9A6CF56CBBE6732B6F7CBC4ACF7273E94BE70F6FB9B379B7D95FA7D68FE21E3A9C8BBEB0295185F13836B7D7C155CD74347433ACBD4EB68D6343F9465E1FA657AF25B656D479D77D701C0E0F232DCB17DFBF67DE6AAAB4A7FD1357AAFBA3DDAB6BD5F1AB659A661F994551A1E6ABBFD2C0BB45DBDB64CE2B3673C15B555F2EEBA7035C7D738A0A6CC8B278E1C115CD74347433ACB98CF3E2BD7767FE253ACF9B74A37479A77D701C0E0F232BC169FBAF2CAFDFB6FEB61708D0BF48D1B37C6357ADE47F601ABD5DED35AA74D759B2ECBF7BE3637C1B5B7CC6EB31B000AC7CBF05A2C2D2D6DDAB4A9571FDA54FDCCD5A78F1ECDFBB01AAD56B74F699D36D56D5B9DC657C1B5E7CC6EB31B000AC7CBF01ACDCFCFC7F1B5F93B27D7105C3F75E595B7DFF1FDBC0F2881EA5675BB7EB2C757C1753D98DD663700148E97E1B58B8BE98D1B37DE7BDFFDDDBC55380EC06106D768B5BABD70E149ADD3A6BACD284B7C155CD789D96D760340E17819EECAD2D2525C7C5F7BED973BFDE3BD93A74E7FF56B5FABBEF138EF836869B5BAFDA9D66953DD66971E5F05D7F563769BDD0050385E86BB55A954E2EC7AD965637116AD7D206A7ABB65EFDE78F9ABAFBE262ECDF3DEFD34ABD5EDBCD66953DD76A4557C155CD795D96D760340E17819EE8DC5C5C52F7EF18B2323239FBAF2CA389A367FED477CCFADB7FEE767AEBA2A5E66FBF6CF2E2C2CE4BDCBEDAD56B73FD13A6DAADB4E35C757C175BD99DD663700148E97E15EAA542A3333335353531B376E1CFAA0F89E38B8EEDBB76F696929EFDDCC6A7878F89D771EB970E1C75A474D75BB06F5F15570ED03B3DBEC0680C2F1324C4BA3A3A3CF3EFB830B178E681D35D5EDDA54E3EBD3478F0AAE7D60769BDD0050385E866969DBB66DFFEFC0CD17A227B4ECED27F3DF1B1B1BCBBBEB8A2A8EAC71A6125CFBC0EC36BB01A07064575ADABD7BF7CE9D7F9E7BBD58ACF6EDE9EBA7A6A6F2EEBA0273F6FAC3EC36BB01A07064575A5A5858181BFBC83B95872E448F6B19DBC4C4EFCFCCCCE4DD7505E63D99FD61769BDD005038CA44D2EC7AD78E0BD1635A96F65FFBFE6172725BDE9D566CB26BDF98DD663700148B329134954A65CB968FCDCDFD47143DAAA5B7C5C58363631F595ABA37EF4E2B36D9B56FCC6EB31B008A4599481BF3F3F3E3E397CDCFCF44D161AD558B4BDB3806CCCE7E2BEFEE2A3CD9B59FCC6EB31B000A4499487B7373737181BB7BF75F44D1235A739B99F9DAD8D8E8ECECBFE5DD516520BBF699D96D760340512813C9A452A9ECDC39B565CB47A7A7AF5B5CBC338A0E694B4B3FDCB7EFEF2727B74E4C6C897FCEBB8B4A4276ED3FB3DBEC0680425026D281D9D9D9A9A93FDEB0E15786181A1A19F9A5C9C92BE20237EF6E299521D9352766773DB31B0002A44CA4907CCB62590DC9AE03CFEC0600122913299EC71E7B6C7A7A3AEFBD28ADB6E9B17E81C46B56DD3C97EC8A310000245222503CFFF22FFF323F3FBFB2B292F78E945396E4D0B04CED66E2BA291B945D69660C000089940814CC77BEF39D858585E1E1E1575E7925EF7D2989B67FFB97B84AE246529E22E3FD720BC6000090488940912C2D2D1D387060626222AE6E3FF1894F9C3D7B36EF3D2AA14EDFF49B3DEB6689C7720BC6000090488940917CF39BDF8CB36B2DF0DC7DF7DD79EF5109ADED0F56D3DF369CFDB9E4168C010020911281C2585A5A9A9F9F1F1B1BAB65D70D1B36F8ABD79E4B4F0E0D574A3BCDAEADFE5036E3B333088C010020911281C278E8A1870E1F3E1CD7B5BFF77BBFB765CB9638B8C63F1F3F7E3CEFFD2AB6B67FEC9AF836E0FAA49ABE70FABB8265579A190300402225028571F2E4C9DA55D6D9D9D9F8DF4AA572FEFCF93CF7A9745A85D5E6C5DAFE90B87CCACF29AB33508C0100209112814252DDAE87A1F73F5129CAFCD6DF3564D7F4FBF52CC600009048894021A96E7BAEA3BF5CCDFE9EE1F44DC9AE3433060080444A040A4975DB5BD9DFD3DB70BFEBAEF49C3100002452225048AADB5E49FC74A5F405A2D69135FB75D7B69F02C5C032060080444A040A4975BB7E327E5053F62EE868793D8B3100002452225048AADBF593F1539AA2D4EFD7E9C9F20C2663000048A444A09054B765A56731060080444A040A49755B567A1663000048A444A09054B765A56731060080444A040A49755B567A1663000048A444A09054B765A56731060080444A040A49755B567A1663000048A444A09054B765A56731060080444A040A49755B567A1663000048A444A09054B765A56731060080444A040A49755B567A1663000048A444A09054B765A56731060080444A040A49755B567A1663000048A444A09054B765A56731060080444A040A49755B567A1663000048A444A09054B765A56731060080444A040A49755B567A1663000048A444A09054B765A56731060080444A040A49755B567A1663000048A444A09054B765A56731060080444A040A49755B567A1663000048A444A09054B765A56731060080444A040A49755B567A1663000048A444A09054B765323737B7B4B4B4B8B878F8F0E1EBAEBBEEC081030B0B0BCBCBCB79EF17F930BB0180444A040A49755B262FBFFC721C5F474747A7A6A6E2EC1AFF1BFFFCE69B6FE6BD5FE4C3EC06001229112824D56DC9BCF1C61B23232343EFFBF8C73F9EF71E911BB31B0048A444A09054B72573FCF8F11B6FBCB1965D9F7FFEF9BCF788DC98DD004022250285A4BA2D9F975F7E797C7C3CEED96BAEB926EF7D214F6637009048894021A96ECB677979F9E1871F8E7BB652A9E4BD2FE4C9EC06001229112824D56D293DFFFCF3D3D3D379EF053933BB0180444A040A49755B560B0B0B79EF023933BB0180444A040A49755B567A1663000048A444A09054B7BD55A954F6EDDB373939B965CB96D1D1D1A141151F7B7C06262626A6A7A7979696F2EE960135647603004994081492EAB6870E1C381067B638B8DE7AEBAD771D3CF8F4D1A367575606B3C5C71E9F81FDFBF76FDFBE3D3E27FEF836176637009048894021A96E7B626969696A6A6AEBD6ADC75E387676E5AC56DF5E7DEDD538C1C62767717131EF8E1A2C6637009048894021A96EBB1707D7F1F1F15BF67EEBECCAB2D6AADD7EC7ED9B366DF20952FD647603008994081492EAB67B535353ABC1F58C96DEEE3A78E7E5977F22EFEE1A206637009048894021A96EBB74E0C081AD5BAF583957D1B2B42FFDF55FDD70C357F2EEB441617603008994081492EAB61B954A657474F485171756CEBDA36569A74EBFB171E3EFCCCFCFE7DD7503C1EC06001229112824D56D37A6A7A7A7A6A656CEBD5D6B9FDCF64719BF45A67EAD816A37DCF0773B77EECCBBEB0682D90D002452225048AADB6E4C4C4CECBFED3B3F0BAE576C7D398A9E3B1F3DB512FD78397A74397AE8D4B93DB7DDFD8317DF7CE06CF47F95E8814A74EFDBD19D67A2AFDFFBF8E7767C3EF718994B7BF8D0DCF8F878DE5D3710CC6E00209112814252DD76636C6CECC8914756CE9DAEB6F8649E8AA2D317A237CF45AF9F8DDE8EA2BFFC9B2F0FFDDC2F6EBE62E2C595E8D87274EC4CB450899E3E177DF7478FAE5E7A3D3D80EDD4E913C3C3C37977DD4030BB0180444A040A4975DB8D919191D74EBCB872EE54B5C527F3EDF3D1F2F9771F3A77E1DD7FBFF7FDFFFE8DDFFCADBFBDFEABE7A2E8E4B9E8CD95E8F59568298AEE7CF0B1D5EC7A6A309B51D71FCE33009048894021A96EBBB19A3F4FD65A7CF3F4B9E8C43BD1D9F3EF2DB0B4B4F44F377EF32BFF78E3B19716E39B2B17A2B3AB99F6FE871F6D5877A09A51D71FCE33009048894021A96EBBB19A3FDFAAB577B3EBF9E8D5B7A3574E452B5174767979ECB2CB86862E1E1A1AFEF49F6EAF5FF1A1438F34AC3B50CDA8EB0FE7190048A444A09054B7DD58CD9F6FD65AF53DC327DE895E3A191D3F133D74E4990F7FF8C317FFFC25BFF0A15F9DFCB30F64D7071F3ED4B0EE4035A3AE3F9C6700209112814252DD7663357F2ED55A7CF39D0BD1EB9577AFBBBE7A263AF8E0FC6F6FFCE8AFFEDAAF7F68E497BFF9EFDF3D1345A796A3B797DF5DF1DEB9071BD61DA866D4F587F30C002452225048AADB6EC467EFDCB9376AAD7A32E3F8FAE64AF4C6D9E8A5932BF73FBEB0F1773FF6C93FF8C3E3CBD12B95E878253AB11CC5E9F5DE071E6C5877A09A51D71FCE33009048894021A96EBBD1903FB77CF2F2C77EF2D4438FCFCF1D9EBFEFD0FC7D8F3C79FF6347EF79E0C73F7AFCD9FF39F4E4FF1EFAE97D8FFC74EED1271F7FEAF99BFE75EF67AEFA4CEE1952762D37E7190048A444A09054B7DD58CDAEAFD7B72F7CE1F34319FCC9A73FDDB0E24035A3AE3F9C6700209112814252DD766335BB9ED03A6D465D7F38CF004022250285A4BAEDC6BBD9F5FC6B5AA7CDA8EB0FE7190048A444A09054B7DD58CDAEAF6A9D36A3AE3F9C6700209112814252DD766335BB1ED73A6D465D7F38CF004022250285A4BAEDC66A767D45EBB41975FDE13C03008994081492EAB61BABD975B19BB6B62D34AC957D236D974C5CA0FBC36CDE60DE5D37109C6700209112814252DD76A327A1AEB691565FA853BF64E2A33DCCAE6DF747762D10E7190048A444A09054B7DD58CD722F77D96A1B69FEA1E1E7567736C5CB960F2565D1361B6FB50F5D1E72DE5D37109C6700209112814252DD76233E7BE7CFBFD4AB56DB5AFD661B9EA22179A62F9CB87ACACDE6759BF5EA48F3EEBA81E03C03008994081492EAB61BAB59EEC535B7BA40F8DECDFA3B6B371B566958B2E1CEE6A7C87E33653FBB39CCC40DE6DD7503C17906001229112824D56D375643DD0B5DB6DA469A7F68F8B97AF383E13679B194D5D36FD6369B78D1B5E149BB39E4BCBB6E2038CF004022250285A4BAEDC66A903BD665AB6DA475566C5CBEE1FEEACF893B9312411337DE6A3BBD6D465D7F38CF004022250285A4BAEDC66ACC7BBECB56DB48E2D61AEEACDE6CFEB7F668E2F2196F36EF4F52D6EDF678AB5BCEBBEB0682F30C002452225048AADB6EAC47766D088A0DD1342573A66F7C6DD9357D6BB26BE09C6700209112814252DD766335CB3DD765AB6EE4FDB0FA5C6D9B0D376B77B67B0F70C2C633DE6CB833CBF6D77CC87977DD40709E0180444A040A4975DB8D77B3DC85852EDB7B9970F587DABFCD375BAD9B65E36959B7C536131FEDC9F156B79377D70D04E7190048A444A09054B7DD58CD72CF76D96A1BA9FEF0C160F96CE253D4AFD2B07CAB25B3DCACDF66F3C65B3DC5DA0E39EFAE1B08CE33009048894021A96EBBB19AE59EE9554BDC5AFA9D9DEE4096E55336DEABE335EAFAC37906001229112824D56D3756B3DCD19EB4E64DD55DEA6CBCA7DDDB803B78968C0B67D978475BCEBBEB0682F30C002452225048AADB6EAC66B9A7B54E9B51D71FCE33009048894021A96EBBB19A5D9FD23A6D465D7F38CF004022250285A4BAED86EC2ABB86CC7906001229112824D56D37E2B377E1C2935AA7CDA8EB0FE7190048A444A09054B7DD58CDAE3FD53A6D465D7F38CF004022250285A4BAEDC66A769DD73A6D465D7F38CF004022250285A4BAEDC66A76FD89D66933EAFAC37906001229112824D56D37868787DF79E7910B177EAC75D48CBAFE709E0180444A040A4975DB8DD1D1D1679FFDC1850B47B48E9A51D71FCE33009048894021A96EBBB16DDBB6FF77E0E60BD1135AF6F693F9EF8D8D8DE5DD7503C1EC06001229112824D56D3776EFDEBD73E79FE79E068BD5BE3D7DFDD4D454DE5D3710CC6E00209112814252DD76636161616CEC23EF541EBA103DAE656C1313BF3F33339377D70D04B31B0048A444A09054B75DDAF5AE1D17A2C7B42CEDBFF6FDC3E4E4B6BC3B6D5098DD004022250285A4BAED52A552D9B2E5637373FF11458F6AE96D71F1E0D8D8479696EECDBBD30685D90D002452225048AADBEECDCFCF8F8F5F363F3F134587B5562D0EAE71C89F9DFD56DEDD3540CC6E00209112814252DDF6C4DCDC5C1C5F77EFFE8B287A446B6E33335F1B1B1B9D9DFDB7BC3B6AB098DD004022250285A4BAED954AA5B273E7D4962D1F9D9EBE6E71F1CE283AA42D2DFD70DFBEBF9F9CDC3A31B125FE39EF2E1A386637009048894021A96E7B6B7676766AEA8F376CF89521868646467E6972F28A38BEE6DD2D036AC8EC06009228112824D56D59F90E55CC6E00209112814252DD96959EC51800001229112824D56D59E9598C0100209112814252DD96959EC51800001229112824D56D59E9598C0100209112814252DD96959EC51800001229112824D56D59E9598C0100209112814252DD96959EC51800001229112824D56D59E9598C0100209112814252DD96959EC51800001229112824D56D59E9598C0100209112814252DD96959EC51800001229112824D56D59E9598C0100209112814252DD96959EC51800001229112824D56D59E9598C0100209112814252DD96959EC51800001229112824D56D59E9598C0100209112814252DD96959EC51800001229112824D56D59E9598C0100209112814252DD96959EC51800001229112824D56D59E9598C0100209112814252DD96959EC51800001229112824D56D59E9598C0100209112814252DD96959EC51800001229112824D56D59E9598C0100209112814252DD96959EC51800001229112824D56D59E9598C0100209112814252DD96959EC51800001229112824D56D59E9598C0100209112814252DD96959EC51800001229112824D56D59E9598C0100209112814252DD96959EC51800001229112824D56D59E9598C0100209112814252DD96959EC51800001229112824D56D59E9598C0100209112814252DD96959EC51800001229112824D56D59E9598C0100209112814252DD96959EC51800001229112824D56D59E9598C0100209112814252DD96959EC51800001229112824D56D59E9598C0100209112814252DD96959EC51800001229112824D56D99CCCDCD2D2D2D2D2E2E1E3E7CF8BAEBAE3B70E0C0C2C2C2F2F272DEFB453ECC6E00209112814252DD96C9CB2FBF1CC7D7D1D1D1A9A9A938BBC6FFC63FBFF9E69B79EF17F930BB0180444A040A49755B326FBCF1C6C8C8C8D0FB3EFEF18FE7BD47F4956BEF00405B02008524BB96CCF1E3C76FBCF1C65A767DFEF9E7F3DE23FACAB57700A02D018042925DCB274E2FE3E3E371CF5E73CD3579EF0B3970ED1D004827005048B26BF92C2F2F3FFCF0C371CF562A95BCF7851CB8F60E00A413002824D9B594E2B8323D3D9DF75E901BD7DE01801402008524BB96D5C2C242DEBB406E5C7B07005208001492EC5A567A76C0B9F60E00B4A24CA490249C525A5A5A9A9A9A8AFFCD7B47C8936BEF004022018042925DCB278EAC975F7EF92D7BF76ED9B2457C1D646637009048894021A96E4BA61A5C1F7AF8D0D99573F1BFE2EB40A9542A333333BB76ED9A9898D8F2BE6DDBB6C5F74C4F4F2F2E2EE6BD8300401004000A49762D93FAE05A6DE2EB8088236B9C5787DA191F1FBFF9E69B7D8013000C380180421A1E1E56C896437370155F07C1ECECECE6CD9BDBA6D67AA3A3A371D6CD7BC70180DCC8AE14525CC5FA40971268155CC5D712AB542A535353CD5756BFF4A5BFDEBFFFB6BB0EDE5D6BD75EFBE5AD5BB7362C393131614800C060925D29A4B8D23D7CF870DE7B4157D283ABF85A4A8B8B8B0D975BAFBEFA9AA78F1E4D1903AFBE76E21B37DDB461C386FA0BB0A63F000C20D995428AF3CCECEC6CDE7BC1DA6509AEE26BC92C2C2CC4B1B31641B76DDB969E5A1B12ECB5D77EB9B6EEF0F0F0DCDC5CDE070400F495EC4A214D4D4D4D4F4FE7BD17AC51F6E02ABE9646A552A9BFE27AFD0D3764ECFDFA76EBADFF19A7D6DAD5571F410C00034576A590E2E01AC7D7BCF782B5E834B88AAFE5303939590BAEFBF7DFB686E05A1B09232323D5EDC44322EFC30200FA4776A590E6E7E7C7C6C6F2DE0B3AB6B6E02ABE16DDCCCC4C97575CEBDBED777CBFB6B53D7BF6E47D7000409FC8AE14958F6B2A9CE6E01A8790CB2E1B6BF5478FAFBE7662E3C68DB7ECDD2BBE165D3C5B6B7FE3DA6570ADB6DADFBE6ED8B0C1D76501C080905D29AA3D7BF67CF18B5FCC7B2FC82A31B856FF76F1D24B479BE36B35B856F389F85A68FBF6EDAB7DC0D2B1175EEC49763D79EA74ED9387FD1E00800121BB5254954AC587B514454A70AD6A88AFF5C1557C2DBAB8B36A5F87D393E05A6DF190A86E76646424EF430400FA4176A5C06667677D584BF89A836BFD45B3E6F8DA1C5C9B2FD989AF4511F751AD137B75D1B5D6E23153DDB26FCC02804120BB526CBB76EDF28EC190B5FA70A6FA4F8BAD8FAF871E792431B8DE7EC7F79BB720BE0622E5AB56A7A7A7AB9D1877566F836BDC3EF7B9CF5737BE73E7CE7E1E2F00900BD995C28BCBD66DDBB6C930014AFF54E1C4F87AC925976409AEE26B388E1F3FBEB8B8B8B0B070E2C489D3A74F373CBA63C78E6A3F76FFF1C2CDEDAE83775737BE79F3E65C8E1D00E827D995323870E0C0E8E8E8AE5DBBFCF96B38B27C1D4E627CCD185CC5D770BCF5D65B714FC573F0E0C183C78E1DAB7F68DBB66DD5AE4CEFC7B5B5A78F1EAD6E3C7EEABC8E1D00E81BD9959288D34B9C5DE31236AE95E31FFCFD5BBEB27F8F6B4A7C6D1B5CC5D740CCCFCFD73E90299E80CF3DF7DC0B2FBC507DA8F6ED386BFB52DFB6AD365AF23D0300401F78BDA7542A95CA810307E2EC5AABA4C9451C5CEF3A7877C6F871CFEC0F2FBEF8E2862D5C74D1457BF77E3BFB7B47B7ACCAE35819DABD7BF7CE9D3B6B378787876766666667678756BF7FB57A67AB6FF1EDB2D5B69FF7EF1E0060DD79BD077AEFF0E1C3717C7DF5B5136DB347E2A70A57257EEF6BE216E2D41A3F63DE073DB8EEB9E79E8989896AAFEDD8B1A352A9D41E1A1B1BABDEFFC49123EB915D6BDFB494E3E10300FDE1F51E581759E26B4A70CD185F05D7DC2DAD1A19198963EA33CF3CD3F068ED6278F6EBF0D95BDCFBD58DFB8A57001804B22BB05ED2E36B6270BDE8A28BB2C757C1350467CE9CA9542AAD3E266D6A6AAADA8FDFB8E9A69E67D7278E1CA96E7C7C7CBCCF470D00F49FEC0AACA356F13531B80E0F0F7FFD9F6F4CFCDED7E6F82AB816C2EEDDBBAB9DB87DFB677B9E5DAFBFE186EAC6272727F33E500060DDC9AEC0FA6A8EAFAD826BF55385133F79B821BE76135C879AFE36B2F99E8C2BAE6D99F4B5D6B68560CDCFCFD7DED67BF2D4E9DE66D7785C55373E3D3D9DF7810200EBAE544512944943784B5C207DDDF48DB77DF635ACD54A737CDDBEFDB389C1B5DA9AE3EBD6AD5B6BC9A7FB2BAE0D0792FDB83A8AAF432DA46FB661F58C3B16B2D1D1D1EAB1ECDF7F5B0F836BEDCB5D63BE2109000641190A2328812C092771ADC48D74BA62FA32190358BA94F89AF83DAEF5F1B5B7C135E5489BEFCFA2D5D69A7F487CAE35776251D4BE3E67E3C68D3DBCF4FAA92BAFAC6E76626222EF430400FAA13CE51194497A746995A052D6EA3480256EADCB4095185F13836B7D7CED61706D75D4EB742AB264D7FABE4BDC811284D8A5A5A5DAB7B05E7FC30D3D09AEF7DE777FED74F99B6700181085AF8AA004DA06CBF4489398919A9F22FBCD2CBB97FDE8EA35C7D738A0A64494278E1CE9F915D72C673265F994FB9B2371D4144A9B9FAE9BAE298A3D7BF654CFC0F0F070F75F96F3F4D1A3B530BC63C78EBC0F0E00E893325445503ED92FEBB58D5E890FAD2D20F5244765F9DED7E6D6C3B70AA7A4C794389AE53F141A3692B8D9C4A7487FD24E0F304C9B376FAE1E4E1C3BD3BFB337BD9D3C75BAF6415FF1A65A7D370F00503E25A98AA004B207A456CBA4ACD5E9CD56DBEC49A6EA34BEF6F66F5C9B0F21316436AC92784FE2F2F55BEBED792BB4858585DA1F30C79933FD7A7BAB76EC85176BC175787878767636EFC30200FA6740AB2808D0508BAB73D9D34E4A064B89A0AD02D5BAA6ACECF1B5E71FCE9412593BCDAE19B7DF7653039272E3A8593BB438797EE3A69B3AFD1BD7DA5B85637BF6ECC9FB800080BE2A5B6D04C5B5860C33D4E2F269DBAC957EB3796BEB11ABB2C4D775FD54E1861F3A4A9529A7A279B3F54BB6ED9AB6F717DACCCC4CFDB71F6DDCB8B1D52775355C6EFDCC5557D59F49C115000650096B2328A8FAACD2EAE7DA3D89096AFDB26BFAD6D62C3DBEAE47708D3AC9AECDABA4DCD3F050AB4E49DF547ABF97C3FCFCFCD8D858FDD08D13ECB5D77EF98923479A23EB376EBA69EBD6ADF50BC7D1D75B8501603095B3368222CA7E65AF7E95C49B3DCFAED977A953ADE2EB3A05D728F3472825AE9265F986D42ABB365B5A5ADAB56BD7F0F070E2D0DAB46953AB872627277D3813000CACD2D64650686D734B4A3A4A5C3D2518B7CAA2B58D7794DCD6A039BEF621B846195265F32AE977B6DA6CFD496EBB626FFF6B2064710A9D9A9A6A3B32ABE2F130373797F72E0300791A880A09C2D751B61C6A11569BEF6F5E25CBCDFA5D6AB56F6B3ED244F5F175FD826B94945D13D36CCA3DE9F7B75D26FD54A7DC5356954A65DFBE7D71881D1F1F6F1863A3A3A313131337DF7CB36BAD004024BB429832E69656B9ABEDEA1D45AFEC89AE1BD5F8FAF4D1A37D08AEF5B1BCD532898F6679A8D502CDB1BFED7F040C487C0500C8426104F96B7BD1B5D575B956F1B227D93571E175BAEE5A1547D6D1D1D1750AAE0000149AEC0A000040E864570000004227BB020000103AD915000080D0C9AE000000844E760500002074B22B000000A1935D010000089DEC0A000040E864570000004227BB020000103AD915000080D0C9AE000000844E760500002074B22B000000A1935D010000089DEC0A000040E864570000004227BB020000103AD915000080D0C9AE000000844E760500002074B22B000000A1935D010000089DEC0A000040E864570000004227BB020000103AD915000080D0C9AE000000844E760500002074B22B000000A1935D010000089DEC0A000040E864570000004227BB020000103AD915000080D0C9AE000000844E760500002074B22B000000A1935D010000089DEC0A000040E864570000004227BB020000103AD915000080D0C9AE000000844E760500002074B22B000000A1935D010000089DEC0A000040E864570000004227BB020000103AD915000080D0C9AE000000844E760500002074B22B000000A1935D010000089DEC0A000040E864570000004227BB020000103AD915000080D0C9AE000000844E760500002074B22B000000A1935D010000089DEC0A000040E864570000004227BB020000103AD915000080D0C9AE000000844E760500002074B22B000000A1935D010000089DEC0A000040E864570000004227BB020000103AD915000080D0C9AE000000844E760500002074B22B000000A1935D010000089DEC0A000040E864570000004227BB020000103AD915000080D0C9AE000000844E760500002074B22B000000A1935D010000089DEC0A000040E864570000004227BB020000103AD915000080D0C9AE000000844E760500002074B22B000000A1935D010000089DEC0A000040E864570000004227BB020000103AD915000080D0C9AE000000844E760500002074B22B000000A1935D010000089DEC0A000040E864570000004227BB020000103AD915000080D0C9AE000000844E760500002074B22B000000A1935D010000089DEC0A000040E864570000004227BB020000103AD915000080D0C9AE000000844E760500002074B22B000000A1935D010000089DEC0A000040E864570000004227BB020000103AD915000080D0C9AE000000844E760500002074B22B000000A1935D010000089DEC0A000040E864570000004227BB020000103AD915000080D0C9AE000000844E760500002074B22B000000A1935D010000089DEC0A000040E864570000004227BB020000103AD915000080D0C9AE000000844E760500002074B22B000000A1935D010000089DEC0A000040E864570000004227BB020000103AD915000080D0C9AE000000844E760500002074B22B000000A1935D010000089DEC0A000040E864570000004227BB020000103AD915000080D0C9AE000000844E760500002074B22B000000A1935D010000089DEC0A000040E864570000004227BB020000103AD915000080D0C9AE000000844E760500002074B22B000000A1935D010000089DEC0A000040E864570000004227BB020000103AD915000080D0C9AE000000844E760500002074B22B000000A1935D010000089DEC0A000040E864570000004227BB020000103AD915000080D0C9AE000000844E760500002074B22B000000A1935D010000089DEC0A000040E864570000004227BB020000103AD915000080D0C9AE000000844E760500002074B22B000000A1935D010000089DEC0A000040E864570000004227BB020000103AD915000080D0C9AE000000844E760500002074B22B000000A1935D010000089DEC0A000040E864570000004227BB020000103AD915000080D0C9AE000000844E760500002074B22B000000A1935D010000089DEC0A000040E864570000004227BB020000103AD915000080D0C9AE000000844E760500002074B22B000000A1935D010000089DEC0A000040E864570000004227BB020000103AD915000080D0C9AE000000844E760500002074B22B000000A1935D010000089DEC0A000040E864570000004227BB020000103AD915000080D0C9AE000000844E760500002074B22B000000A1935D010000089DEC0A000040E8FE3F9A940BBC31D40C7B0000000049454E44AE426082, '0');
INSERT INTO `act_ge_bytearray` VALUES ('175002', '1', 'purchase.bpmn', '175001', 0x3C3F786D6C2076657273696F6E3D22312E302220656E636F64696E673D225554462D38223F3E0A3C646566696E6974696F6E7320786D6C6E733D22687474703A2F2F7777772E6F6D672E6F72672F737065632F42504D4E2F32303130303532342F4D4F44454C2220786D6C6E733A7873693D22687474703A2F2F7777772E77332E6F72672F323030312F584D4C536368656D612D696E7374616E63652220786D6C6E733A7873643D22687474703A2F2F7777772E77332E6F72672F323030312F584D4C536368656D612220786D6C6E733A61637469766974693D22687474703A2F2F61637469766974692E6F72672F62706D6E2220786D6C6E733A62706D6E64693D22687474703A2F2F7777772E6F6D672E6F72672F737065632F42504D4E2F32303130303532342F44492220786D6C6E733A6F6D6764633D22687474703A2F2F7777772E6F6D672E6F72672F737065632F44442F32303130303532342F44432220786D6C6E733A6F6D6764693D22687474703A2F2F7777772E6F6D672E6F72672F737065632F44442F32303130303532342F44492220747970654C616E67756167653D22687474703A2F2F7777772E77332E6F72672F323030312F584D4C536368656D61222065787072657373696F6E4C616E67756167653D22687474703A2F2F7777772E77332E6F72672F313939392F585061746822207461726765744E616D6573706163653D22687474703A2F2F7777772E61637469766974692E6F72672F74657374223E0A20203C70726F636573732069643D22707572636861736522206E616D653D22E98787E8B4ADE6B581E7A88B2220697345786563757461626C653D2274727565223E0A202020203C73746172744576656E742069643D2273746172746576656E743122206E616D653D225374617274222061637469766974693A696E69746961746F723D226170706C79557365724964223E3C2F73746172744576656E743E0A202020203C757365725461736B2069643D22696E64656E74417564697422206E616D653D22E8AEA2E58D95E5AEA1E689B9222061637469766974693A63616E64696461746555736572733D22247B6170706C79557365727D222061637469766974693A63616E64696461746547726F7570733D22247B6D616E616765727D223E0A2020202020203C657874656E73696F6E456C656D656E74733E0A20202020202020203C61637469766974693A7461736B4C697374656E6572206576656E743D22636F6D706C657465222064656C656761746545787072657373696F6E3D22247B696E64656E74436865636B696E67456E644C697374656E65727D223E3C2F61637469766974693A7461736B4C697374656E65723E0A2020202020203C2F657874656E73696F6E456C656D656E74733E0A202020203C2F757365725461736B3E0A202020203C6578636C7573697665476174657761792069643D226578636C7573697665676174657761793122206E616D653D224578636C75736976652047617465776179223E3C2F6578636C7573697665476174657761793E0A202020203C757365725461736B2069643D22696E666F726D22206E616D653D22E9809AE79FA5E58F96E8B4A7222061637469766974693A61737369676E65653D22247B7075726368617365727D223E0A2020202020203C657874656E73696F6E456C656D656E74733E0A20202020202020203C61637469766974693A7461736B4C697374656E6572206576656E743D22636F6D706C657465222064656C656761746545787072657373696F6E3D22247B696E666F726D4B6565706572456E644C697374656E65727D223E3C2F61637469766974693A7461736B4C697374656E65723E0A2020202020203C2F657874656E73696F6E456C656D656E74733E0A202020203C2F757365725461736B3E0A202020203C757365725461736B2069643D226578616D696E6174696F6E22206E616D653D22E4BB93E5BA93E7AEA1E79086E59198E5AEA1E69FA5222061637469766974693A61737369676E65653D22247B4B45455045527D223E0A2020202020203C657874656E73696F6E456C656D656E74733E0A20202020202020203C61637469766974693A7461736B4C697374656E6572206576656E743D22636F6D706C657465222064656C656761746545787072657373696F6E3D22247B676F6F6473436865636B696E67456E644C697374656E65727D223E3C2F61637469766974693A7461736B4C697374656E65723E0A2020202020203C2F657874656E73696F6E456C656D656E74733E0A202020203C2F757365725461736B3E0A202020203C6578636C7573697665476174657761792069643D226578636C7573697665676174657761793222206E616D653D224578636C75736976652047617465776179223E3C2F6578636C7573697665476174657761793E0A202020203C757365725461736B2069643D226D6F64696679496E64656E7422206E616D653D22E8AEA2E58D95E4BFAEE694B9222061637469766974693A61737369676E65653D22247B6170706C795573657249647D223E0A2020202020203C657874656E73696F6E456C656D656E74733E0A20202020202020203C61637469766974693A7461736B4C697374656E6572206576656E743D22636F6D706C657465222064656C656761746545787072657373696F6E3D22247B776865746865724D6F64696679456E644C697374656E65727D223E3C2F61637469766974693A7461736B4C697374656E65723E0A2020202020203C2F657874656E73696F6E456C656D656E74733E0A202020203C2F757365725461736B3E0A202020203C6578636C7573697665476174657761792069643D226578636C7573697665676174657761793322206E616D653D224578636C75736976652047617465776179223E3C2F6578636C7573697665476174657761793E0A202020203C656E644576656E742069643D22656E646576656E743122206E616D653D22456E64223E3C2F656E644576656E743E0A202020203C73657175656E6365466C6F772069643D22666C6F77312220736F757263655265663D2273746172746576656E743122207461726765745265663D22696E64656E744175646974223E3C2F73657175656E6365466C6F773E0A202020203C73657175656E6365466C6F772069643D22666C6F77322220736F757263655265663D22696E64656E74417564697422207461726765745265663D226578636C75736976656761746577617931223E3C2F73657175656E6365466C6F773E0A202020203C73657175656E6365466C6F772069643D22666C6F773422206E616D653D22E4B88DE5908CE6848F2220736F757263655265663D226578636C7573697665676174657761793122207461726765745265663D226D6F64696679496E64656E74223E0A2020202020203C636F6E646974696F6E45787072657373696F6E207873693A747970653D2274466F726D616C45787072657373696F6E223E3C215B43444154415B247B21706173737D5D5D3E3C2F636F6E646974696F6E45787072657373696F6E3E0A202020203C2F73657175656E6365466C6F773E0A202020203C73657175656E6365466C6F772069643D22666C6F77352220736F757263655265663D226D6F64696679496E64656E7422207461726765745265663D226578636C75736976656761746577617933223E3C2F73657175656E6365466C6F773E0A202020203C73657175656E6365466C6F772069643D22666C6F773622206E616D653D22E4BFAEE694B92220736F757263655265663D226578636C7573697665676174657761793322207461726765745265663D22696E64656E744175646974223E0A2020202020203C636F6E646974696F6E45787072657373696F6E207873693A747970653D2274466F726D616C45787072657373696F6E223E3C215B43444154415B247B6D6F646966797D5D5D3E3C2F636F6E646974696F6E45787072657373696F6E3E0A202020203C2F73657175656E6365466C6F773E0A202020203C73657175656E6365466C6F772069643D22666C6F77382220736F757263655265663D226578616D696E6174696F6E22207461726765745265663D226578636C75736976656761746577617932223E3C2F73657175656E6365466C6F773E0A202020203C73657175656E6365466C6F772069643D22666C6F77313022206E616D653D22E6A380E69FA5E9809AE8BF872220736F757263655265663D226578636C7573697665676174657761793222207461726765745265663D22656E646576656E7431223E0A2020202020203C636F6E646974696F6E45787072657373696F6E207873693A747970653D2274466F726D616C45787072657373696F6E223E3C215B43444154415B247B6578616D696E6174696F6E506173737D5D5D3E3C2F636F6E646974696F6E45787072657373696F6E3E0A202020203C2F73657175656E6365466C6F773E0A202020203C73657175656E6365466C6F772069643D22666C6F77313122206E616D653D22E694BEE5BC83E4BFAEE694B9202220736F757263655265663D226578636C7573697665676174657761793322207461726765745265663D22656E646576656E7431223E0A2020202020203C636F6E646974696F6E45787072657373696F6E207873693A747970653D2274466F726D616C45787072657373696F6E223E3C215B43444154415B247B216D6F646966797D5D5D3E3C2F636F6E646974696F6E45787072657373696F6E3E0A202020203C2F73657175656E6365466C6F773E0A202020203C73657175656E6365466C6F772069643D22666C6F77313222206E616D653D22E98080E8B4A72220736F757263655265663D226578636C7573697665676174657761793222207461726765745265663D22696E666F726D223E0A2020202020203C636F6E646974696F6E45787072657373696F6E207873693A747970653D2274466F726D616C45787072657373696F6E223E3C215B43444154415B247B216578616D696E6174696F6E506173737D5D5D3E3C2F636F6E646974696F6E45787072657373696F6E3E0A202020203C2F73657175656E6365466C6F773E0A202020203C73657175656E6365466C6F772069643D22666C6F77313322206E616D653D22E5908CE6848F2220736F757263655265663D226578636C7573697665676174657761793122207461726765745265663D22696E666F726D223E0A2020202020203C636F6E646974696F6E45787072657373696F6E207873693A747970653D2274466F726D616C45787072657373696F6E223E3C215B43444154415B247B706173737D5D5D3E3C2F636F6E646974696F6E45787072657373696F6E3E0A202020203C2F73657175656E6365466C6F773E0A202020203C73657175656E6365466C6F772069643D22666C6F7731342220736F757263655265663D22696E666F726D22207461726765745265663D226578616D696E6174696F6E223E3C2F73657175656E6365466C6F773E0A20203C2F70726F636573733E0A20203C62706D6E64693A42504D4E4469616772616D2069643D2242504D4E4469616772616D5F7075726368617365223E0A202020203C62706D6E64693A42504D4E506C616E652062706D6E456C656D656E743D227075726368617365222069643D2242504D4E506C616E655F7075726368617365223E0A2020202020203C62706D6E64693A42504D4E53686170652062706D6E456C656D656E743D2273746172746576656E7431222069643D2242504D4E53686170655F73746172746576656E7431223E0A20202020202020203C6F6D6764633A426F756E6473206865696768743D2233352E30222077696474683D2233352E302220783D223130302E302220793D223130302E30223E3C2F6F6D6764633A426F756E64733E0A2020202020203C2F62706D6E64693A42504D4E53686170653E0A2020202020203C62706D6E64693A42504D4E53686170652062706D6E456C656D656E743D22696E64656E744175646974222069643D2242504D4E53686170655F696E64656E744175646974223E0A20202020202020203C6F6D6764633A426F756E6473206865696768743D2235352E30222077696474683D223130352E302220783D223137302E302220793D2239302E30223E3C2F6F6D6764633A426F756E64733E0A2020202020203C2F62706D6E64693A42504D4E53686170653E0A2020202020203C62706D6E64693A42504D4E53686170652062706D6E456C656D656E743D226578636C75736976656761746577617931222069643D2242504D4E53686170655F6578636C75736976656761746577617931223E0A20202020202020203C6F6D6764633A426F756E6473206865696768743D2234302E30222077696474683D2234302E302220783D223330302E302220793D2239372E30223E3C2F6F6D6764633A426F756E64733E0A2020202020203C2F62706D6E64693A42504D4E53686170653E0A2020202020203C62706D6E64693A42504D4E53686170652062706D6E456C656D656E743D22696E666F726D222069643D2242504D4E53686170655F696E666F726D223E0A20202020202020203C6F6D6764633A426F756E6473206865696768743D2235352E30222077696474683D223130352E302220783D223337322E302220793D2239302E30223E3C2F6F6D6764633A426F756E64733E0A2020202020203C2F62706D6E64693A42504D4E53686170653E0A2020202020203C62706D6E64693A42504D4E53686170652062706D6E456C656D656E743D226578616D696E6174696F6E222069643D2242504D4E53686170655F6578616D696E6174696F6E223E0A20202020202020203C6F6D6764633A426F756E6473206865696768743D2235352E30222077696474683D223130352E302220783D223533302E302220793D2239302E30223E3C2F6F6D6764633A426F756E64733E0A2020202020203C2F62706D6E64693A42504D4E53686170653E0A2020202020203C62706D6E64693A42504D4E53686170652062706D6E456C656D656E743D226578636C75736976656761746577617932222069643D2242504D4E53686170655F6578636C75736976656761746577617932223E0A20202020202020203C6F6D6764633A426F756E6473206865696768743D2234302E30222077696474683D2234302E302220783D223536322E302220793D223138372E30223E3C2F6F6D6764633A426F756E64733E0A2020202020203C2F62706D6E64693A42504D4E53686170653E0A2020202020203C62706D6E64693A42504D4E53686170652062706D6E456C656D656E743D226D6F64696679496E64656E74222069643D2242504D4E53686170655F6D6F64696679496E64656E74223E0A20202020202020203C6F6D6764633A426F756E6473206865696768743D2235352E30222077696474683D223130352E302220783D223236382E302220793D223138302E30223E3C2F6F6D6764633A426F756E64733E0A2020202020203C2F62706D6E64693A42504D4E53686170653E0A2020202020203C62706D6E64693A42504D4E53686170652062706D6E456C656D656E743D226578636C75736976656761746577617933222069643D2242504D4E53686170655F6578636C75736976656761746577617933223E0A20202020202020203C6F6D6764633A426F756E6473206865696768743D2234302E30222077696474683D2234302E302220783D223330302E302220793D223238302E30223E3C2F6F6D6764633A426F756E64733E0A2020202020203C2F62706D6E64693A42504D4E53686170653E0A2020202020203C62706D6E64693A42504D4E53686170652062706D6E456C656D656E743D22656E646576656E7431222069643D2242504D4E53686170655F656E646576656E7431223E0A20202020202020203C6F6D6764633A426F756E6473206865696768743D2233352E30222077696474683D2233352E302220783D223536352E302220793D223238322E30223E3C2F6F6D6764633A426F756E64733E0A2020202020203C2F62706D6E64693A42504D4E53686170653E0A2020202020203C62706D6E64693A42504D4E456467652062706D6E456C656D656E743D22666C6F7731222069643D2242504D4E456467655F666C6F7731223E0A20202020202020203C6F6D6764693A776179706F696E7420783D223133352E302220793D223131372E30223E3C2F6F6D6764693A776179706F696E743E0A20202020202020203C6F6D6764693A776179706F696E7420783D223137302E302220793D223131372E30223E3C2F6F6D6764693A776179706F696E743E0A2020202020203C2F62706D6E64693A42504D4E456467653E0A2020202020203C62706D6E64693A42504D4E456467652062706D6E456C656D656E743D22666C6F7732222069643D2242504D4E456467655F666C6F7732223E0A20202020202020203C6F6D6764693A776179706F696E7420783D223237352E302220793D223131372E30223E3C2F6F6D6764693A776179706F696E743E0A20202020202020203C6F6D6764693A776179706F696E7420783D223330302E302220793D223131372E30223E3C2F6F6D6764693A776179706F696E743E0A2020202020203C2F62706D6E64693A42504D4E456467653E0A2020202020203C62706D6E64693A42504D4E456467652062706D6E456C656D656E743D22666C6F7734222069643D2242504D4E456467655F666C6F7734223E0A20202020202020203C6F6D6764693A776179706F696E7420783D223332302E302220793D223133372E30223E3C2F6F6D6764693A776179706F696E743E0A20202020202020203C6F6D6764693A776179706F696E7420783D223332302E302220793D223138302E30223E3C2F6F6D6764693A776179706F696E743E0A20202020202020203C62706D6E64693A42504D4E4C6162656C3E0A202020202020202020203C6F6D6764633A426F756E6473206865696768743D2235342E30222077696474683D2233362E302220783D223332302E302220793D223133372E30223E3C2F6F6D6764633A426F756E64733E0A20202020202020203C2F62706D6E64693A42504D4E4C6162656C3E0A2020202020203C2F62706D6E64693A42504D4E456467653E0A2020202020203C62706D6E64693A42504D4E456467652062706D6E456C656D656E743D22666C6F7735222069643D2242504D4E456467655F666C6F7735223E0A20202020202020203C6F6D6764693A776179706F696E7420783D223332302E302220793D223233352E30223E3C2F6F6D6764693A776179706F696E743E0A20202020202020203C6F6D6764693A776179706F696E7420783D223332302E302220793D223238302E30223E3C2F6F6D6764693A776179706F696E743E0A2020202020203C2F62706D6E64693A42504D4E456467653E0A2020202020203C62706D6E64693A42504D4E456467652062706D6E456C656D656E743D22666C6F7736222069643D2242504D4E456467655F666C6F7736223E0A20202020202020203C6F6D6764693A776179706F696E7420783D223330302E302220793D223330302E30223E3C2F6F6D6764693A776179706F696E743E0A20202020202020203C6F6D6764693A776179706F696E7420783D223232322E302220793D223239392E30223E3C2F6F6D6764693A776179706F696E743E0A20202020202020203C6F6D6764693A776179706F696E7420783D223232322E302220793D223134352E30223E3C2F6F6D6764693A776179706F696E743E0A20202020202020203C62706D6E64693A42504D4E4C6162656C3E0A202020202020202020203C6F6D6764633A426F756E6473206865696768743D2235342E30222077696474683D2232342E302220783D223236312E302220793D223330302E30223E3C2F6F6D6764633A426F756E64733E0A20202020202020203C2F62706D6E64693A42504D4E4C6162656C3E0A2020202020203C2F62706D6E64693A42504D4E456467653E0A2020202020203C62706D6E64693A42504D4E456467652062706D6E456C656D656E743D22666C6F7738222069643D2242504D4E456467655F666C6F7738223E0A20202020202020203C6F6D6764693A776179706F696E7420783D223538322E302220793D223134352E30223E3C2F6F6D6764693A776179706F696E743E0A20202020202020203C6F6D6764693A776179706F696E7420783D223538322E302220793D223138372E30223E3C2F6F6D6764693A776179706F696E743E0A2020202020203C2F62706D6E64693A42504D4E456467653E0A2020202020203C62706D6E64693A42504D4E456467652062706D6E456C656D656E743D22666C6F773130222069643D2242504D4E456467655F666C6F773130223E0A20202020202020203C6F6D6764693A776179706F696E7420783D223538322E302220793D223232372E30223E3C2F6F6D6764693A776179706F696E743E0A20202020202020203C6F6D6764693A776179706F696E7420783D223538322E302220793D223238322E30223E3C2F6F6D6764693A776179706F696E743E0A20202020202020203C62706D6E64693A42504D4E4C6162656C3E0A202020202020202020203C6F6D6764633A426F756E6473206865696768743D2235342E30222077696474683D2234382E302220783D223538322E302220793D223233352E30223E3C2F6F6D6764633A426F756E64733E0A20202020202020203C2F62706D6E64693A42504D4E4C6162656C3E0A2020202020203C2F62706D6E64693A42504D4E456467653E0A2020202020203C62706D6E64693A42504D4E456467652062706D6E456C656D656E743D22666C6F773131222069643D2242504D4E456467655F666C6F773131223E0A20202020202020203C6F6D6764693A776179706F696E7420783D223334302E302220793D223330302E30223E3C2F6F6D6764693A776179706F696E743E0A20202020202020203C6F6D6764693A776179706F696E7420783D223536352E302220793D223239392E30223E3C2F6F6D6764693A776179706F696E743E0A20202020202020203C62706D6E64693A42504D4E4C6162656C3E0A202020202020202020203C6F6D6764633A426F756E6473206865696768743D2235342E30222077696474683D2235312E302220783D223334302E302220793D223330302E30223E3C2F6F6D6764633A426F756E64733E0A20202020202020203C2F62706D6E64693A42504D4E4C6162656C3E0A2020202020203C2F62706D6E64693A42504D4E456467653E0A2020202020203C62706D6E64693A42504D4E456467652062706D6E456C656D656E743D22666C6F773132222069643D2242504D4E456467655F666C6F773132223E0A20202020202020203C6F6D6764693A776179706F696E7420783D223536322E302220793D223230372E30223E3C2F6F6D6764693A776179706F696E743E0A20202020202020203C6F6D6764693A776179706F696E7420783D223432342E302220793D223230362E30223E3C2F6F6D6764693A776179706F696E743E0A20202020202020203C6F6D6764693A776179706F696E7420783D223432342E302220793D223134352E30223E3C2F6F6D6764693A776179706F696E743E0A20202020202020203C62706D6E64693A42504D4E4C6162656C3E0A202020202020202020203C6F6D6764633A426F756E6473206865696768743D2235342E30222077696474683D2232342E302220783D223437372E302220793D223138382E30223E3C2F6F6D6764633A426F756E64733E0A20202020202020203C2F62706D6E64693A42504D4E4C6162656C3E0A2020202020203C2F62706D6E64693A42504D4E456467653E0A2020202020203C62706D6E64693A42504D4E456467652062706D6E456C656D656E743D22666C6F773133222069643D2242504D4E456467655F666C6F773133223E0A20202020202020203C6F6D6764693A776179706F696E7420783D223334302E302220793D223131372E30223E3C2F6F6D6764693A776179706F696E743E0A20202020202020203C6F6D6764693A776179706F696E7420783D223337322E302220793D223131372E30223E3C2F6F6D6764693A776179706F696E743E0A20202020202020203C62706D6E64693A42504D4E4C6162656C3E0A202020202020202020203C6F6D6764633A426F756E6473206865696768743D2235342E30222077696474683D2232342E302220783D223334302E302220793D223130302E30223E3C2F6F6D6764633A426F756E64733E0A20202020202020203C2F62706D6E64693A42504D4E4C6162656C3E0A2020202020203C2F62706D6E64693A42504D4E456467653E0A2020202020203C62706D6E64693A42504D4E456467652062706D6E456C656D656E743D22666C6F773134222069643D2242504D4E456467655F666C6F773134223E0A20202020202020203C6F6D6764693A776179706F696E7420783D223437372E302220793D223131372E30223E3C2F6F6D6764693A776179706F696E743E0A20202020202020203C6F6D6764693A776179706F696E7420783D223533302E302220793D223131372E30223E3C2F6F6D6764693A776179706F696E743E0A2020202020203C2F62706D6E64693A42504D4E456467653E0A202020203C2F62706D6E64693A42504D4E506C616E653E0A20203C2F62706D6E64693A42504D4E4469616772616D3E0A3C2F646566696E6974696F6E733E, '0');
INSERT INTO `act_ge_bytearray` VALUES ('175003', '1', 'purchase.purchase.png', '175001', 0x89504E470D0A1A0A0000000D49484452000002850000014A08060000006B7F2528000033444944415478DAEDDD0B7055E5DDEFF14C4BDFD2537BAAEFE8CB741CC7714EEB381DC6E1D57198EAA9D23AC7BED561B480C424A452144BD15AEC51941AC500168B8C972220602D2A9522CAA5285E205C8C3128729117101A850A442E69A472918B84E7FC7FDBF5E4AC2CF64EB2B3937DFD7E669E593B6BAF9DC05E6BFDD76F3FCF5A6B1715010000000000000000000000000000000000000000000000000000000000000000000000000000000000000000000000000000000000000000000000000000000000000000000000000000000000000000000000000000000000000000000000000000000000000000000000000000000000000000000000000000000000000000000000000000000000000000000000000000000000000000000000000000000000000000000000000000000000000000000000000000000000000000000000000000000000000000000000000000000000000000000000000000000000000000000000000000000000000000000000000000000000000000000000000000000000000000000000000000000000000000000000000000000000000000000000000000000000000000000000000000000000000000000000000000000000000000000000000000000000000000000000000050D09C73DDB76DDBB6B3B6B6D6555555B9254B96D0B2A02D5DBAD4BDF9E69B27AD4D652B653FA115E67EC276C77607A4950A4E7575B5DBB76F9F3B76EC182D8B5A4343835BB162C5492B4013D952D94F6885B79FB0DDB1DD0169A54FA0149CEC2E3CF6C9F4185B2AFB09ADF0F613B63BB63B20AD3424C1CE9DDD4DC3156CA9EC27B4C2DB4FD8EED8EE80B4D206CD8E4DD101FB09FB09DB1D8DED0E1CECDAB5E11FFAD76EB76DF59FDDA6A563624D8F358FA240D1613F613F613F61BB63BB030AA4E81CDC5FEF36BE7E9F7BFF95BB5A34CDD37314068A4E1CE7B29FB09FB09FB0DDB1DD01795674766EFADB2905C7B75D9B165118283A5115D65C30653F613F613F61BB63BB03F2A5E87CB0FC0F098B8E9EA330507442465A3B696D6D30AD643F613F613F61BB63BB03F2A4E86C5CF240C2A2A3E7280C149D4820AC0CF51836E54330643F613F61BBA3110A0BD4BDF7DE7BEE942953DE1A3B76ECE18A8A8AA6E1C387BBB2B23277C30D37C4DA2DB7DCE2468E1C7972CC98319FDB729BEFBFFFFE1F517468055E744626E8191C990F3D86EC27EC276C773442618119376EDCEF1E78E081CF070D1AE4EEBBEF3EB760C102B761C386D8CD434F9C38E1BCC6C646B765CB16F7DA6BAFB9891327BAF2F27285C413F69AE7FAF4E9D33DDF8A8EAE664B5474F41C85A1E08B4E451BC1CF3F9FF23986879C1BB9D9B9719A46DBF455EE75DB3DAFF0CBDAE33B347FA373E31F5AB87B831E3FB5C62DB6F93DD84FD84FA8CF34B63BC43562C488CB468D1AF5F9CD37DFECE6CE9D1B0B7DC9387EFCB8ABA9A98905C9E1C38737D9EF19974F45A7AEE689844547CF51180ABAE8B437F0754A8FE1D283EE49DBE58AC36170D95137450150C12FBAFCA7CE8DB2E706E93B641FABFABC86FD84FD24DF4221DB1DDB1D3A9105B9B937DD74937BE69967DCE1C3875DAA56AF5EED860E1DEA7EF5AB5FED2E2929E9910F45A7B17E83DBF8C6E85387266C9E9EA330146CD11999640F60B2CB9FE20F2FEF5D1FF402768B3E37739D5B143CD7D30746F52AAAA750BD8875CE556ADEC3AF36AE5648643F613FA13ED3D8EED0EC9E7BEED97CEBADB7BA356BD6B8CE74E0C0013779F2643778F0E013FDFBF7BF30D78B8EDAF6F79E3DA5E8681E45A1608B4E477BFE520A861AFED5749D7313C2C14FF37C4FA102A3429F0F81BEED71AEC2E65FCD7EC27E924FA190ED8EED0E9D14086FBBEDB6D8F9825D65F6ECD96ED0A04127070C1870654E179DA3475DDDDB534F1D9AB0797A8EC250704527D5A1E00EBF5EC14FA12FD42B78F19B4D6E927A07358CEC97B39FAF7C62F9F1EA70289CF2965B6EF3AF623F613FC9AB50C876C77687D4878CD543D89581D05BB870A18261D6F618B655747447FCBFD74C4A78CE8A9EE3AEF9055574DABAA8A4CB7E8FED4E67CFDBE19ED7398293577EB152416FEADBAECA7EBE5143C436BDDD2FAB9EC417B7BBBF8643E1B817B76F653F613FC9A750C876C7768714E9A2129D43B87EFD7A972E7FF9CB5F4E949595EDCEC62B9313161DFB84B9BB6E99FBEFD77E97B0E0F8A665B42C9F4AF3BEE874DA55C41DE931AC776EB49AED5243D5431804C561EA397CE67DB7D0A6A78502A42E2EB9D45A5FDF83688F872858B29FB09FE47C2864BB63BB43A70D1B1FD14525E9F69BDFFCA6A9B8B8F8855C283A6D7DFAE4536941169DE8B9805FB13623982623FABA769F63F8DC26373FD1ED64FC052812F426F698B068EFBA200CF6B5D64B8FC7CCDEBA2DD98B4CD84FD84FA8CF3442611ED27D0875DB99CEB8CA3859F5F5F5AEB4B4F4A405C3F3B3BDE8B4E7D3676B9F4A2914795774A23D7A0A741A8A75C1B4BDC130D1EBDA150CE3DD52C676AD0B1E9CBF63F3C27D6EA61F620E7A0F4FD770B16E61A3367E41FD469B779E1AFB09FB492E8742B63BB63B7412DD987ADEBC792E531E7AE8A1A337DC70436DB6179D8E161CDF2814795574E20DF1CE08829D4B22188603A16FD3E20C4D57E6CAC199FD84FD84ED8E4628CC51FAEA3A7D5349B237A6EEE4DEC2260B8527B3E9DCC2F6DEF2805690452751508B17F05A0B86ED5D3E6BBF128FFD84FD84ED8E4628CC2353A74EADD5378E64DAB061C38E9594940CA7E8D0D25174EC43486307B7B7B62E2A696FD04B3640A67C83EBAE787FD84F3838539F6984C23C3276ECD8C38B162DCA78287CF4D1470FA4630899831D4527D80E5CD01A8B8B8B6F4E72C8B8AD60D656E04B361086FF7E533A7A0CDBFBFEB09F7070A63ED3088579A4A2A2A269C3860D190F85AB56ADFADC8AC17E0E76B4348742DF1ADA3818253B849B28F875EB60206C6BE8BAABF69356DF1FF6130ECED4671AA1308F0C1F3E3C2D37AB6ECB9E3D7B4ED841A7298D4587831DA1305E8BD753D1D173FAE205C3632904C254FF3D9DFEFEB09F7070A63ED3088579A4ACACCC9D3871C2650315810C141D0E7684C278AD21E8A948B5672E5E304C2510A6E51CC3F6BE3FEC271C9CA9CF3442611ED10E972D321C0A39D8E5586BC7BA4CA9F5EBD7CF87B7B5296E76DDE2F4101E0BE6A7626D57BF076D35F6130ECED4671AA1909EC22E0B85D9D23255740E1E3C180B0D3ACF73CB962DAE6FDFBEB1F6F39FFF3CD6F49DD17ABEBABABAC5EB366EDC189BFFC9279FC47ED6632DDFD6DFD37213274E6C73993BEFBC33F678CE9C39EEC89123CDF367CD9A956F3D8587ECA05319BA3D52AA5F61976F3D852DDE9F4CED27353535B1DB68E9B1F6956BAFBD36D6C2FB882EA00BBFE63BDFF98EBBE69A6BDAFCDDDA877EFCE31FC75AF8F7BDF4D24B6DBE36BC1F6A3A7DFAF4D8FCF7DE7B2F6F3F3CE5627DD6BA69CFB6E05B555555EC351F7FFC71C2659E7AEA29F7CA2BAF9CF277E6CF9FDFA9354FDB63F478B07CF9F294EB7CB8E9F79E75D6598442CE29CC9C8686864C9D539855073B7FC0D34EAC50E803D8DCB973DD77BFFBDDB8CBABE8F8E2A0E59E7EFA6977C61967C4E69F77DE792D965DB972657351D15407CA1FFEF087B1C76A3AF0455FA3DFAB82E71F3FFBECB3CD8F1512F3241446C320E714B6E3FDC9D47EB26BD7AEE60F4FFA2626CD5308DCBC79B37BF7DD77DDF6EDDBE31E18FD76ECDB37BFF94DF7939FFCA479FFF9ECB3CF9AB72D3DE75F575B5BDB62BFD1BEF8F8E38F9F7220D5B2AFBEFA6A8B7DE5AB5FFDAAFBC10F7ED0BC2FD36393D9FAAC80AE7563BFAB79DB89B77D5D74D145B1E0E8D7B96AEAEDB7DF1E7BACBA17FE10EED7F7F9E79F1F7BFEECB3CF8E6D879AD7BF7FFFE66D437F6FCF9E3DB10F1C9AA70FD5DA36F47F0C6F5FDA6EBEF18D6FC4DD8655E3DB0A9EC9D6F937DE78C3E97EC56A7A5EB7A9D3FFF7DE7BEF6DFE77EAEFE87D2114E6395BE927376DDA9415571FDB8EF159068A4E561DEC12B5D64261389CE9F1E0C183638FD593E20F9CF196F53F8F1D3BB6F9E7AF7DED6B6ED4A851B1C73AB0FA6276F9E597C70A950FABFEB5FADD9A460F9039140A0FDA8791F1EDB8717AB23D73F972F571ABEF4F26F713DF13A87D43DBE9CC99339B839F7A0D75808BEE27BD7BF76EDEA67DB0D4CFD103AEEF19D2C156D3BABABA16A1518F1510F478FFFEFDAE57AF5ECDBD846BD7AE6D7E7DB87726DA8B44284C7F7DF6EB5C1F1EB42E13F5E4F9DAA9B0E4D7F7E8D1A313FE5ED546AD7F7D20D7B6A29EBB704DF61FA47D5338D47CBF4DE8B15EEB477814C2CE39E79CB8B5FEB2CB2E3BA5A7501D09898E096DD5793F4215D95E62C13695FD9B5098A3749FC2C58B1767CB7D0ADF4D63D1C9BA839D3E756A27D727D821438624150A5528F45AF54A5C78E185CD9F66F5692F3A3CAD0396FFC4A8D7EA6FE9F1CF7EF6B3B843CED19EC21E3D7AC48AA51EEBD3A63E95E6604F616B3D83A9F6D075D57D0ACB8BD2779FC276BD3F99D84FFC8795AF7FFDEBCD07F9706F9FC2A17A46140CFD6BD47BE77BE0B5FD87B76D3F2C1C0D85BEA7C687427D00F21FB0E21DE8A3BF438FBFF5AD6FB9279F7C32D6F433A13073F5D96F2BE19E363F6FE0C08171436178BBD2BFCB0731D540F5A2F9E5B50D69BE7AE314EE14B834FCAA79175C70817BFEF9E74FE9698B7E20F11F2AB4AC3FFD60E7CE9DA70C61AB5E8743A1FE8EFE46AA75DE7FD0D2FFCDF70EFABFF9D1471F110A0BC5E4C993573FF8E083190F85B7DD76DB512B02230AF960E73F412A686978219950183E10457B0A7DCF5EA2E57D61D281F3DBDFFE76DCDFAF9E423FECA2A1343F7FD2A449857622735B3D755DFD8D26E3B3A97E64623FD13EA2A158DFE313DD9E75700D6FCB7E3FD032FE3C3F85357FC00B07BD443D85FE9C2D3D5EBF7E7DF3DF09FFBBF46F510F4CF4A0AD61E84CF6A8E65828EC92FAAC0F040A4E0A3DE161557D68567DD4706951E81C69BFCDE8C380CEDFD6076CFD8E78E7D96938D86F0FFA40123DE7EFDC73CF6DDE4EF5FBD443E9839A3E6CAB8686B7CF443D8545A1F3C415D2F43BDB1A566E6F9D6F686868FEE0A26D5EBD841A3ED76B7EFBDBDFC6E66B3B56AF38A130CFDD79E79D17DE78E38DB1429BC17B14365920549839BD900F76BEA988288475454F6174F9F027C868EF8A0E96BAC0A42874C27CB4D0E4EA3985294AD463D8D5DF7D3C3EDBEA4726F79370EF4A787B8ED753E887C78A22178C84870F5BEB29F461A1B2B23216FCE2FDBF75B0D573FEBC351F1AFDBF89509899ED4E3D7CFE837251E4E2B8441F6CFD76E5C3A1EA9F82A342A1EFF55318F4CB874F2BB8E4924B9A03A1B6B5783D6DFE82C2F0F0B4EF1DD4EFD7F30A90D1EDDDFF3FD44B1D0E768942617BEABCFEAEBF102A5E4DF7EF517888995098E7EEBEFBEEE32B56ACC858287CE289270EDBA7C32D1CEC5A86420D1DF84F83F142A19EF73B7C6969E929A1500549E79114854E7E4FA658A8E8A998253AEFAA28744E61322720E7C9C1AE22CE50EE8C0E0C09C70B86D392E8992414B6D153187D8D7A60FC01BDB550A8FDC1F7142A58A847C91FE475DE606BA150CB0C1B362CE7AFD2CF8750185DFFD150E83FF0462F1AFAFEF7BFDFDC2BE7E7A936B7F5FBC3E14C3DDABAE024D1B2BEAE2A1CFA7AAC7F9F86ADA343BCE19E423D560F5E6784C2E86B7CA80D9FB3D891F79B5098C3EEB9E79E49EA11CAC4AD69D4436981E6645959D9251CECBE6C2A0A3A215E3B747B7A0A137D9A4CD4A201D117261DF4C2431289CE295410F443C93ABF4BFFB64C5C59990545277ABB9A70C04BE6E29144AFEBD2DBCEE46B28F443BF3FFDE94F4FB92253E721FADE1FFDEC4F8DF0073F0D0DFB0F3ABE5751BD439AAFDFE17BCE274F9E1C77BF0AF72EFADEC1A276DECE8650989E50A875A96DE0B1C71E6B3E0521FAA156F355E3FC2DC1C257E4B676356EBC50A50F0A7EFB0937FD2E0DD16A3B0CF734AAA730D1BF5DDB91DF7E3514AE6D53B7C989173C93ADF3AD85CB8E7CA82114E6B8E1C38737E9DC89741B3B76EC11FB14FE3E07BBFFDF7425AF1F4E50D3A748158F449FEE127D9A6C6F91F4C522DE3D13FD3047F800A7E6CFE9D215799A86AF642BB0835D7428F92B414F5FB2B79989BE2ED5FB23E6ED7EE287D9B4DDEAAADFF095EFFE16233AB0E93CA9E88503FEA2280DBFA9DEF9837FF480E8EF81E8E7EBA0AB0F658F3CF248F395A3FE4351F86FEB6FFA9E451D78F577CE3CF3CCD83EC92D69B2AFA7D087B5F0B6E17F56D80A0F99B6B7A7305E4F5BF8EA603FFAA2DBD784EF89E9976DEDDE98FA3769BE02AD1F2DD255F64571AE406E6F9D6FCFBFBF3DAF2514E699A143878EB2163B91345DD6AE5D7BBCB4B4F4784949490F0E762D4FA40F7F02F52729FB1B48B7F746D3A986427F555D51E4E212FF983BE6270C865D31344D280C9ACEB50AFF5DF562EBF630BAE7AAAE2255CF8E86DF7C0088772567F8DC31FF387A4156F8740E05C2E87961BE274643D17EF84F43D3F1AED4F4B71B21146676BB53A8D77A50EF9D4E2F50D3B0AAE6E9824BBF4DC43B1D461FCCA3BDCFF1EA69F4A6E9F1025B386CB6F56141CFABF75B1F58B42DFA5EC5E8DF1831624487EBBCBF52D99F8A14BD506AC28409496FBF84C23C306CD8B05DFA04928E6164156A0D1B5B111FC9C18E960707BBCE0A865D7E636AF613F693420D85B4C4C193ED0EA7D06D007EF18B5F7CA1218FAEA46F50193C78B0BEC1643E458796474527D521DF9C1832663F613F61BBA3110A0B447171F1F983060D3A396FDEBC2EEB215420BCE1861B6A293AB43C2C3A1DBD5A38EB2F2A613F613F61BBA3110A0B90AE04B66078E2E9A79F6EEA8273084F66730F214587A29381A1E49C1A32663F613F61BBA3110A0BB0C7D0C2E16E5D95AC2B9E52BDED8CAE32D64525D97A0E214587A293A160585E94A537A6663F613F61BBA3B1DD211A0E5FB030D7346EDCB8A3DBB66D6B4AF69B4AA64C997258BD83F67B3665E355C6141D8A4E1A86922B5A79BE29570321FB09FB09DB1D8D50588014E66EB8E18615D64EDC72CB2DC71E7EF8E183CB962D3BBC63C78E16972937363636AD5AB5EAF3471F7DF440F05DC64EDF54926D37A6A6E85074B2A0C73067878CD94FD84FD8EE688442F89EC39B8380D860ED0BDDA4D5370B814D363D68ED5D7B3C229BBECB98A243D1C9A26098178190FD84FD84ED8E46284441A0E85074BA2818AECD9740C87EC27EC276472314825048A3E8744C857AD48B72ECB633EC27EC276C7734B63B100AD9B1293A9D4CA1D0743BE4DCC8446DFA2AF7FA9B4D6E9296D7CF9B9D1B976839FB5D57F8DF6D8FEFD0FC8DCE8D7F68E1EE0D7AFCD41AB7D8E6F7603F613FA13ED3D8EE008A0E4527CB426110E0BA87C2DCA50A71F1965F7AD03D69CF1787C3E0B2A36E8A0260BCD77CEADC287B6E907EFF63559FD7B09FD0088534B63B80A243D1C9E2501876CF53EF59967357C55BFE0F2FEF5D1F04C76ED1E766AE738B82E77AFAC0A85E45F514AA17B1CEB94ACD7BF8D5C6D5E110CA7EC27E427DA6B1DD01141D8A4E9685C2296FB9E5F73FBB699785B6B3EB9D1B1D5D5EC3BF9AAE736E4238F8699EEF29546054E8F321D0B73DCE55D8FCABD94FD84FA8CF34B63B2005555555ECD8149D2E0D85B33E702F696878FC82FA8D41B8BB5841CFA6CDB7720A7EEE16EA15BC58E71BAA7750C3C8A121E82B9F587EBC3A1C0A153813F540B29FB09F509F696C77403B55575737EDDBB78F9D3B4BDBAE5DBB3EB6A2732C1743A17AF516EE74CFD9B4B7E66978D73FAF1E417F2EA07A0FE7ED70CFEB1CC1C92BBF58A9A037F56D57653FDFA821629BDE1E7EDD8BDBDD5FC3A170DC8BDBB7B29FB09FE4E27EC276C77607649565CB96FD7EC58A1527F7EEDDCB4E9E850567E9D2A55F589B986BDB554949A942E1ADA11EBEEE8FBEFED93BE165D4EBA7A98693D5ECE7A1EA210C9E1BA69EC367DE770B6D7A5AE835BAB8E4526B7D7D0FA23D1EA260C97EC27E427DA6B1DD0129B28DBAD23EED1C5237782EB7D9B367C7BE7126D7FF1FA1762C570B4EF49C4285BC1AE71E8BB7EC739BDCFC44B793F117A048D09BD863C2A2BDEB82DFD9D75A2F3D1E337BEBB6AEBAC884FD84FD84FADC398DED0E403A83C81E159D3E7DFA74E7DDC8AE50A840A8F30AE32D1BEF9632B6EC050FCEDFB179E13E3733F8F9ECA0F7F0740D17EB16366A3A4FD1E69DA7C6BBCE7E82DCAA0B00D02582EFAAF6DF4F5DC13B42F107FB09A80B000AB3D87C123AD81DE21DA1F883FD04D40500855768CA4307BA582B2E2EAEE49DA1F883FD04D40500855568F6440F76EA05E19C298A3FD84F405D00503845A63CCE812ED64A4A4AC6F30E51FCC17E02EA0280C228320D890E76D60EF20E51FCC17E02EA0280FC2F30E5AD1CE838678AE20FF613501700144881D9D3D6C18E2B2C29FEAC0BF6135017005074C07A00EB076C7700283A603D80F503B63B00141DB01EC0FA01DB1D008A0E580F60FD80ED0E004507AC07B07EC0760780A203D603583F60BB0340D101EB01AC1FB0DD01A0E880F500D60FD8EE005074C07A00EB076C7700283A603D80F503B63B00141DB01EC0FA01DB1D008A0EEF02EB01AC1FB0DD01A0E85074580F60FD80ED0E004587A2C37A00EB076C7700283A141DD603583F60BB03008A4E46DEF33D7ADFDB688778A7D84FC076C7BB0080A293DFEF79795BA1B0B8B8B892778AFD046C77BC0B00283AF9FFBE37B4120A0FF6E9D3A73BEF12FB09D8EE7817005074F2FF7D4FD85B585252329E7788FD0460BB0340D1299CF73EDEB98587E825643F01D8EE0050740AEBBD2FE75C42F61380ED0E0045077AFF3FA19790FD0460BB0340D12970C5C5C53787426105EF08FB090A761BE356550038D8B10EBE3C18D04BC87E8282DEC6B85515000E76AC832F0F06BC13EC2728F8ED8C5B5501E060972CE75CF76DDBB6EDACADAD755555556EC99225B42C684B972E756FBEF9E6496B53D94F808E7D40E456550038D8254181B0BABADAEDDBB7CF1D3B768C9645ADA1A1C1AD58B1E2A405C489EC2740D2DB1AB7AA02C0C12E19EA2124106677305CB264C931F61320E96D8D5B5501E060970C0D1913BEB2BB693899FD04E8D0F6C6ADAA0070B06B2F050E8217A190FD04F9885B5501E060D705A1F0D0BF76BB6DABFFEC362D1D136B7AAC7984364221A11059BECD71AB2A001CEC3A2B141EDC5FEF36BE7E9F7BFF95BB5A34CDD37304374221A11059BCCD95F7EBD78FED0E0007BBCE08853B37FDED9440E8DBAE4D8B086E84424221B299868D5D3005000E76A984C20F96FF216128D47304374221A110596AA4B593D6D60653AE3E06C0C12E9550B871C9030943A19E23B8110A0985B11BC15FB5F4A07B32787CFB21E746AAD53957B9ECA89B125D7EE13E37D3962BAE75EE119B5EA11BC95BBB986ADAE981D00741F51436110C0170B02314120AD94FBADCC29DEE394DC72FA8DFE843E1D4B75D95426278B9E9ABDCEB0A857AFCE8EB9FBDB3D1B9F18F2F3960F9D00DA19A7649206C6B3E0070B06B4F28D4D5C68942A19E23B8110A09852D4D58B4779D7FFCD41AB7D8C2DE697A6CD3D33F756E548D738FD53B375A215001D2A61704CFF7A49AA6ACA28DE0E79FE71C43001CEC920D8575354F240C857A8EE046282CF4506861EEBACDCE8DB3E98D0A80635EF8B0CEF71456CCDA541F5D7EDADB6E890F8A63666FDDA66167B58716EEDE4035ED9440D856E0A3C7100007BB8E84C2C6FA0D6EE31BA34F1D3AB6797A8EE046282414BA6E6F36B94936BD5241709D7313344FCF3DB7C9CDB7C7578796ED3EBBCEBDE043A39A02A1CDEF4D254DC9C8247B00935D1E0008856ADBDF7BF69450A87984364221A1F04B0FBFDAB85AD320E0F5D4F070703E61AF48801CAA7308F558BD849A4E5EF9C54A85452A69CA81B0B283AF231802E060D7AE5078F4A8AB7B7BEAA943C7364FCF11DC088584C22F839DA6E35EDCBE25088657EF71AE4243C9E1E57C8FA2CE2DF417A03CB1FC78355534ED81B0B35E0F0085110AF58D257FAF9994F09C423DC7B79A100A0B39145AB0FBDE8BDBDD5FDFD8EF66E81633D6EE083FAF730DC33FEB0A6585C167DE770B3564ACF3117DCF2192D6D64525E9FE3D009087A1F0E851B7BB6E99FBEFD77E973010FAA665B42CBD8684C2020D85575B3B4F8F752EE194B7DC72F5168E99F3E187F7CFDEFCB12E1EB1E77B04F7221C1A9C6F3820F4FAB31514FD3D0E917490EBACA15F7A0C01100A93ED1DA4D790504828448645CF05FC8AB519C13419D1D7718E21004261B8B5A777B0B55E43821CA19050883404C2CA50B0DB5AF4E5F71B6F4D2218267A1DC11000A1D0B78E0642DF087284424221D21408654610EC5C12C1301C087D9B167A9E730C01100A698442F61364A944412D5EC06B2D18B67779CE31044028A4110AD94F90A581B022C5A0976C8064281900A1904628643F4196686F306B2BF0251B08C37FBFA9881E430084421AA190FD04190F84ED0D6489825FB70E06428F730C01100A698442F613E448206C2D181E4B2110A6FAEF0140282414D20885F1F69356DAC9E2E2E258D3636B4D917642CD9EFFC2A66AC74B4A4A8EDBF458D08E5A3B12B4CFD56CD9C3363D64EDA03D3E60CB7F668FD5FE658FF7DBF4536B8DF6F89F366DB0B6CFDA5E5B768F4D775BABB7C7BBECF99DF67887B58FAD6DB779DB6CDE87F6B8CEDAD6A07D60F337D974A34D37585B6FCBACB3E95A9BBE67F3DFB5C7AB6C5A6BADC65AB5B537ADADB0F9CB6CBAD4DA1BF6F8355BFE95810307BE6CD3BFD9BC05F6789E3D9E6B8FE7D8F3B36DFABCB5E76CDE33D69EB6C74FD9FC69D69EB436C57E9E64F31FB3D73D525A5AFAB0FDFC90FD3CDEDA387BBED2E68DB67915F6FC286B23EDF19D36BDC3A6B75BBBD51E0FB3E9506B43EC35BFB069B9B5D2B2B2B2629B0EB0E7AFB3D6D71E5F73FDF5D7FF972DF37FECE71F59BB7CD0A04197DAFCDEB6EC2536FDCFFEFDFB5F688FBF6F7FF77C6BFFEBA69B6E3AD7E69FD3AF5FBFEF949797FF87BDFEDF7FFAD39FFECF5B6EB9E57FD8E37F7BE08107BA7542CF5CBC60984A208C0643CE31044028A4110A3BC15774F0570850185028E8DBB7EF99162C7AFCFCE73F3F5BA141E141212208133D2DC4F4B2E52E56D850E850F8B0E5AF183060C095F6FC55F6FCD50A290A2B0A2D36EFFA922F0DB279372ADC28E428ECD8BCE1F6FCAF6D3AC2DAFF552852385248B2769FB507ECF78DB5E9EF15A614AA14AE6CD947ED757FB4794FD8BCA90A610A6341289B69ED597B3C2B086D7314E2823037DFA60B6DDE22853D853E85BF200456595B6EF35706215161B156E1D1E6BD63D3D5F6F39A205CAE57D80C42A7C2E7669B6E0902695D10523FB2E9769BFE4301566156A156E1D6DA2741D0DD63F3147E1B8230DC1804E34F6DFEFE20307FA610AD301D846AB5C336EFF350F056083F6ACB2A901F0FDA1741683FE19B3D1F0EF6E1D07FB2B50F09B69DAC4D713BEB16A787F058303F156B83DF752E473E0084C24E68070F1E8C15E90D1B36B82D5BB6380B05B166A120D6162E5C187BBEBABABAC5EB366EDC189BFFC9279FC47ED6632D1FEF6FF865EBEAEA623FBFFAEAABEE6B5FFB5A52FF4EBD7EF2E4C9844220BD52FD0A3B7A0A01100A73A9A7B0A6A62656A4150A8F1C39129B3777EE5CF7DDEF7E37EEF2F3E7CF6F0E8B5AEEE9A79F76679C71466CFE79E79D1737D0DD7DF7DD2D7EBEF0C20B63BF43AF0FFFDF2FB9E49258D3733D7BF67493264D72EFBDF75E8B50492804D28A730A01100A0B2514C66BAD854215F33973E6343F1E3C7870EC7163636373AFA35F562153F35E79E515B776ED5A575555E57AF7EEEDEEBDF75ED7D0D0107B6EF4E8D171FFCE37BEF18DD8F29A5E76D965B1A0E8C3E8471F7D442804D21F0CDBDB33C7D5C7000885B9140A35F4AB90D5A74F1F3764C890A442A10F695FFDEA579B7BFD1414D563185E76FAF4E9B1E56FBBEDB6D8F949959595B1F91A0AD67CBD2EBCBCC26338FCA9F751530D41FBBFAD7F1B3D8540C682615B81ACABEE53585EC47D0A01100ABBAE1D3E7C3836E4FBE31FFF38A950E88359519C9E420D43EBE73D7BF6C482A27E8F42A17A08D573386BD62CF7939FFC24F63BB4FC45175DE43EFEF8E3E6DFF7FCF3CFC71EEFDAB52B161235BC1D7E3E1A24098540DAB4D553D7D5DF68329E55008050D885EDDC73CF75975F7E79A7F714862F42518FDF0F7FF843F7C8238FC482E8E38F3F1EBBD84421D1F7024687A67D68F543D00A9B9A6A189A5008644CA21EC3AEFEEE630221004261BA42E1CE9D3BDDE6CD9B1386423DEF87754B4B4B4F09852FBDF4921B3B766CEC795D611C0E7AD75C738DEBDFBF7FECA2910B2EB820D6ABA865F4DC1B6FBC113714FA2BA3150A1522CF3AEBAC8CF512120A8116D463181DCA9D5194FC9070BC60382DF27738871000A1305D4DC3B91ADA55EF5F7B7A0AA3BD867EF8B8B565140A7555B1BFDA593D8ABFFCE52F63BD8945A1DBCDE8F1CC9933DD39E79C131B72F6BFC387515D78422804B22618862F3E0907BC642E1E49F43A6E3B03805098EEA65EB8A2E09E836AEAB9D3797ED75E7B6DBB4261A2FB138697F1FF3F9DBFA81E47DD5E66C28409EE9BDFFCA65BBE7CF92943D3D1D0AAA0E86F4DA3DBD4100A81AC101D4A56A09B5694FC6D66A2AF4BF5FE88004028ECE8C526BAA8C3FFAC216485AF3BEFBCB35DA1B0ADE5B48C82A02E66A9ADAD8D854D5DEDECEF8998A8E9D6361A6A0EDF385BB7A229CAD08DAC098540BB8261AAE20D4D0300A190C6D7DC0105140CB93135004221A1905008E4B854877C19320640282414120A813C0B86C9F6F4715109004221A1905008E49964878019320640282414120A81020F86E545DC981A00A19050482804F25A5BE708FAAB8C09840008858442422190E712F51832640C80504828241402051E0C09840008858442422150E0C1702D811000A190504828040A5B45509FB9ED0C004221A1905008509F0180A24328241402D46700A0E8100A098500F599770100458750482804A8CFEC4300283A6DA9AAAA2278110A01EA3300147AD1A9AEAE6EDAB76F1FE12B4BDBAE5DBB3EB650788C3D0C201402A0E874A965CB96FD7EC58A1527F7EEDD4B08CBC240B874E9D22FAC4D640F03088500283A5DCE4247E592254B0E699832D79BD6433EFC3F82768C4008100A015074C07A00D0C97561DADB6E8973AE871EDBF4CC8716EEDED0D6EB132D63AF2FB676BAB56E879C1B196E93577EB132B4DC95FE6F863D56F5790D6B07208C80F500200375211CD69EDBE4E62F3DE89EB4C0F6BDF0F2E170B7C7B98AF10BEA37FA9FA7BCE596DBF21768B97AE746EB7704C1EF346BC3ACF5B476A3B5EEA15078DE83F3776C8EFEBB26BCFCCF35AC1D803002D6038034D605D357A1EEDE99EBF7CEDBE19EB79F6FD5CFEAE51B33E7C30F6D7A7128C4750FA67DB5BC829F7AFBA2BF57E1D0DA55D686E877A91752BF4B8F373A373EBC6CAD738FD872B7FB70A99FD55338739D5BE4432600C208580F00D25017363B37EECD26374961EFC5EDEEAF3EA0E9B186886D7E2FFF1ACD5F76D44D995DE75E504FE233EFBB850A75A1403848C1CFA6D78D7B71FB163F645CE3DC637AACD705CB15AB47F153E746052132368CBCCEB9090A93AC1D803002D6038034D785517F7AAF51C3B8C1F06E376B976ABE868735FC1B84B85E0A750A81E1A97AF61E7DFDB377D41B182CD7FD8DFD6E86CE4B548F9F96193DEB839D3E642A08FAE5825EC262FD7CFFECCD1F6B3AF56D57A57F036B07208C80F500208D7541612D0884A7E93C419DE7F7F0AB8DAB6DDA5BE1CE2F6B3F9FADB0F6BB3FAFDF173EB770DC8BDBB786CF13943FBCBC77BDA60A8B9AFAF30B83DEC8F3FC724F2C3F5EED03A07A1635E52213803002D60380342B292BD73985BD14CE826056ACE0A670F8DA7EF7A7E8F2F6FC157A3E3CCFBF366CD607EE252DABA160FD3C7D957B5DE718FADE404F17A7445F4B28040823603D00C8505DD0D5BEEAA953CF9FCEF1D354412E385FF00ABFBC429EE6877B0A272CDABB2E141A4F53EF6270BEE1A57142E5A5A1C7B706B7C1B934F8F97B8F2F3950AB0B4C5833006104AC070069AE0BBA9FA0825E6BCBE922905800B4F0E843A36F0A76BEC74F17ACF88B5274318A7EEF98173EACD395C73AAF3018A6BED8874F2DA7F30A35BCACF317EF7F76D32E2DABE1E7F0303300C208580F00B2A42E70F10700C208EB0100750100283AAC0700D40500A0E8B01E0050170080A2C37A00405D00008A0EEB0100750100283AAC0700D40500A0E8B01E0050170080A2C37A00405D00008A0EEB0100750100283AAC0700D40500A0E8B01E0050170080A2C37A00405D00008A0EEB0100750100283AAC0700D40500A0E8B01E0050170080A2C37A00405D00008A0EEB0100750100283AAC0700D40500A0E8B01E0050170080A2C37A00405D00008A0EEB0100750100283AAC0700D40500A0E8B01E0050170080A2C37A00405D00008A4E7EBDE77BF4BEB7D10EF14E01D467DE0500149DFC7ECFCBDB0A85C5C5C595BC5300F5997701004527FFDFF7865642E1C13E7DFA74E75D020AAA26308200805058A0EF7BC2DEC2929292F1BC4300358111040084C2C2EE1938442F2150B0358111040084427A06E80900A8098C2000201416F2FBFF09BD840042358111040084C242545C5C7C73A8F057F08E00055F9319410040282CF49E017A020004358111040084C242ED19E8D7AF1FEB01400C2308000885854B45DF05530060040100A1B0008DB476D2DADA60CAB9434081292E2E3EDFDA1FAD1EBF5B5252B2DFA62722571E37E99634B6CC167BFC8CB5FFCDBB068050989F81D00741F51436110C81C23070E0C09191F307936907AD3D454F22004261FE05C2B6E603C89FBAAB2B8C0F75300C46DB31F51EF2AE022014E6A68A36829F7F9E730C81FCABB9B5D160575656E6C68F1FEFE6CE9DEB366DDAE476EFDEED8E1C39E2E4F8F1E36EDFBE7DEEEF7FFFBB9B376F5E6CB9F2F2F278E1B0C17ECF25BCC3000885B91708DB0A7CF4180279A4A4A4A44770BE6073901B3C78B09B356B562CF425E3F0E1C36EC182056EC48811D1FB199EB4BF3182771B00A130FB8D2C4AAE0730D9E501646920B45AFB5938C0DD77DF7DB11EC1549C3871C22D5EBC38D6D318FADD272D1C4EE45D074028CCFE4058D9C1D7110C81DC0D852D7A08354CAC40D759EAEBEBDD5D77DDC5B7A0002014E67120ECACD703C85C8D6D710EE1AA55AB5C57D039883ADF30DC63585A5A7A356B0000A1307BB4755149BA7F0F80F4D5D7F2680F6157D245290F3EF8608BFB1BEA1E88AC090084C2EC09849D35F44B8F2190432C907D1E3E87B033878C133970E0801B3A74687818792D6B0200A130B3A2E7027EC5DA8C609A8CE8EB38C710C801C18DA99BAF324EF5A29264AC59B3A6C53032DF8002805098F94058190A765B8BBEFC7EE3AD4904C344AF231802D95F5BF7F860A6DBCEA4DBC48913C3C1F05DD608004261E603A1CC08829D4B22188603A16FD342CF738E2190A5741E5FF8C6D4C9DE87B0337CF4D1472DEE5F78D34D379DCB9A0140284C9F44412D5EC06B2D18B67779CE3104B23314FED107325D119C29E19B5B9794948C67CD002014A6371056A418F4920D900C2503E9AD998D16B086B7B1CCBBE9BAE2B83573E6CCE182130084C2346B6F306B2BF0251B08C37FBFA9881E43202D3533688D16B46E8EB74CF866D55BB66CC95828D43D11C3FF5ED61E0042617A02617B0359A2E0D7AD8381D0E31C4320BDA1D0B78668CFA1CD3BE19F4FE755C7513B76EC6871CF42D61E004261F604C2D682E1B1140261AAFF1E001D0F85CD3D713E1C86E7EB9B46324537B30EFF5B587B00922D70FA32F558B3C74D41D3A7DE2FAC1DB7A277CCA647AD1D096ECC7AC8DA419B7FC0A6FFB2E9A7C1B04A834DF75ADB6DADDEE6EFB4E9C736DD6EED437BBCD5DA07B6DC269BBE6FF3D6597BCFDA3BF6F3DBD6AAADADB0B6D4DAEB36FF156B7F1B3870E03C7BCD0BD666DBFCE76CDED3D6669496964ED5C9DDF6FC23369D60CFFDDEDA03D62AACDD6DF3EFB0F9BFB6E9300DF9E89B06EC7525361D60F3FA5E7FFDF5FF3560C0802BEDF1E536AFB7B5FFB4E57A0E1E3CF87BBA6AAF5FBF7EDFE9DBB7EF99B6DC69D6FEAD28F59EB978C1309540180D869C6308A4371436F71C867FCE34422180A428E40461E7DF2D27F5500852182A2B2BFBBEC29142926E7E6A81E9470A4F0A5116C2FAD9F3C5C1D7380DB1E77F1984AE3B74D3567BFE770A65367F9C4D1F0AC2DA1FAD4DB1364D61CEE63F6BED79853C853D6B0BADBDAC101884C1E541387CDB9659656DB5C2A342A4B58D0A9541B8FCD09EDB16844E85CFFA208CEE0D0AF43F83B0AAD0FA99426C1066156A8F28E42AEC5A3B1E84DF13416B0A05E493D1E26F6F5DAA276E778BD343782C989F8AB5ED3870D168B434347A0A01A093D5395769356EA81EDBB4D7F455EEF5E83236FFD643CE8D54AB71EE31CDFBC3CB7BD7DBFCD3BAE09F94EA57D8A5ADA7D0FEFF57E93DF13F4F5EF9C54A9B7776A25FF0A973A36A9D7B2487D605900D3D8587EC0364659F3E7DBA734E210074A1875F6D5CED1F4F78F99F6B363B372E1C382281A4DBCC756E914D073DB7C9CDEFC27F56569F5368FFFF9E3E983DB5C62D5EB8D33D67F32E1DF7E2F62D9A17FC7C85DE2FBF9C9A42E1AC0FDC4BFE67BDDF5A26CBD70590A950D81C06FD325C7D0C005DE48DFD6E868247D0433568D95137C5A6BD355FF3E20491411B9D1B5FF1CC86DD0A380A2CF376B8E76D7E8F2E0C86EDED314CDBD5C70A64D6AE0E8735BD8FC1FCDBF51E85963D2D98DEA100193CEE9D63EB02486728D4B9D4E3C36130B4CCFBD9709F42FDEDD0BFF77DD61E809C6675EDE2712F6EDFAA1EAD2080F4B276FADDD3571D5080092DD7ABDEB9D10A1D1A1E554859E7DC043DA71E2A7BBE7B17FE33DBDB63D855F7292C2F4A709F420D036B7857EF8D02DAA3AF7FF68EE63FBEE4406DB8F74FEFF39B4D6E924D8704BD87B73FF3BE5BF858D5E73539B62E80AE0E85A7F40C46E9C2B76CF84693BBEEBA2B7CF3EA89AC3D00B91E0A878442CD508515DF53A580F3C4F2E3D5EA75526FD41EE72A82D7F45430F1E7D12998A4E19FDAD6D5C85DFD8D2671BFC24A43BD0A7FB3EBDC0BEAD17B6DBFFB934D2F98F2965B1E799FAF7A71BBFBEB5DD36A0F29FC29E429F82918E6E0BA0032AAACACEC92F0771F1F387020A3E71306A1F07CD60C809CA7F3DB82F3DF1430AE0E862E7BABE72BBC4CF422063D6FAD58173DA4E99F9AA8C7B0ABBFFB38E1779AFA10E643A07AECEE7E6AF57E7B4FBEE797099F4B38E6850FEB7C0F9FDE73F51E2A48E6E0BA00322A7C5EE1BC79F3D21E0AA74E9D1A0E8575AC11007961EADBAE4AA1C6EADC99FA59BD5041CFD775EAF5D23C5DD91A848F9EC11068ECE28985FBDCCC34FF73D543161DCA9D5194FC9070BC60382DF2775A1DB2B6F7A0AF7AF5F458C3C5C1BC3BC6CCDEBA2DB25C6C1839784FAFD0633FCC9CE3EB02C898F010F2F0E1C3D37A6B9AFAFAFA580F65A8B7B298350220E72950284C04BD51570621A387CE530BAE6ABD2E9690666DAAD705127A3E78DD30F5720501E6CA0C04C3F0C527E18097CCC523895ED7AE8B5B821EBBAB82F7E5F660C877908689FDC524A1F77958F882140D05E7C9BA003222B835CD111FCC162C5890B6503866CC98702FE127AC0D00F9120A6F0CC2475FDD4E453D5DC19065F7C872C5C1B47710807A053F779FB068EF3AF55AA5F99F1E1D4A56A09B5694FC6D66A2AF6BD7FD1183E1DAD815BEC170EF8DE17B132A18DACF03D4BB17BCBF03C2AF578F601EAD0B2023C2BD85EAB9FBC73FFED1E58170F1E2C52DCE251C3870E075AC0900C8BCCEFE2EE27843D300B29805B33D3EA0FDF6B7BF75870F1FEEB240585353D362D858DF18C51A0080FC0B869D1D3001A441FFFEFD2F0CBE433E16D41E7CF0C1D8D7CF7545201C3C783017970040964BF52BF1527D3D800C2A2E2EBE39F80EF55860D3397F8D8D8D9D3A641CE9216CD0F7D8F3CE03407607C3647BFA92FDC614005948DF7E123ED74FBD7AFA1ABA54AF321E3D7A74F46BF70884009003921D0266C818C82303070E1C69A1ED6438C4E91B4F92FD7E64DD985AF7218CF40EC6868C098400907FC1B0BCA88D1B5303C83DA5A5A5575B783B110973EED7BFFEB59B3D7BB6ABAEAE8E5DA5ECCF3BD4542150BD8AFA2EE3BBEFBE3B1A04B9A8040072585BE708FAAB8C0984401E526F9E85B8DA68AF6107DB27DC760600725BA21E43868C8102117C477275F82294245A1DDF540200F91B0C098440011A3C78F0E9C1F986EFEA4291E8F0724949896E69D368ED7D0B907FB4763EEF1A00E46F305C4B20040000286C3A87D01571DB1900008082772E6F0100000000000000000000000000000000000000000000000000000000000000B4F4FF00429F8A4BFE2FB8E80000000049454E44AE426082, '1');

-- ----------------------------
-- Table structure for `act_ge_property`
-- ----------------------------
DROP TABLE IF EXISTS `act_ge_property`;
CREATE TABLE `act_ge_property` (
  `NAME_` varchar(64) COLLATE utf8_bin NOT NULL,
  `VALUE_` varchar(300) COLLATE utf8_bin DEFAULT NULL,
  `REV_` int(11) DEFAULT NULL,
  PRIMARY KEY (`NAME_`) USING BTREE
) ENGINE=InnoDB DEFAULT CHARSET=utf8 COLLATE=utf8_bin ROW_FORMAT=DYNAMIC;

-- ----------------------------
-- Records of act_ge_property
-- ----------------------------
INSERT INTO `act_ge_property` VALUES ('cfg.execution-related-entities-count', 'false', '1');
INSERT INTO `act_ge_property` VALUES ('next.dbid', '210001', '85');
INSERT INTO `act_ge_property` VALUES ('schema.history', 'create(6.0.0.4)', '1');
INSERT INTO `act_ge_property` VALUES ('schema.version', '6.0.0.4', '1');

-- ----------------------------
-- Table structure for `act_hi_actinst`
-- ----------------------------
DROP TABLE IF EXISTS `act_hi_actinst`;
CREATE TABLE `act_hi_actinst` (
  `ID_` varchar(64) COLLATE utf8_bin NOT NULL,
  `PROC_DEF_ID_` varchar(64) COLLATE utf8_bin NOT NULL,
  `PROC_INST_ID_` varchar(64) COLLATE utf8_bin NOT NULL,
  `EXECUTION_ID_` varchar(64) COLLATE utf8_bin NOT NULL,
  `ACT_ID_` varchar(255) COLLATE utf8_bin NOT NULL,
  `TASK_ID_` varchar(64) COLLATE utf8_bin DEFAULT NULL,
  `CALL_PROC_INST_ID_` varchar(64) COLLATE utf8_bin DEFAULT NULL,
  `ACT_NAME_` varchar(255) COLLATE utf8_bin DEFAULT NULL,
  `ACT_TYPE_` varchar(255) COLLATE utf8_bin NOT NULL,
  `ASSIGNEE_` varchar(255) COLLATE utf8_bin DEFAULT NULL,
  `START_TIME_` datetime(3) NOT NULL,
  `END_TIME_` datetime(3) DEFAULT NULL,
  `DURATION_` bigint(20) DEFAULT NULL,
  `DELETE_REASON_` varchar(4000) COLLATE utf8_bin DEFAULT NULL,
  `TENANT_ID_` varchar(255) COLLATE utf8_bin DEFAULT '',
  PRIMARY KEY (`ID_`) USING BTREE,
  KEY `ACT_IDX_HI_ACT_INST_START` (`START_TIME_`) USING BTREE,
  KEY `ACT_IDX_HI_ACT_INST_END` (`END_TIME_`) USING BTREE,
  KEY `ACT_IDX_HI_ACT_INST_PROCINST` (`PROC_INST_ID_`,`ACT_ID_`) USING BTREE,
  KEY `ACT_IDX_HI_ACT_INST_EXEC` (`EXECUTION_ID_`,`ACT_ID_`) USING BTREE
) ENGINE=InnoDB DEFAULT CHARSET=utf8 COLLATE=utf8_bin ROW_FORMAT=DYNAMIC;

-- ----------------------------
-- Records of act_hi_actinst
-- ----------------------------
INSERT INTO `act_hi_actinst` VALUES ('102507', 'transfer:4:100004', '102501', '102506', 'startevent1', null, null, 'Start', 'startEvent', null, '2018-10-22 20:03:44.561', '2018-10-22 20:03:44.562', '1', null, '');
INSERT INTO `act_hi_actinst` VALUES ('102508', 'transfer:4:100004', '102501', '102506', 'principalAudit', '102509', null, '', 'userTask', '11', '2018-10-22 20:03:44.564', '2018-10-22 20:48:46.075', '2701511', null, '');
INSERT INTO `act_hi_actinst` VALUES ('110003', 'transfer:4:100004', '102501', '102506', 'exclusivegateway1', null, null, 'Exclusive Gateway', 'exclusiveGateway', null, '2018-10-22 20:48:46.075', '2018-10-22 20:48:46.076', '1', null, '');
INSERT INTO `act_hi_actinst` VALUES ('110004', 'transfer:4:100004', '102501', '102506', 'confirmReceipt', '110005', null, '', 'userTask', '11', '2018-10-22 20:48:46.083', null, null, null, '');
INSERT INTO `act_hi_actinst` VALUES ('112512', 'transfer:5:112504', '112505', '112511', 'startevent1', null, null, 'Start', 'startEvent', null, '2018-10-23 09:45:37.242', '2018-10-23 09:45:37.244', '2', null, '');
INSERT INTO `act_hi_actinst` VALUES ('112513', 'transfer:5:112504', '112505', '112511', 'principalAudit', '112514', null, '', 'userTask', 'keeper1', '2018-10-23 09:45:37.246', '2018-10-23 10:12:32.455', '1615209', null, '');
INSERT INTO `act_hi_actinst` VALUES ('112523', 'transfer:5:112504', '112516', '112522', 'startevent1', null, null, 'Start', 'startEvent', null, '2018-10-23 09:57:59.019', '2018-10-23 09:57:59.019', '0', null, '');
INSERT INTO `act_hi_actinst` VALUES ('112524', 'transfer:5:112504', '112516', '112522', 'principalAudit', '112525', null, '', 'userTask', 'keeper1', '2018-10-23 09:57:59.019', '2018-10-23 10:19:38.287', '1299268', null, '');
INSERT INTO `act_hi_actinst` VALUES ('112529', 'transfer:5:112504', '112505', '112511', 'exclusivegateway1', null, null, 'Exclusive Gateway', 'exclusiveGateway', null, '2018-10-23 10:12:32.456', '2018-10-23 10:12:32.460', '4', null, '');
INSERT INTO `act_hi_actinst` VALUES ('112530', 'transfer:5:112504', '112505', '112511', 'rejection', '112531', null, '', 'userTask', '', '2018-10-23 10:12:32.468', '2018-10-23 11:25:52.379', '4399911', null, '');
INSERT INTO `act_hi_actinst` VALUES ('112534', 'transfer:5:112504', '112516', '112522', 'exclusivegateway1', null, null, 'Exclusive Gateway', 'exclusiveGateway', null, '2018-10-23 10:19:38.287', '2018-10-23 10:19:38.288', '1', null, '');
INSERT INTO `act_hi_actinst` VALUES ('112535', 'transfer:5:112504', '112516', '112522', 'inform', '112536', null, '', 'userTask', '', '2018-10-23 10:19:38.295', '2018-10-23 10:21:45.737', '127442', null, '');
INSERT INTO `act_hi_actinst` VALUES ('112537', 'transfer:5:112504', '112516', '112522', 'confirmReceipt', '112538', null, '', 'userTask', 'keeper1', '2018-10-23 10:21:45.737', '2018-10-23 10:22:43.996', '58259', null, '');
INSERT INTO `act_hi_actinst` VALUES ('112541', 'transfer:5:112504', '112516', '112522', 'exclusivegateway2', null, null, 'Exclusive Gateway', 'exclusiveGateway', null, '2018-10-23 10:22:43.997', '2018-10-23 10:22:43.997', '0', null, '');
INSERT INTO `act_hi_actinst` VALUES ('112542', 'transfer:5:112504', '112516', '112522', 'inform', '112543', null, '', 'userTask', '', '2018-10-23 10:22:44.003', '2018-10-23 10:25:39.699', '175696', null, '');
INSERT INTO `act_hi_actinst` VALUES ('112544', 'transfer:5:112504', '112516', '112522', 'confirmReceipt', '112545', null, '', 'userTask', 'keeper1', '2018-10-23 10:25:39.699', '2018-10-23 10:34:47.364', '547665', null, '');
INSERT INTO `act_hi_actinst` VALUES ('120001', 'transfer:5:112504', '112516', '112522', 'exclusivegateway2', null, null, 'Exclusive Gateway', 'exclusiveGateway', null, '2018-10-23 10:34:47.496', '2018-10-23 10:34:47.496', '0', null, '');
INSERT INTO `act_hi_actinst` VALUES ('120002', 'transfer:5:112504', '112516', '112522', 'endevent1', null, null, 'End', 'endEvent', null, '2018-10-23 10:34:47.506', '2018-10-23 10:34:47.506', '0', null, '');
INSERT INTO `act_hi_actinst` VALUES ('120010', 'transfer:5:112504', '120003', '120009', 'startevent1', null, null, 'Start', 'startEvent', null, '2018-10-23 10:40:34.953', '2018-10-23 10:40:34.953', '0', null, '');
INSERT INTO `act_hi_actinst` VALUES ('120011', 'transfer:5:112504', '120003', '120009', 'principalAudit', '120012', null, '', 'userTask', 'keeper1', '2018-10-23 10:40:34.953', '2018-10-23 10:41:06.205', '31252', null, '');
INSERT INTO `act_hi_actinst` VALUES ('120016', 'transfer:5:112504', '120003', '120009', 'exclusivegateway1', null, null, 'Exclusive Gateway', 'exclusiveGateway', null, '2018-10-23 10:41:06.205', '2018-10-23 10:41:06.205', '0', null, '');
INSERT INTO `act_hi_actinst` VALUES ('120017', 'transfer:5:112504', '120003', '120009', 'inform', '120018', null, '', 'userTask', '', '2018-10-23 10:41:06.212', '2018-10-23 10:41:24.117', '17905', null, '');
INSERT INTO `act_hi_actinst` VALUES ('120019', 'transfer:5:112504', '120003', '120009', 'confirmReceipt', '120020', null, '', 'userTask', 'keeper1', '2018-10-23 10:41:24.117', '2018-10-23 10:43:26.379', '122262', null, '');
INSERT INTO `act_hi_actinst` VALUES ('120023', 'transfer:5:112504', '120003', '120009', 'exclusivegateway2', null, null, 'Exclusive Gateway', 'exclusiveGateway', null, '2018-10-23 10:43:26.379', '2018-10-23 10:43:26.379', '0', null, '');
INSERT INTO `act_hi_actinst` VALUES ('120024', 'transfer:5:112504', '120003', '120009', 'endevent1', null, null, 'End', 'endEvent', null, '2018-10-23 10:43:26.386', '2018-10-23 10:43:26.386', '0', null, '');
INSERT INTO `act_hi_actinst` VALUES ('140001', 'transfer:5:112504', '112505', '112511', 'endevent1', null, null, 'End', 'endEvent', null, '2018-10-23 11:25:52.445', '2018-10-23 11:25:52.445', '0', null, '');
INSERT INTO `act_hi_actinst` VALUES ('145008', 'transfer:5:112504', '145001', '145007', 'startevent1', null, null, 'Start', 'startEvent', null, '2018-10-23 15:11:50.860', '2018-10-23 15:11:50.862', '2', null, '');
INSERT INTO `act_hi_actinst` VALUES ('145009', 'transfer:5:112504', '145001', '145007', 'principalAudit', '145010', null, '', 'userTask', 'keeper1', '2018-10-23 15:11:50.863', '2018-10-23 15:13:02.834', '71971', null, '');
INSERT INTO `act_hi_actinst` VALUES ('145014', 'transfer:5:112504', '145001', '145007', 'exclusivegateway1', null, null, 'Exclusive Gateway', 'exclusiveGateway', null, '2018-10-23 15:13:02.834', '2018-10-23 15:13:02.835', '1', null, '');
INSERT INTO `act_hi_actinst` VALUES ('145015', 'transfer:5:112504', '145001', '145007', 'inform', '145016', null, '', 'userTask', 'keeper1', '2018-10-23 15:13:02.841', '2018-10-23 15:13:19.107', '16266', null, '');
INSERT INTO `act_hi_actinst` VALUES ('145017', 'transfer:5:112504', '145001', '145007', 'confirmReceipt', '145018', null, '', 'userTask', '', '2018-10-23 15:13:19.108', '2018-10-23 15:14:36.252', '77144', null, '');
INSERT INTO `act_hi_actinst` VALUES ('145021', 'transfer:5:112504', '145001', '145007', 'exclusivegateway2', null, null, 'Exclusive Gateway', 'exclusiveGateway', null, '2018-10-23 15:14:36.252', '2018-10-23 15:14:36.252', '0', null, '');
INSERT INTO `act_hi_actinst` VALUES ('145022', 'transfer:5:112504', '145001', '145007', 'endevent1', null, null, 'End', 'endEvent', null, '2018-10-23 15:14:36.260', '2018-10-23 15:14:36.260', '0', null, '');
INSERT INTO `act_hi_actinst` VALUES ('145030', 'transfer:5:112504', '145023', '145029', 'startevent1', null, null, 'Start', 'startEvent', null, '2018-10-23 15:28:42.430', '2018-10-23 15:28:42.430', '0', null, '');
INSERT INTO `act_hi_actinst` VALUES ('145031', 'transfer:5:112504', '145023', '145029', 'principalAudit', '145032', null, '', 'userTask', 'keeper1', '2018-10-23 15:28:42.430', '2018-10-23 15:29:03.464', '21034', null, '');
INSERT INTO `act_hi_actinst` VALUES ('145036', 'transfer:5:112504', '145023', '145029', 'exclusivegateway1', null, null, 'Exclusive Gateway', 'exclusiveGateway', null, '2018-10-23 15:29:03.464', '2018-10-23 15:29:03.465', '1', null, '');
INSERT INTO `act_hi_actinst` VALUES ('145037', 'transfer:5:112504', '145023', '145029', 'inform', '145038', null, '', 'userTask', 'keeper1', '2018-10-23 15:29:03.472', '2018-10-23 15:29:16.962', '13490', null, '');
INSERT INTO `act_hi_actinst` VALUES ('145039', 'transfer:5:112504', '145023', '145029', 'confirmReceipt', '145040', null, '', 'userTask', '', '2018-10-23 15:29:16.962', '2018-10-23 15:30:35.407', '78445', null, '');
INSERT INTO `act_hi_actinst` VALUES ('145043', 'transfer:5:112504', '145023', '145029', 'exclusivegateway2', null, null, 'Exclusive Gateway', 'exclusiveGateway', null, '2018-10-23 15:30:35.407', '2018-10-23 15:30:35.407', '0', null, '');
INSERT INTO `act_hi_actinst` VALUES ('145044', 'transfer:5:112504', '145023', '145029', 'endevent1', null, null, 'End', 'endEvent', null, '2018-10-23 15:30:35.415', '2018-10-23 15:30:35.415', '0', null, '');
INSERT INTO `act_hi_actinst` VALUES ('145052', 'transfer:5:112504', '145045', '145051', 'startevent1', null, null, 'Start', 'startEvent', null, '2018-10-23 15:33:11.048', '2018-10-23 15:33:11.048', '0', null, '');
INSERT INTO `act_hi_actinst` VALUES ('145053', 'transfer:5:112504', '145045', '145051', 'principalAudit', '145054', null, '', 'userTask', 'keeper2', '2018-10-23 15:33:11.048', '2018-10-23 15:46:41.130', '810082', null, '');
INSERT INTO `act_hi_actinst` VALUES ('145063', 'transfer:5:112504', '145056', '145062', 'startevent1', null, null, 'Start', 'startEvent', null, '2018-10-23 15:40:38.408', '2018-10-23 15:40:38.408', '0', null, '');
INSERT INTO `act_hi_actinst` VALUES ('145064', 'transfer:5:112504', '145056', '145062', 'principalAudit', '145065', null, '', 'userTask', 'keeper2', '2018-10-23 15:40:38.408', '2018-10-23 15:50:57.196', '618788', null, '');
INSERT INTO `act_hi_actinst` VALUES ('145074', 'transfer:5:112504', '145067', '145073', 'startevent1', null, null, 'Start', 'startEvent', null, '2018-10-23 15:41:59.966', '2018-10-23 15:41:59.966', '0', null, '');
INSERT INTO `act_hi_actinst` VALUES ('145075', 'transfer:5:112504', '145067', '145073', 'principalAudit', '145076', null, '', 'userTask', 'keeper1', '2018-10-23 15:41:59.966', '2018-10-23 21:10:39.270', '19719304', '???', '');
INSERT INTO `act_hi_actinst` VALUES ('145080', 'transfer:5:112504', '145045', '145051', 'exclusivegateway1', null, null, 'Exclusive Gateway', 'exclusiveGateway', null, '2018-10-23 15:46:41.130', '2018-10-23 15:46:41.131', '1', null, '');
INSERT INTO `act_hi_actinst` VALUES ('145081', 'transfer:5:112504', '145045', '145051', 'inform', '145082', null, '', 'userTask', 'keeper2', '2018-10-23 15:46:41.138', '2018-10-23 15:46:50.471', '9333', null, '');
INSERT INTO `act_hi_actinst` VALUES ('145083', 'transfer:5:112504', '145045', '145051', 'confirmReceipt', '145084', null, '', 'userTask', 'keeper1', '2018-10-23 15:46:50.472', '2018-10-23 15:50:18.764', '208292', null, '');
INSERT INTO `act_hi_actinst` VALUES ('145087', 'transfer:5:112504', '145045', '145051', 'exclusivegateway2', null, null, 'Exclusive Gateway', 'exclusiveGateway', null, '2018-10-23 15:50:18.764', '2018-10-23 15:50:18.765', '1', null, '');
INSERT INTO `act_hi_actinst` VALUES ('145088', 'transfer:5:112504', '145045', '145051', 'endevent1', null, null, 'End', 'endEvent', null, '2018-10-23 15:50:18.772', '2018-10-23 15:50:18.772', '0', null, '');
INSERT INTO `act_hi_actinst` VALUES ('145091', 'transfer:5:112504', '145056', '145062', 'exclusivegateway1', null, null, 'Exclusive Gateway', 'exclusiveGateway', null, '2018-10-23 15:50:57.196', '2018-10-23 15:50:57.196', '0', null, '');
INSERT INTO `act_hi_actinst` VALUES ('145092', 'transfer:5:112504', '145056', '145062', 'inform', '145093', null, '', 'userTask', 'keeper2', '2018-10-23 15:50:57.203', '2018-10-23 15:51:01.792', '4589', null, '');
INSERT INTO `act_hi_actinst` VALUES ('145094', 'transfer:5:112504', '145056', '145062', 'confirmReceipt', '145095', null, '', 'userTask', 'keeper1', '2018-10-23 15:51:01.792', '2018-10-23 15:51:38.571', '36779', null, '');
INSERT INTO `act_hi_actinst` VALUES ('145098', 'transfer:5:112504', '145056', '145062', 'exclusivegateway2', null, null, 'Exclusive Gateway', 'exclusiveGateway', null, '2018-10-23 15:51:38.571', '2018-10-23 15:51:38.572', '1', null, '');
INSERT INTO `act_hi_actinst` VALUES ('145099', 'transfer:5:112504', '145056', '145062', 'endevent1', null, null, 'End', 'endEvent', null, '2018-10-23 15:51:38.578', '2018-10-23 15:51:38.578', '0', null, '');
INSERT INTO `act_hi_actinst` VALUES ('157508', 'transfer:5:112504', '157501', '157507', 'startevent1', null, null, 'Start', 'startEvent', null, '2018-10-23 16:42:47.293', '2018-10-23 16:42:47.294', '1', null, '');
INSERT INTO `act_hi_actinst` VALUES ('157509', 'transfer:5:112504', '157501', '157507', 'principalAudit', '157510', null, '', 'userTask', 'keeper1', '2018-10-23 16:42:47.296', '2018-10-23 16:44:07.338', '80042', null, '');
INSERT INTO `act_hi_actinst` VALUES ('157514', 'transfer:5:112504', '157501', '157507', 'exclusivegateway1', null, null, 'Exclusive Gateway', 'exclusiveGateway', null, '2018-10-23 16:44:07.338', '2018-10-23 16:44:07.340', '2', null, '');
INSERT INTO `act_hi_actinst` VALUES ('157515', 'transfer:5:112504', '157501', '157507', 'inform', '157516', null, '', 'userTask', 'keeper1', '2018-10-23 16:44:07.348', '2018-10-23 16:44:13.996', '6648', null, '');
INSERT INTO `act_hi_actinst` VALUES ('157517', 'transfer:5:112504', '157501', '157507', 'confirmReceipt', '157518', null, '', 'userTask', 'keeper2', '2018-10-23 16:44:13.996', '2018-10-23 16:44:49.323', '35327', null, '');
INSERT INTO `act_hi_actinst` VALUES ('157521', 'transfer:5:112504', '157501', '157507', 'exclusivegateway2', null, null, 'Exclusive Gateway', 'exclusiveGateway', null, '2018-10-23 16:44:49.323', '2018-10-23 16:44:49.323', '0', null, '');
INSERT INTO `act_hi_actinst` VALUES ('157522', 'transfer:5:112504', '157501', '157507', 'endevent1', null, null, 'End', 'endEvent', null, '2018-10-23 16:44:49.330', '2018-10-23 16:44:49.330', '0', null, '');
INSERT INTO `act_hi_actinst` VALUES ('157530', 'transfer:5:112504', '157523', '157529', 'startevent1', null, null, 'Start', 'startEvent', null, '2018-10-23 16:47:14.839', '2018-10-23 16:47:14.839', '0', null, '');
INSERT INTO `act_hi_actinst` VALUES ('157531', 'transfer:5:112504', '157523', '157529', 'principalAudit', '157532', null, '', 'userTask', 'keeper1', '2018-10-23 16:47:14.839', '2018-10-23 16:48:33.030', '78191', null, '');
INSERT INTO `act_hi_actinst` VALUES ('157536', 'transfer:5:112504', '157523', '157529', 'exclusivegateway1', null, null, 'Exclusive Gateway', 'exclusiveGateway', null, '2018-10-23 16:48:33.030', '2018-10-23 16:48:33.030', '0', null, '');
INSERT INTO `act_hi_actinst` VALUES ('157537', 'transfer:5:112504', '157523', '157529', 'inform', '157538', null, '', 'userTask', 'keeper1', '2018-10-23 16:48:33.038', '2018-10-23 16:48:54.757', '21719', null, '');
INSERT INTO `act_hi_actinst` VALUES ('157539', 'transfer:5:112504', '157523', '157529', 'confirmReceipt', '157540', null, '', 'userTask', 'keeper2', '2018-10-23 16:48:54.757', '2018-10-23 16:51:33.507', '158750', null, '');
INSERT INTO `act_hi_actinst` VALUES ('157543', 'transfer:5:112504', '157523', '157529', 'exclusivegateway2', null, null, 'Exclusive Gateway', 'exclusiveGateway', null, '2018-10-23 16:51:33.507', '2018-10-23 16:51:33.507', '0', null, '');
INSERT INTO `act_hi_actinst` VALUES ('157544', 'transfer:5:112504', '157523', '157529', 'endevent1', null, null, 'End', 'endEvent', null, '2018-10-23 16:51:33.516', '2018-10-23 16:51:33.516', '0', null, '');
INSERT INTO `act_hi_actinst` VALUES ('175014', 'purchase:1:175004', '175005', '175013', 'startevent1', null, null, 'Start', 'startEvent', null, '2018-10-23 21:12:54.607', '2018-10-23 21:12:54.608', '1', null, '');
INSERT INTO `act_hi_actinst` VALUES ('175015', 'purchase:1:175004', '175005', '175013', 'indentAudit', '175016', null, '', 'userTask', null, '2018-10-23 21:12:54.611', '2018-10-23 21:13:01.306', '6695', '???', '');
INSERT INTO `act_hi_actinst` VALUES ('177510', 'purchase:1:175004', '177501', '177509', 'startevent1', null, null, 'Start', 'startEvent', null, '2018-10-23 21:17:58.091', '2018-10-23 21:17:58.091', '0', null, '');
INSERT INTO `act_hi_actinst` VALUES ('177511', 'purchase:1:175004', '177501', '177509', 'indentAudit', '177512', null, '', 'userTask', null, '2018-10-23 21:17:58.091', '2018-10-24 00:24:53.553', '11215462', '???', '');
INSERT INTO `act_hi_actinst` VALUES ('180010', 'purchase:1:175004', '180001', '180009', 'startevent1', null, null, 'Start', 'startEvent', null, '2018-10-24 00:29:02.792', '2018-10-24 00:29:02.794', '2', null, '');
INSERT INTO `act_hi_actinst` VALUES ('180011', 'purchase:1:175004', '180001', '180009', 'indentAudit', '180012', null, '', 'userTask', null, '2018-10-24 00:29:02.797', '2018-10-24 00:29:24.733', '21936', '???', '');
INSERT INTO `act_hi_actinst` VALUES ('182508', 'transfer:5:112504', '182501', '182507', 'startevent1', null, null, 'Start', 'startEvent', null, '2018-10-24 09:17:35.960', '2018-10-24 09:17:35.962', '2', null, '');
INSERT INTO `act_hi_actinst` VALUES ('182509', 'transfer:5:112504', '182501', '182507', 'principalAudit', '182510', null, '', 'userTask', 'keeper1', '2018-10-24 09:17:35.964', '2018-10-24 09:19:25.850', '109886', null, '');
INSERT INTO `act_hi_actinst` VALUES ('182514', 'transfer:5:112504', '182501', '182507', 'exclusivegateway1', null, null, 'Exclusive Gateway', 'exclusiveGateway', null, '2018-10-24 09:19:25.850', '2018-10-24 09:19:25.851', '1', null, '');
INSERT INTO `act_hi_actinst` VALUES ('182515', 'transfer:5:112504', '182501', '182507', 'inform', '182516', null, '', 'userTask', 'keeper1', '2018-10-24 09:19:25.858', '2018-10-24 09:19:29.911', '4053', null, '');
INSERT INTO `act_hi_actinst` VALUES ('182517', 'transfer:5:112504', '182501', '182507', 'confirmReceipt', '182518', null, '', 'userTask', '', '2018-10-24 09:19:29.912', '2018-10-24 09:21:52.214', '142302', null, '');
INSERT INTO `act_hi_actinst` VALUES ('182521', 'transfer:5:112504', '182501', '182507', 'exclusivegateway2', null, null, 'Exclusive Gateway', 'exclusiveGateway', null, '2018-10-24 09:21:52.215', '2018-10-24 09:21:52.215', '0', null, '');
INSERT INTO `act_hi_actinst` VALUES ('182522', 'transfer:5:112504', '182501', '182507', 'endevent1', null, null, 'End', 'endEvent', null, '2018-10-24 09:21:52.221', '2018-10-24 09:21:52.221', '0', null, '');
INSERT INTO `act_hi_actinst` VALUES ('182530', 'transfer:5:112504', '182523', '182529', 'startevent1', null, null, 'Start', 'startEvent', null, '2018-10-24 09:27:11.510', '2018-10-24 09:27:11.510', '0', null, '');
INSERT INTO `act_hi_actinst` VALUES ('182531', 'transfer:5:112504', '182523', '182529', 'principalAudit', '182532', null, '', 'userTask', 'keeper1', '2018-10-24 09:27:11.510', '2018-10-24 09:27:24.607', '13097', '???', '');
INSERT INTO `act_hi_actinst` VALUES ('182541', 'transfer:5:112504', '182534', '182540', 'startevent1', null, null, 'Start', 'startEvent', null, '2018-10-24 09:31:38.441', '2018-10-24 09:31:38.441', '0', null, '');
INSERT INTO `act_hi_actinst` VALUES ('182542', 'transfer:5:112504', '182534', '182540', 'principalAudit', '182543', null, '', 'userTask', 'keeper1', '2018-10-24 09:31:38.441', '2018-10-24 09:58:39.852', '1621411', '???', '');
INSERT INTO `act_hi_actinst` VALUES ('185010', 'purchase:1:175004', '185001', '185009', 'startevent1', null, null, 'Start', 'startEvent', null, '2018-10-24 09:33:41.139', '2018-10-24 09:33:41.140', '1', null, '');
INSERT INTO `act_hi_actinst` VALUES ('185011', 'purchase:1:175004', '185001', '185009', 'indentAudit', '185012', null, '', 'userTask', null, '2018-10-24 09:33:41.141', '2018-10-24 09:34:26.512', '45371', '???', '');
INSERT INTO `act_hi_actinst` VALUES ('187510', 'purchase:1:175004', '187501', '187509', 'startevent1', null, null, 'Start', 'startEvent', null, '2018-10-24 09:36:05.092', '2018-10-24 09:36:05.093', '1', null, '');
INSERT INTO `act_hi_actinst` VALUES ('187511', 'purchase:1:175004', '187501', '187509', 'indentAudit', '187512', null, '', 'userTask', null, '2018-10-24 09:36:05.093', '2018-10-24 09:36:10.929', '5836', '???', '');
INSERT INTO `act_hi_actinst` VALUES ('187524', 'purchase:1:175004', '187515', '187523', 'startevent1', null, null, 'Start', 'startEvent', null, '2018-10-24 09:50:02.504', '2018-10-24 09:50:02.504', '0', null, '');
INSERT INTO `act_hi_actinst` VALUES ('187525', 'purchase:1:175004', '187515', '187523', 'indentAudit', '187526', null, '', 'userTask', '', '2018-10-24 09:50:02.504', '2018-10-24 09:50:48.525', '46021', null, '');
INSERT INTO `act_hi_actinst` VALUES ('187534', 'purchase:1:175004', '187515', '187523', 'exclusivegateway1', null, null, 'Exclusive Gateway', 'exclusiveGateway', null, '2018-10-24 09:50:48.525', '2018-10-24 09:50:48.528', '3', null, '');
INSERT INTO `act_hi_actinst` VALUES ('187535', 'purchase:1:175004', '187515', '187523', 'modifyIndent', '187536', null, '', 'userTask', 'Sales10', '2018-10-24 09:50:48.535', '2018-10-24 09:52:56.765', '128230', null, '');
INSERT INTO `act_hi_actinst` VALUES ('187541', 'purchase:1:175004', '187515', '187523', 'exclusivegateway3', null, null, 'Exclusive Gateway', 'exclusiveGateway', null, '2018-10-24 09:52:56.765', '2018-10-24 09:52:56.766', '1', null, '');
INSERT INTO `act_hi_actinst` VALUES ('187542', 'purchase:1:175004', '187515', '187523', 'indentAudit', '187543', null, '', 'userTask', '', '2018-10-24 09:52:56.773', '2018-10-24 09:53:18.116', '21343', null, '');
INSERT INTO `act_hi_actinst` VALUES ('187546', 'purchase:1:175004', '187515', '187523', 'exclusivegateway1', null, null, 'Exclusive Gateway', 'exclusiveGateway', null, '2018-10-24 09:53:18.116', '2018-10-24 09:53:18.116', '0', null, '');
INSERT INTO `act_hi_actinst` VALUES ('187547', 'purchase:1:175004', '187515', '187523', 'modifyIndent', '187548', null, '', 'userTask', 'Sales10', '2018-10-24 09:53:18.123', '2018-10-24 09:54:08.347', '50224', '???', '');
INSERT INTO `act_hi_actinst` VALUES ('190008', 'transfer:5:112504', '190001', '190007', 'startevent1', null, null, 'Start', 'startEvent', null, '2018-10-24 11:09:42.126', '2018-10-24 11:09:42.128', '2', null, '');
INSERT INTO `act_hi_actinst` VALUES ('190009', 'transfer:5:112504', '190001', '190007', 'principalAudit', '190010', null, '', 'userTask', 'keeper2', '2018-10-24 11:09:42.130', '2018-10-24 11:12:01.419', '139289', null, '');
INSERT INTO `act_hi_actinst` VALUES ('190014', 'transfer:5:112504', '190001', '190007', 'exclusivegateway1', null, null, 'Exclusive Gateway', 'exclusiveGateway', null, '2018-10-24 11:12:01.420', '2018-10-24 11:12:01.421', '1', null, '');
INSERT INTO `act_hi_actinst` VALUES ('190015', 'transfer:5:112504', '190001', '190007', 'inform', '190016', null, '', 'userTask', '', '2018-10-24 11:12:01.428', '2018-10-24 11:12:47.864', '46436', null, '');
INSERT INTO `act_hi_actinst` VALUES ('190017', 'transfer:5:112504', '190001', '190007', 'confirmReceipt', '190018', null, '', 'userTask', 'keeper2', '2018-10-24 11:12:47.865', '2018-10-24 11:13:22.244', '34379', null, '');
INSERT INTO `act_hi_actinst` VALUES ('190021', 'transfer:5:112504', '190001', '190007', 'exclusivegateway2', null, null, 'Exclusive Gateway', 'exclusiveGateway', null, '2018-10-24 11:13:22.244', '2018-10-24 11:13:22.244', '0', null, '');
INSERT INTO `act_hi_actinst` VALUES ('190022', 'transfer:5:112504', '190001', '190007', 'endevent1', null, null, 'End', 'endEvent', null, '2018-10-24 11:13:22.249', '2018-10-24 11:13:22.249', '0', null, '');
INSERT INTO `act_hi_actinst` VALUES ('190032', 'purchase:1:175004', '190023', '190031', 'startevent1', null, null, 'Start', 'startEvent', null, '2018-10-24 11:14:13.095', '2018-10-24 11:14:13.095', '0', null, '');
INSERT INTO `act_hi_actinst` VALUES ('190033', 'purchase:1:175004', '190023', '190031', 'indentAudit', '190034', null, '', 'userTask', '', '2018-10-24 11:14:13.096', '2018-10-24 11:16:36.685', '143589', null, '');
INSERT INTO `act_hi_actinst` VALUES ('190040', 'purchase:1:175004', '190023', '190031', 'exclusivegateway1', null, null, 'Exclusive Gateway', 'exclusiveGateway', null, '2018-10-24 11:16:36.685', '2018-10-24 11:16:36.688', '3', null, '');
INSERT INTO `act_hi_actinst` VALUES ('190041', 'purchase:1:175004', '190023', '190031', 'inform', '190042', null, '', 'userTask', 'keeper2', '2018-10-24 11:16:36.693', '2018-10-24 11:17:10.137', '33444', null, '');
INSERT INTO `act_hi_actinst` VALUES ('190043', 'purchase:1:175004', '190023', '190031', 'examination', '190044', null, '', 'userTask', 'keeper2', '2018-10-24 11:17:10.137', '2018-10-24 11:17:21.738', '11601', null, '');
INSERT INTO `act_hi_actinst` VALUES ('190047', 'purchase:1:175004', '190023', '190031', 'exclusivegateway2', null, null, 'Exclusive Gateway', 'exclusiveGateway', null, '2018-10-24 11:17:21.738', '2018-10-24 11:17:21.738', '0', null, '');
INSERT INTO `act_hi_actinst` VALUES ('190048', 'purchase:1:175004', '190023', '190031', 'endevent1', null, null, 'End', 'endEvent', null, '2018-10-24 11:17:21.746', '2018-10-24 11:17:21.746', '0', null, '');
INSERT INTO `act_hi_actinst` VALUES ('192510', 'purchase:1:175004', '192501', '192509', 'startevent1', null, null, 'Start', 'startEvent', null, '2018-10-24 20:06:53.270', '2018-10-24 20:06:53.273', '3', null, '');
INSERT INTO `act_hi_actinst` VALUES ('192511', 'purchase:1:175004', '192501', '192509', 'indentAudit', '192512', null, '', 'userTask', '', '2018-10-24 20:06:53.275', '2018-10-24 20:07:38.228', '44953', null, '');
INSERT INTO `act_hi_actinst` VALUES ('192517', 'purchase:1:175004', '192501', '192509', 'exclusivegateway1', null, null, 'Exclusive Gateway', 'exclusiveGateway', null, '2018-10-24 20:07:38.228', '2018-10-24 20:07:38.232', '4', null, '');
INSERT INTO `act_hi_actinst` VALUES ('192518', 'purchase:1:175004', '192501', '192509', 'inform', '192519', null, '', 'userTask', '', '2018-10-24 20:07:38.241', '2018-10-24 20:08:10.805', '32564', null, '');
INSERT INTO `act_hi_actinst` VALUES ('192520', 'purchase:1:175004', '192501', '192509', 'examination', '192521', null, '', 'userTask', 'keeper1', '2018-10-24 20:08:10.806', '2018-10-24 20:10:19.149', '128343', null, '');
INSERT INTO `act_hi_actinst` VALUES ('192525', 'purchase:1:175004', '192501', '192509', 'exclusivegateway2', null, null, 'Exclusive Gateway', 'exclusiveGateway', null, '2018-10-24 20:10:19.149', '2018-10-24 20:10:19.149', '0', null, '');
INSERT INTO `act_hi_actinst` VALUES ('192526', 'purchase:1:175004', '192501', '192509', 'inform', '192527', null, '', 'userTask', '', '2018-10-24 20:10:19.157', '2018-10-24 20:10:45.858', '26701', null, '');
INSERT INTO `act_hi_actinst` VALUES ('192528', 'purchase:1:175004', '192501', '192509', 'examination', '192529', null, '', 'userTask', 'keeper1', '2018-10-24 20:10:45.858', '2018-10-24 20:11:11.971', '26113', null, '');
INSERT INTO `act_hi_actinst` VALUES ('192530', 'purchase:1:175004', '192501', '192509', 'exclusivegateway2', null, null, 'Exclusive Gateway', 'exclusiveGateway', null, '2018-10-24 20:11:11.971', '2018-10-24 20:11:11.971', '0', null, '');
INSERT INTO `act_hi_actinst` VALUES ('192531', 'purchase:1:175004', '192501', '192509', 'endevent1', null, null, 'End', 'endEvent', null, '2018-10-24 20:11:11.980', '2018-10-24 20:11:11.980', '0', null, '');
INSERT INTO `act_hi_actinst` VALUES ('192539', 'transfer:5:112504', '192532', '192538', 'startevent1', null, null, 'Start', 'startEvent', null, '2018-10-24 20:21:07.626', '2018-10-24 20:21:07.626', '0', null, '');
INSERT INTO `act_hi_actinst` VALUES ('192540', 'transfer:5:112504', '192532', '192538', 'principalAudit', '192541', null, '', 'userTask', 'keeper1', '2018-10-24 20:21:07.626', '2018-10-24 20:22:22.279', '74653', null, '');
INSERT INTO `act_hi_actinst` VALUES ('192545', 'transfer:5:112504', '192532', '192538', 'exclusivegateway1', null, null, 'Exclusive Gateway', 'exclusiveGateway', null, '2018-10-24 20:22:22.280', '2018-10-24 20:22:22.280', '0', null, '');
INSERT INTO `act_hi_actinst` VALUES ('192546', 'transfer:5:112504', '192532', '192538', 'inform', '192547', null, '', 'userTask', 'keeper1', '2018-10-24 20:22:22.288', '2018-10-24 20:23:03.148', '40860', null, '');
INSERT INTO `act_hi_actinst` VALUES ('192548', 'transfer:5:112504', '192532', '192538', 'confirmReceipt', '192549', null, '', 'userTask', 'keeper2', '2018-10-24 20:23:03.148', '2018-10-24 20:23:52.962', '49814', null, '');
INSERT INTO `act_hi_actinst` VALUES ('192552', 'transfer:5:112504', '192532', '192538', 'exclusivegateway2', null, null, 'Exclusive Gateway', 'exclusiveGateway', null, '2018-10-24 20:23:52.962', '2018-10-24 20:23:52.962', '0', null, '');
INSERT INTO `act_hi_actinst` VALUES ('192553', 'transfer:5:112504', '192532', '192538', 'endevent1', null, null, 'End', 'endEvent', null, '2018-10-24 20:23:52.971', '2018-10-24 20:23:52.971', '0', null, '');
INSERT INTO `act_hi_actinst` VALUES ('195010', 'purchase:1:175004', '195001', '195009', 'startevent1', null, null, 'Start', 'startEvent', null, '2018-10-24 20:45:42.832', '2018-10-24 20:45:42.834', '2', null, '');
INSERT INTO `act_hi_actinst` VALUES ('195011', 'purchase:1:175004', '195001', '195009', 'indentAudit', '195012', null, '', 'userTask', '', '2018-10-24 20:45:42.838', '2018-10-24 20:46:35.091', '52253', null, '');
INSERT INTO `act_hi_actinst` VALUES ('195018', 'purchase:1:175004', '195001', '195009', 'exclusivegateway1', null, null, 'Exclusive Gateway', 'exclusiveGateway', null, '2018-10-24 20:46:35.091', '2018-10-24 20:46:35.097', '6', null, '');
INSERT INTO `act_hi_actinst` VALUES ('195019', 'purchase:1:175004', '195001', '195009', 'inform', '195020', null, '', 'userTask', 'Sales10', '2018-10-24 20:46:35.104', '2018-10-24 20:47:01.678', '26574', null, '');
INSERT INTO `act_hi_actinst` VALUES ('195021', 'purchase:1:175004', '195001', '195009', 'examination', '195022', null, '', 'userTask', 'keeper1', '2018-10-24 20:47:01.678', '2018-10-24 20:48:01.990', '60312', null, '');
INSERT INTO `act_hi_actinst` VALUES ('195028', 'purchase:1:175004', '195001', '195009', 'exclusivegateway2', null, null, 'Exclusive Gateway', 'exclusiveGateway', null, '2018-10-24 20:48:01.990', '2018-10-24 20:48:01.990', '0', null, '');
INSERT INTO `act_hi_actinst` VALUES ('195029', 'purchase:1:175004', '195001', '195009', 'endevent1', null, null, 'End', 'endEvent', null, '2018-10-24 20:48:01.997', '2018-10-24 20:48:01.997', '0', null, '');
INSERT INTO `act_hi_actinst` VALUES ('197508', 'transfer:5:112504', '197501', '197507', 'startevent1', null, null, 'Start', 'startEvent', null, '2018-10-25 02:15:47.056', '2018-10-25 02:15:47.058', '2', null, '');
INSERT INTO `act_hi_actinst` VALUES ('197509', 'transfer:5:112504', '197501', '197507', 'principalAudit', '197510', null, '', 'userTask', 'keeper1', '2018-10-25 02:15:47.060', null, null, null, '');
INSERT INTO `act_hi_actinst` VALUES ('200010', 'purchase:1:175004', '200001', '200009', 'startevent1', null, null, 'Start', 'startEvent', null, '2018-10-25 11:13:30.764', '2018-10-25 11:13:30.781', '17', null, '');
INSERT INTO `act_hi_actinst` VALUES ('200011', 'purchase:1:175004', '200001', '200009', 'indentAudit', '200012', null, '', 'userTask', '', '2018-10-25 11:13:30.829', '2018-10-25 11:31:02.966', '1052137', null, '');
INSERT INTO `act_hi_actinst` VALUES ('200017', 'purchase:1:175004', '200001', '200009', 'exclusivegateway1', null, null, 'Exclusive Gateway', 'exclusiveGateway', null, '2018-10-25 11:31:02.966', '2018-10-25 11:31:02.975', '9', null, '');
INSERT INTO `act_hi_actinst` VALUES ('200018', 'purchase:1:175004', '200001', '200009', 'inform', '200019', null, '', 'userTask', 'keeper2', '2018-10-25 11:31:02.991', '2018-10-25 11:35:49.609', '286618', null, '');
INSERT INTO `act_hi_actinst` VALUES ('200020', 'purchase:1:175004', '200001', '200009', 'examination', '200021', null, '', 'userTask', 'keeper1', '2018-10-25 11:35:49.610', '2018-10-25 11:40:53.213', '303603', null, '');
INSERT INTO `act_hi_actinst` VALUES ('200027', 'purchase:1:175004', '200001', '200009', 'exclusivegateway2', null, null, 'Exclusive Gateway', 'exclusiveGateway', null, '2018-10-25 11:40:53.214', '2018-10-25 11:40:53.214', '0', null, '');
INSERT INTO `act_hi_actinst` VALUES ('200028', 'purchase:1:175004', '200001', '200009', 'endevent1', null, null, 'End', 'endEvent', null, '2018-10-25 11:40:53.226', '2018-10-25 11:40:53.226', '0', null, '');
INSERT INTO `act_hi_actinst` VALUES ('202510', 'purchase:1:175004', '202501', '202509', 'startevent1', null, null, 'Start', 'startEvent', null, '2018-10-25 14:55:43.018', '2018-10-25 14:55:43.020', '2', null, '');
INSERT INTO `act_hi_actinst` VALUES ('202511', 'purchase:1:175004', '202501', '202509', 'indentAudit', '202512', null, '', 'userTask', null, '2018-10-25 14:55:43.023', null, null, null, '');
INSERT INTO `act_hi_actinst` VALUES ('207511', 'purchase:1:175004', '207502', '207510', 'startevent1', null, null, 'Start', 'startEvent', null, '2018-10-26 00:30:12.810', '2018-10-26 00:30:12.820', '10', null, '');
INSERT INTO `act_hi_actinst` VALUES ('207512', 'purchase:1:175004', '207502', '207510', 'indentAudit', '207513', null, '', 'userTask', '', '2018-10-26 00:30:12.862', '2018-10-26 00:31:01.204', '48342', null, '');
INSERT INTO `act_hi_actinst` VALUES ('207519', 'purchase:1:175004', '207502', '207510', 'exclusivegateway1', null, null, 'Exclusive Gateway', 'exclusiveGateway', null, '2018-10-26 00:31:01.204', '2018-10-26 00:31:01.213', '9', null, '');
INSERT INTO `act_hi_actinst` VALUES ('207520', 'purchase:1:175004', '207502', '207510', 'inform', '207521', null, '', 'userTask', '', '2018-10-26 00:31:01.223', '2018-10-26 00:31:34.432', '33209', null, '');
INSERT INTO `act_hi_actinst` VALUES ('207522', 'purchase:1:175004', '207502', '207510', 'examination', '207523', null, '', 'userTask', 'keeper1', '2018-10-26 00:31:34.433', '2018-10-26 00:32:06.484', '32051', null, '');
INSERT INTO `act_hi_actinst` VALUES ('207527', 'purchase:1:175004', '207502', '207510', 'exclusivegateway2', null, null, 'Exclusive Gateway', 'exclusiveGateway', null, '2018-10-26 00:32:06.486', '2018-10-26 00:32:06.487', '1', null, '');
INSERT INTO `act_hi_actinst` VALUES ('207528', 'purchase:1:175004', '207502', '207510', 'endevent1', null, null, 'End', 'endEvent', null, '2018-10-26 00:32:06.498', '2018-10-26 00:32:06.498', '0', null, '');
INSERT INTO `act_hi_actinst` VALUES ('207536', 'transfer:5:112504', '207529', '207535', 'startevent1', null, null, 'Start', 'startEvent', null, '2018-10-26 00:37:44.815', '2018-10-26 00:37:44.815', '0', null, '');
INSERT INTO `act_hi_actinst` VALUES ('207537', 'transfer:5:112504', '207529', '207535', 'principalAudit', '207538', null, '', 'userTask', 'keeper1', '2018-10-26 00:37:44.815', '2018-10-26 00:38:36.629', '51814', null, '');
INSERT INTO `act_hi_actinst` VALUES ('207542', 'transfer:5:112504', '207529', '207535', 'exclusivegateway1', null, null, 'Exclusive Gateway', 'exclusiveGateway', null, '2018-10-26 00:38:36.629', '2018-10-26 00:38:36.629', '0', null, '');
INSERT INTO `act_hi_actinst` VALUES ('207543', 'transfer:5:112504', '207529', '207535', 'inform', '207544', null, '', 'userTask', 'keeper1', '2018-10-26 00:38:36.637', '2018-10-26 00:39:15.430', '38793', null, '');
INSERT INTO `act_hi_actinst` VALUES ('207545', 'transfer:5:112504', '207529', '207535', 'confirmReceipt', '207546', null, '', 'userTask', '', '2018-10-26 00:39:15.430', '2018-10-26 00:40:02.684', '47254', null, '');
INSERT INTO `act_hi_actinst` VALUES ('207549', 'transfer:5:112504', '207529', '207535', 'exclusivegateway2', null, null, 'Exclusive Gateway', 'exclusiveGateway', null, '2018-10-26 00:40:02.684', '2018-10-26 00:40:02.684', '0', null, '');
INSERT INTO `act_hi_actinst` VALUES ('207550', 'transfer:5:112504', '207529', '207535', 'inform', '207551', null, '', 'userTask', 'keeper1', '2018-10-26 00:40:02.693', '2018-10-26 00:40:34.637', '31944', null, '');
INSERT INTO `act_hi_actinst` VALUES ('207552', 'transfer:5:112504', '207529', '207535', 'confirmReceipt', '207553', null, '', 'userTask', '', '2018-10-26 00:40:34.637', '2018-10-26 00:41:09.684', '35047', null, '');
INSERT INTO `act_hi_actinst` VALUES ('207554', 'transfer:5:112504', '207529', '207535', 'exclusivegateway2', null, null, 'Exclusive Gateway', 'exclusiveGateway', null, '2018-10-26 00:41:09.684', '2018-10-26 00:41:09.684', '0', null, '');
INSERT INTO `act_hi_actinst` VALUES ('207555', 'transfer:5:112504', '207529', '207535', 'endevent1', null, null, 'End', 'endEvent', null, '2018-10-26 00:41:09.693', '2018-10-26 00:41:09.693', '0', null, '');

-- ----------------------------
-- Table structure for `act_hi_attachment`
-- ----------------------------
DROP TABLE IF EXISTS `act_hi_attachment`;
CREATE TABLE `act_hi_attachment` (
  `ID_` varchar(64) COLLATE utf8_bin NOT NULL,
  `REV_` int(11) DEFAULT NULL,
  `USER_ID_` varchar(255) COLLATE utf8_bin DEFAULT NULL,
  `NAME_` varchar(255) COLLATE utf8_bin DEFAULT NULL,
  `DESCRIPTION_` varchar(4000) COLLATE utf8_bin DEFAULT NULL,
  `TYPE_` varchar(255) COLLATE utf8_bin DEFAULT NULL,
  `TASK_ID_` varchar(64) COLLATE utf8_bin DEFAULT NULL,
  `PROC_INST_ID_` varchar(64) COLLATE utf8_bin DEFAULT NULL,
  `URL_` varchar(4000) COLLATE utf8_bin DEFAULT NULL,
  `CONTENT_ID_` varchar(64) COLLATE utf8_bin DEFAULT NULL,
  `TIME_` datetime(3) DEFAULT NULL,
  PRIMARY KEY (`ID_`) USING BTREE
) ENGINE=InnoDB DEFAULT CHARSET=utf8 COLLATE=utf8_bin ROW_FORMAT=DYNAMIC;

-- ----------------------------
-- Records of act_hi_attachment
-- ----------------------------

-- ----------------------------
-- Table structure for `act_hi_comment`
-- ----------------------------
DROP TABLE IF EXISTS `act_hi_comment`;
CREATE TABLE `act_hi_comment` (
  `ID_` varchar(64) COLLATE utf8_bin NOT NULL,
  `TYPE_` varchar(255) COLLATE utf8_bin DEFAULT NULL,
  `TIME_` datetime(3) NOT NULL,
  `USER_ID_` varchar(255) COLLATE utf8_bin DEFAULT NULL,
  `TASK_ID_` varchar(64) COLLATE utf8_bin DEFAULT NULL,
  `PROC_INST_ID_` varchar(64) COLLATE utf8_bin DEFAULT NULL,
  `ACTION_` varchar(255) COLLATE utf8_bin DEFAULT NULL,
  `MESSAGE_` varchar(4000) COLLATE utf8_bin DEFAULT NULL,
  `FULL_MSG_` longblob,
  PRIMARY KEY (`ID_`) USING BTREE
) ENGINE=InnoDB DEFAULT CHARSET=utf8 COLLATE=utf8_bin ROW_FORMAT=DYNAMIC;

-- ----------------------------
-- Records of act_hi_comment
-- ----------------------------

-- ----------------------------
-- Table structure for `act_hi_detail`
-- ----------------------------
DROP TABLE IF EXISTS `act_hi_detail`;
CREATE TABLE `act_hi_detail` (
  `ID_` varchar(64) COLLATE utf8_bin NOT NULL,
  `TYPE_` varchar(255) COLLATE utf8_bin NOT NULL,
  `PROC_INST_ID_` varchar(64) COLLATE utf8_bin DEFAULT NULL,
  `EXECUTION_ID_` varchar(64) COLLATE utf8_bin DEFAULT NULL,
  `TASK_ID_` varchar(64) COLLATE utf8_bin DEFAULT NULL,
  `ACT_INST_ID_` varchar(64) COLLATE utf8_bin DEFAULT NULL,
  `NAME_` varchar(255) COLLATE utf8_bin NOT NULL,
  `VAR_TYPE_` varchar(255) COLLATE utf8_bin DEFAULT NULL,
  `REV_` int(11) DEFAULT NULL,
  `TIME_` datetime(3) NOT NULL,
  `BYTEARRAY_ID_` varchar(64) COLLATE utf8_bin DEFAULT NULL,
  `DOUBLE_` double DEFAULT NULL,
  `LONG_` bigint(20) DEFAULT NULL,
  `TEXT_` varchar(4000) COLLATE utf8_bin DEFAULT NULL,
  `TEXT2_` varchar(4000) COLLATE utf8_bin DEFAULT NULL,
  PRIMARY KEY (`ID_`) USING BTREE,
  KEY `ACT_IDX_HI_DETAIL_PROC_INST` (`PROC_INST_ID_`) USING BTREE,
  KEY `ACT_IDX_HI_DETAIL_ACT_INST` (`ACT_INST_ID_`) USING BTREE,
  KEY `ACT_IDX_HI_DETAIL_TIME` (`TIME_`) USING BTREE,
  KEY `ACT_IDX_HI_DETAIL_NAME` (`NAME_`) USING BTREE,
  KEY `ACT_IDX_HI_DETAIL_TASK_ID` (`TASK_ID_`) USING BTREE
) ENGINE=InnoDB DEFAULT CHARSET=utf8 COLLATE=utf8_bin ROW_FORMAT=DYNAMIC;

-- ----------------------------
-- Records of act_hi_detail
-- ----------------------------

-- ----------------------------
-- Table structure for `act_hi_identitylink`
-- ----------------------------
DROP TABLE IF EXISTS `act_hi_identitylink`;
CREATE TABLE `act_hi_identitylink` (
  `ID_` varchar(64) COLLATE utf8_bin NOT NULL,
  `GROUP_ID_` varchar(255) COLLATE utf8_bin DEFAULT NULL,
  `TYPE_` varchar(255) COLLATE utf8_bin DEFAULT NULL,
  `USER_ID_` varchar(255) COLLATE utf8_bin DEFAULT NULL,
  `TASK_ID_` varchar(64) COLLATE utf8_bin DEFAULT NULL,
  `PROC_INST_ID_` varchar(64) COLLATE utf8_bin DEFAULT NULL,
  PRIMARY KEY (`ID_`) USING BTREE,
  KEY `ACT_IDX_HI_IDENT_LNK_USER` (`USER_ID_`) USING BTREE,
  KEY `ACT_IDX_HI_IDENT_LNK_TASK` (`TASK_ID_`) USING BTREE,
  KEY `ACT_IDX_HI_IDENT_LNK_PROCINST` (`PROC_INST_ID_`) USING BTREE
) ENGINE=InnoDB DEFAULT CHARSET=utf8 COLLATE=utf8_bin ROW_FORMAT=DYNAMIC;

-- ----------------------------
-- Records of act_hi_identitylink
-- ----------------------------
INSERT INTO `act_hi_identitylink` VALUES ('102502', null, 'starter', '', null, '102501');
INSERT INTO `act_hi_identitylink` VALUES ('102510', null, 'participant', '11', null, '102501');
INSERT INTO `act_hi_identitylink` VALUES ('112506', null, 'starter', '', null, '112505');
INSERT INTO `act_hi_identitylink` VALUES ('112515', null, 'participant', 'keeper1', null, '112505');
INSERT INTO `act_hi_identitylink` VALUES ('112517', null, 'starter', '', null, '112516');
INSERT INTO `act_hi_identitylink` VALUES ('112526', null, 'participant', 'keeper1', null, '112516');
INSERT INTO `act_hi_identitylink` VALUES ('120004', null, 'starter', '', null, '120003');
INSERT INTO `act_hi_identitylink` VALUES ('120013', null, 'participant', 'keeper1', null, '120003');
INSERT INTO `act_hi_identitylink` VALUES ('145002', null, 'starter', '', null, '145001');
INSERT INTO `act_hi_identitylink` VALUES ('145011', null, 'participant', 'keeper1', null, '145001');
INSERT INTO `act_hi_identitylink` VALUES ('145024', null, 'starter', '', null, '145023');
INSERT INTO `act_hi_identitylink` VALUES ('145033', null, 'participant', 'keeper1', null, '145023');
INSERT INTO `act_hi_identitylink` VALUES ('145046', null, 'starter', 'keeper1', null, '145045');
INSERT INTO `act_hi_identitylink` VALUES ('145055', null, 'participant', 'keeper2', null, '145045');
INSERT INTO `act_hi_identitylink` VALUES ('145057', null, 'starter', 'keeper1', null, '145056');
INSERT INTO `act_hi_identitylink` VALUES ('145066', null, 'participant', 'keeper2', null, '145056');
INSERT INTO `act_hi_identitylink` VALUES ('145068', null, 'starter', '', null, '145067');
INSERT INTO `act_hi_identitylink` VALUES ('145077', null, 'participant', 'keeper1', null, '145067');
INSERT INTO `act_hi_identitylink` VALUES ('157502', null, 'starter', 'keeper2', null, '157501');
INSERT INTO `act_hi_identitylink` VALUES ('157511', null, 'participant', 'keeper1', null, '157501');
INSERT INTO `act_hi_identitylink` VALUES ('157524', null, 'starter', 'keeper2', null, '157523');
INSERT INTO `act_hi_identitylink` VALUES ('157533', null, 'participant', 'keeper1', null, '157523');
INSERT INTO `act_hi_identitylink` VALUES ('175007', null, 'starter', 'Sales10', null, '175005');
INSERT INTO `act_hi_identitylink` VALUES ('175017', 'SUPER_MANAGER', 'candidate', null, '175016', null);
INSERT INTO `act_hi_identitylink` VALUES ('175018', null, 'candidate', 'Sales10', '175016', null);
INSERT INTO `act_hi_identitylink` VALUES ('177503', null, 'starter', 'Sales10', null, '177501');
INSERT INTO `act_hi_identitylink` VALUES ('177513', 'SUPER_MANAGER', 'candidate', null, '177512', null);
INSERT INTO `act_hi_identitylink` VALUES ('177514', null, 'candidate', 'Sales10', '177512', null);
INSERT INTO `act_hi_identitylink` VALUES ('180003', null, 'starter', 'Sales10', null, '180001');
INSERT INTO `act_hi_identitylink` VALUES ('180013', 'SUPER_MANAGER', 'candidate', null, '180012', null);
INSERT INTO `act_hi_identitylink` VALUES ('180014', null, 'candidate', 'Sales10', '180012', null);
INSERT INTO `act_hi_identitylink` VALUES ('182502', null, 'starter', '', null, '182501');
INSERT INTO `act_hi_identitylink` VALUES ('182511', null, 'participant', 'keeper1', null, '182501');
INSERT INTO `act_hi_identitylink` VALUES ('182524', null, 'starter', '', null, '182523');
INSERT INTO `act_hi_identitylink` VALUES ('182533', null, 'participant', 'keeper1', null, '182523');
INSERT INTO `act_hi_identitylink` VALUES ('182535', null, 'starter', '', null, '182534');
INSERT INTO `act_hi_identitylink` VALUES ('182544', null, 'participant', 'keeper1', null, '182534');
INSERT INTO `act_hi_identitylink` VALUES ('185003', null, 'starter', 'Sales10', null, '185001');
INSERT INTO `act_hi_identitylink` VALUES ('185013', 'SUPER_MANAGER', 'candidate', null, '185012', null);
INSERT INTO `act_hi_identitylink` VALUES ('185014', null, 'candidate', 'Sales10', '185012', null);
INSERT INTO `act_hi_identitylink` VALUES ('187503', null, 'starter', 'Sales10', null, '187501');
INSERT INTO `act_hi_identitylink` VALUES ('187513', 'SUPER_MANAGER', 'candidate', null, '187512', null);
INSERT INTO `act_hi_identitylink` VALUES ('187514', null, 'candidate', 'Sales10', '187512', null);
INSERT INTO `act_hi_identitylink` VALUES ('187517', null, 'starter', 'Sales10', null, '187515');
INSERT INTO `act_hi_identitylink` VALUES ('187527', 'SUPER_MANAGER', 'candidate', null, '187526', null);
INSERT INTO `act_hi_identitylink` VALUES ('187528', null, 'candidate', 'Sales10', '187526', null);
INSERT INTO `act_hi_identitylink` VALUES ('187529', null, 'participant', '', null, '187515');
INSERT INTO `act_hi_identitylink` VALUES ('187544', 'SUPER_MANAGER', 'candidate', null, '187543', null);
INSERT INTO `act_hi_identitylink` VALUES ('187545', null, 'candidate', 'Sales10', '187543', null);
INSERT INTO `act_hi_identitylink` VALUES ('190002', null, 'starter', '', null, '190001');
INSERT INTO `act_hi_identitylink` VALUES ('190011', null, 'participant', 'keeper2', null, '190001');
INSERT INTO `act_hi_identitylink` VALUES ('190025', null, 'starter', 'keeper2', null, '190023');
INSERT INTO `act_hi_identitylink` VALUES ('190035', 'SUPER_MANAGER', 'candidate', null, '190034', null);
INSERT INTO `act_hi_identitylink` VALUES ('190036', null, 'candidate', 'keeper2', '190034', null);
INSERT INTO `act_hi_identitylink` VALUES ('190037', null, 'participant', '', null, '190023');
INSERT INTO `act_hi_identitylink` VALUES ('192503', null, 'starter', '', null, '192501');
INSERT INTO `act_hi_identitylink` VALUES ('192513', 'SUPER_MANAGER', 'candidate', null, '192512', null);
INSERT INTO `act_hi_identitylink` VALUES ('192514', null, 'candidate', '', '192512', null);
INSERT INTO `act_hi_identitylink` VALUES ('192522', null, 'participant', 'keeper1', null, '192501');
INSERT INTO `act_hi_identitylink` VALUES ('192533', null, 'starter', 'keeper2', null, '192532');
INSERT INTO `act_hi_identitylink` VALUES ('192542', null, 'participant', 'keeper1', null, '192532');
INSERT INTO `act_hi_identitylink` VALUES ('195003', null, 'starter', 'Sales10', null, '195001');
INSERT INTO `act_hi_identitylink` VALUES ('195013', 'SUPER_MANAGER', 'candidate', null, '195012', null);
INSERT INTO `act_hi_identitylink` VALUES ('195014', null, 'candidate', 'Sales10', '195012', null);
INSERT INTO `act_hi_identitylink` VALUES ('195015', null, 'participant', '', null, '195001');
INSERT INTO `act_hi_identitylink` VALUES ('195023', null, 'participant', 'keeper1', null, '195001');
INSERT INTO `act_hi_identitylink` VALUES ('197502', null, 'starter', '', null, '197501');
INSERT INTO `act_hi_identitylink` VALUES ('197511', null, 'participant', 'keeper1', null, '197501');
INSERT INTO `act_hi_identitylink` VALUES ('200003', null, 'starter', 'keeper2', null, '200001');
INSERT INTO `act_hi_identitylink` VALUES ('200013', 'SUPER_MANAGER', 'candidate', null, '200012', null);
INSERT INTO `act_hi_identitylink` VALUES ('200014', null, 'candidate', 'keeper2', '200012', null);
INSERT INTO `act_hi_identitylink` VALUES ('200015', null, 'participant', '', null, '200001');
INSERT INTO `act_hi_identitylink` VALUES ('200022', null, 'participant', 'keeper1', null, '200001');
INSERT INTO `act_hi_identitylink` VALUES ('202503', null, 'starter', '', null, '202501');
INSERT INTO `act_hi_identitylink` VALUES ('202513', 'SUPER_MANAGER', 'candidate', null, '202512', null);
INSERT INTO `act_hi_identitylink` VALUES ('202514', null, 'candidate', '', '202512', null);
INSERT INTO `act_hi_identitylink` VALUES ('207504', null, 'starter', '', null, '207502');
INSERT INTO `act_hi_identitylink` VALUES ('207514', 'SUPER_MANAGER', 'candidate', null, '207513', null);
INSERT INTO `act_hi_identitylink` VALUES ('207515', null, 'candidate', '', '207513', null);
INSERT INTO `act_hi_identitylink` VALUES ('207516', null, 'participant', '', null, '207502');
INSERT INTO `act_hi_identitylink` VALUES ('207524', null, 'participant', 'keeper1', null, '207502');
INSERT INTO `act_hi_identitylink` VALUES ('207530', null, 'starter', '', null, '207529');
INSERT INTO `act_hi_identitylink` VALUES ('207539', null, 'participant', 'keeper1', null, '207529');

-- ----------------------------
-- Table structure for `act_hi_procinst`
-- ----------------------------
DROP TABLE IF EXISTS `act_hi_procinst`;
CREATE TABLE `act_hi_procinst` (
  `ID_` varchar(64) COLLATE utf8_bin NOT NULL,
  `PROC_INST_ID_` varchar(64) COLLATE utf8_bin NOT NULL,
  `BUSINESS_KEY_` varchar(255) COLLATE utf8_bin DEFAULT NULL,
  `PROC_DEF_ID_` varchar(64) COLLATE utf8_bin NOT NULL,
  `START_TIME_` datetime(3) NOT NULL,
  `END_TIME_` datetime(3) DEFAULT NULL,
  `DURATION_` bigint(20) DEFAULT NULL,
  `START_USER_ID_` varchar(255) COLLATE utf8_bin DEFAULT NULL,
  `START_ACT_ID_` varchar(255) COLLATE utf8_bin DEFAULT NULL,
  `END_ACT_ID_` varchar(255) COLLATE utf8_bin DEFAULT NULL,
  `SUPER_PROCESS_INSTANCE_ID_` varchar(64) COLLATE utf8_bin DEFAULT NULL,
  `DELETE_REASON_` varchar(4000) COLLATE utf8_bin DEFAULT NULL,
  `TENANT_ID_` varchar(255) COLLATE utf8_bin DEFAULT '',
  `NAME_` varchar(255) COLLATE utf8_bin DEFAULT NULL,
  PRIMARY KEY (`ID_`) USING BTREE,
  UNIQUE KEY `PROC_INST_ID_` (`PROC_INST_ID_`) USING BTREE,
  KEY `ACT_IDX_HI_PRO_INST_END` (`END_TIME_`) USING BTREE,
  KEY `ACT_IDX_HI_PRO_I_BUSKEY` (`BUSINESS_KEY_`) USING BTREE
) ENGINE=InnoDB DEFAULT CHARSET=utf8 COLLATE=utf8_bin ROW_FORMAT=DYNAMIC;

-- ----------------------------
-- Records of act_hi_procinst
-- ----------------------------
INSERT INTO `act_hi_procinst` VALUES ('102501', '102501', '222', 'transfer:4:100004', '2018-10-22 20:03:44.503', null, null, '', 'startevent1', null, null, null, '', null);
INSERT INTO `act_hi_procinst` VALUES ('112505', '112505', '221', 'transfer:5:112504', '2018-10-23 09:45:37.237', '2018-10-23 11:25:52.561', '6015324', '', 'startevent1', 'endevent1', null, null, '', null);
INSERT INTO `act_hi_procinst` VALUES ('112516', '112516', '222', 'transfer:5:112504', '2018-10-23 09:57:59.018', '2018-10-23 10:34:47.694', '2208676', '', 'startevent1', 'endevent1', null, null, '', null);
INSERT INTO `act_hi_procinst` VALUES ('120003', '120003', '247', 'transfer:5:112504', '2018-10-23 10:40:34.952', '2018-10-23 10:43:26.719', '171767', '', 'startevent1', 'endevent1', null, null, '', null);
INSERT INTO `act_hi_procinst` VALUES ('145001', '145001', '243', 'transfer:5:112504', '2018-10-23 15:11:50.801', '2018-10-23 15:14:36.729', '165928', '', 'startevent1', 'endevent1', null, null, '', null);
INSERT INTO `act_hi_procinst` VALUES ('145023', '145023', '256', 'transfer:5:112504', '2018-10-23 15:28:42.430', '2018-10-23 15:30:35.553', '113123', '', 'startevent1', 'endevent1', null, null, '', null);
INSERT INTO `act_hi_procinst` VALUES ('145045', '145045', '257', 'transfer:5:112504', '2018-10-23 15:33:11.047', '2018-10-23 15:50:18.891', '1027844', 'keeper1', 'startevent1', 'endevent1', null, null, '', null);
INSERT INTO `act_hi_procinst` VALUES ('145056', '145056', '258', 'transfer:5:112504', '2018-10-23 15:40:38.407', '2018-10-23 15:51:38.697', '660290', 'keeper1', 'startevent1', 'endevent1', null, null, '', null);
INSERT INTO `act_hi_procinst` VALUES ('145067', '145067', '259', 'transfer:5:112504', '2018-10-23 15:41:59.966', '2018-10-23 21:10:39.386', '19719420', '', 'startevent1', null, null, '???', '', null);
INSERT INTO `act_hi_procinst` VALUES ('157501', '157501', '266', 'transfer:5:112504', '2018-10-23 16:42:47.215', '2018-10-23 16:44:49.450', '122235', 'keeper2', 'startevent1', 'endevent1', null, null, '', null);
INSERT INTO `act_hi_procinst` VALUES ('157523', '157523', '268', 'transfer:5:112504', '2018-10-23 16:47:14.839', '2018-10-23 16:51:33.662', '258823', 'keeper2', 'startevent1', 'endevent1', null, null, '', null);
INSERT INTO `act_hi_procinst` VALUES ('175005', '175005', '275', 'purchase:1:175004', '2018-10-23 21:12:54.598', '2018-10-23 21:13:01.421', '6823', 'Sales10', 'startevent1', null, null, '???', '', null);
INSERT INTO `act_hi_procinst` VALUES ('177501', '177501', '276', 'purchase:1:175004', '2018-10-23 21:17:58.030', '2018-10-24 00:24:54.429', '11216399', 'Sales10', 'startevent1', null, null, '???', '', null);
INSERT INTO `act_hi_procinst` VALUES ('180001', '180001', '277', 'purchase:1:175004', '2018-10-24 00:29:02.412', '2018-10-24 00:29:25.507', '23095', 'Sales10', 'startevent1', null, null, '???', '', null);
INSERT INTO `act_hi_procinst` VALUES ('182501', '182501', '278', 'transfer:5:112504', '2018-10-24 09:17:35.900', '2018-10-24 09:21:52.369', '256469', '', 'startevent1', 'endevent1', null, null, '', null);
INSERT INTO `act_hi_procinst` VALUES ('182523', '182523', '279', 'transfer:5:112504', '2018-10-24 09:27:11.510', '2018-10-24 09:27:24.730', '13220', '', 'startevent1', null, null, '???', '', null);
INSERT INTO `act_hi_procinst` VALUES ('182534', '182534', '280', 'transfer:5:112504', '2018-10-24 09:31:38.440', '2018-10-24 09:58:40.033', '1621593', '', 'startevent1', null, null, '???', '', null);
INSERT INTO `act_hi_procinst` VALUES ('185001', '185001', '281', 'purchase:1:175004', '2018-10-24 09:33:41.079', '2018-10-24 09:34:26.630', '45551', 'Sales10', 'startevent1', null, null, '???', '', null);
INSERT INTO `act_hi_procinst` VALUES ('187501', '187501', '282', 'purchase:1:175004', '2018-10-24 09:36:05.037', '2018-10-24 09:36:11.014', '5977', 'Sales10', 'startevent1', null, null, '???', '', null);
INSERT INTO `act_hi_procinst` VALUES ('187515', '187515', '283', 'purchase:1:175004', '2018-10-24 09:50:02.503', '2018-10-24 09:54:08.464', '245961', 'Sales10', 'startevent1', null, null, '???', '', null);
INSERT INTO `act_hi_procinst` VALUES ('190001', '190001', '285', 'transfer:5:112504', '2018-10-24 11:09:42.063', '2018-10-24 11:13:22.349', '220286', '', 'startevent1', 'endevent1', null, null, '', null);
INSERT INTO `act_hi_procinst` VALUES ('190023', '190023', '286', 'purchase:1:175004', '2018-10-24 11:14:13.095', '2018-10-24 11:17:21.886', '188791', 'keeper2', 'startevent1', 'endevent1', null, null, '', null);
INSERT INTO `act_hi_procinst` VALUES ('192501', '192501', '287', 'purchase:1:175004', '2018-10-24 20:06:53.205', '2018-10-24 20:11:12.173', '258968', '', 'startevent1', 'endevent1', null, null, '', null);
INSERT INTO `act_hi_procinst` VALUES ('192532', '192532', '288', 'transfer:5:112504', '2018-10-24 20:21:07.626', '2018-10-24 20:23:53.176', '165550', 'keeper2', 'startevent1', 'endevent1', null, null, '', null);
INSERT INTO `act_hi_procinst` VALUES ('195001', '195001', '289', 'purchase:1:175004', '2018-10-24 20:45:42.770', '2018-10-24 20:48:02.163', '139393', 'Sales10', 'startevent1', 'endevent1', null, null, '', null);
INSERT INTO `act_hi_procinst` VALUES ('197501', '197501', '290', 'transfer:5:112504', '2018-10-25 02:15:46.980', null, null, '', 'startevent1', null, null, null, '', null);
INSERT INTO `act_hi_procinst` VALUES ('200001', '200001', '292', 'purchase:1:175004', '2018-10-25 11:13:30.231', '2018-10-25 11:40:53.503', '1643272', 'keeper2', 'startevent1', 'endevent1', null, null, '', null);
INSERT INTO `act_hi_procinst` VALUES ('202501', '202501', '294', 'purchase:1:175004', '2018-10-25 14:55:42.897', null, null, '', 'startevent1', null, null, null, '', null);
INSERT INTO `act_hi_procinst` VALUES ('207502', '207502', '308', 'purchase:1:175004', '2018-10-26 00:30:12.777', '2018-10-26 00:32:06.760', '113983', '', 'startevent1', 'endevent1', null, null, '', null);
INSERT INTO `act_hi_procinst` VALUES ('207529', '207529', '309', 'transfer:5:112504', '2018-10-26 00:37:44.813', '2018-10-26 00:41:09.838', '205025', '', 'startevent1', 'endevent1', null, null, '', null);

-- ----------------------------
-- Table structure for `act_hi_taskinst`
-- ----------------------------
DROP TABLE IF EXISTS `act_hi_taskinst`;
CREATE TABLE `act_hi_taskinst` (
  `ID_` varchar(64) COLLATE utf8_bin NOT NULL,
  `PROC_DEF_ID_` varchar(64) COLLATE utf8_bin DEFAULT NULL,
  `TASK_DEF_KEY_` varchar(255) COLLATE utf8_bin DEFAULT NULL,
  `PROC_INST_ID_` varchar(64) COLLATE utf8_bin DEFAULT NULL,
  `EXECUTION_ID_` varchar(64) COLLATE utf8_bin DEFAULT NULL,
  `NAME_` varchar(255) COLLATE utf8_bin DEFAULT NULL,
  `PARENT_TASK_ID_` varchar(64) COLLATE utf8_bin DEFAULT NULL,
  `DESCRIPTION_` varchar(4000) COLLATE utf8_bin DEFAULT NULL,
  `OWNER_` varchar(255) COLLATE utf8_bin DEFAULT NULL,
  `ASSIGNEE_` varchar(255) COLLATE utf8_bin DEFAULT NULL,
  `START_TIME_` datetime(3) NOT NULL,
  `CLAIM_TIME_` datetime(3) DEFAULT NULL,
  `END_TIME_` datetime(3) DEFAULT NULL,
  `DURATION_` bigint(20) DEFAULT NULL,
  `DELETE_REASON_` varchar(4000) COLLATE utf8_bin DEFAULT NULL,
  `PRIORITY_` int(11) DEFAULT NULL,
  `DUE_DATE_` datetime(3) DEFAULT NULL,
  `FORM_KEY_` varchar(255) COLLATE utf8_bin DEFAULT NULL,
  `CATEGORY_` varchar(255) COLLATE utf8_bin DEFAULT NULL,
  `TENANT_ID_` varchar(255) COLLATE utf8_bin DEFAULT '',
  PRIMARY KEY (`ID_`) USING BTREE,
  KEY `ACT_IDX_HI_TASK_INST_PROCINST` (`PROC_INST_ID_`) USING BTREE
) ENGINE=InnoDB DEFAULT CHARSET=utf8 COLLATE=utf8_bin ROW_FORMAT=DYNAMIC;

-- ----------------------------
-- Records of act_hi_taskinst
-- ----------------------------
INSERT INTO `act_hi_taskinst` VALUES ('102509', 'transfer:4:100004', 'principalAudit', '102501', '102506', '', null, null, null, '11', '2018-10-22 20:03:44.615', '2018-10-22 20:14:45.514', '2018-10-22 20:48:46.058', '2701443', null, '50', null, null, null, '');
INSERT INTO `act_hi_taskinst` VALUES ('110005', 'transfer:4:100004', 'confirmReceipt', '102501', '102506', '', null, null, null, '11', '2018-10-22 20:48:46.083', '2018-10-22 20:53:53.727', null, null, null, '50', null, null, null, '');
INSERT INTO `act_hi_taskinst` VALUES ('112514', 'transfer:5:112504', 'principalAudit', '112505', '112511', '', null, null, null, 'keeper1', '2018-10-23 09:45:37.304', '2018-10-23 09:49:31.332', '2018-10-23 10:12:32.438', '1615134', null, '50', null, null, null, '');
INSERT INTO `act_hi_taskinst` VALUES ('112525', 'transfer:5:112504', 'principalAudit', '112516', '112522', '', null, null, null, 'keeper1', '2018-10-23 09:57:59.019', '2018-10-23 09:58:33.520', '2018-10-23 10:19:38.272', '1299253', null, '50', null, null, null, '');
INSERT INTO `act_hi_taskinst` VALUES ('112531', 'transfer:5:112504', 'rejection', '112505', '112511', '', null, null, null, '', '2018-10-23 10:12:32.469', '2018-10-23 10:14:25.899', '2018-10-23 11:25:52.319', '4399850', null, '50', null, null, null, '');
INSERT INTO `act_hi_taskinst` VALUES ('112536', 'transfer:5:112504', 'inform', '112516', '112522', '', null, null, null, '', '2018-10-23 10:19:38.295', '2018-10-23 10:21:43.836', '2018-10-23 10:21:45.722', '127427', null, '50', null, null, null, '');
INSERT INTO `act_hi_taskinst` VALUES ('112538', 'transfer:5:112504', 'confirmReceipt', '112516', '112522', '', null, null, null, 'keeper1', '2018-10-23 10:21:45.737', '2018-10-23 10:22:11.093', '2018-10-23 10:22:43.983', '58246', null, '50', null, null, null, '');
INSERT INTO `act_hi_taskinst` VALUES ('112543', 'transfer:5:112504', 'inform', '112516', '112522', '', null, null, null, '', '2018-10-23 10:22:44.004', '2018-10-23 10:25:35.829', '2018-10-23 10:25:39.682', '175678', null, '50', null, null, null, '');
INSERT INTO `act_hi_taskinst` VALUES ('112545', 'transfer:5:112504', 'confirmReceipt', '112516', '112522', '', null, null, null, 'keeper1', '2018-10-23 10:25:39.699', '2018-10-23 10:26:56.984', '2018-10-23 10:34:47.339', '547640', null, '50', null, null, null, '');
INSERT INTO `act_hi_taskinst` VALUES ('120012', 'transfer:5:112504', 'principalAudit', '120003', '120009', '', null, null, null, 'keeper1', '2018-10-23 10:40:34.953', '2018-10-23 10:40:48.779', '2018-10-23 10:41:06.189', '31236', null, '50', null, null, null, '');
INSERT INTO `act_hi_taskinst` VALUES ('120018', 'transfer:5:112504', 'inform', '120003', '120009', '', null, null, null, '', '2018-10-23 10:41:06.212', '2018-10-23 10:41:22.685', '2018-10-23 10:41:24.102', '17890', null, '50', null, null, null, '');
INSERT INTO `act_hi_taskinst` VALUES ('120020', 'transfer:5:112504', 'confirmReceipt', '120003', '120009', '', null, null, null, 'keeper1', '2018-10-23 10:41:24.117', '2018-10-23 10:41:30.631', '2018-10-23 10:43:26.364', '122247', null, '50', null, null, null, '');
INSERT INTO `act_hi_taskinst` VALUES ('145010', 'transfer:5:112504', 'principalAudit', '145001', '145007', '', null, null, null, 'keeper1', '2018-10-23 15:11:50.918', '2018-10-23 15:12:42.862', '2018-10-23 15:13:02.819', '71901', null, '50', null, null, null, '');
INSERT INTO `act_hi_taskinst` VALUES ('145016', 'transfer:5:112504', 'inform', '145001', '145007', '', null, null, null, 'keeper1', '2018-10-23 15:13:02.841', '2018-10-23 15:13:16.755', '2018-10-23 15:13:19.094', '16253', null, '50', null, null, null, '');
INSERT INTO `act_hi_taskinst` VALUES ('145018', 'transfer:5:112504', 'confirmReceipt', '145001', '145007', '', null, null, null, '', '2018-10-23 15:13:19.108', '2018-10-23 15:13:32.086', '2018-10-23 15:14:36.232', '77124', null, '50', null, null, null, '');
INSERT INTO `act_hi_taskinst` VALUES ('145032', 'transfer:5:112504', 'principalAudit', '145023', '145029', '', null, null, null, 'keeper1', '2018-10-23 15:28:42.431', '2018-10-23 15:28:52.707', '2018-10-23 15:29:03.449', '21018', null, '50', null, null, null, '');
INSERT INTO `act_hi_taskinst` VALUES ('145038', 'transfer:5:112504', 'inform', '145023', '145029', '', null, null, null, 'keeper1', '2018-10-23 15:29:03.472', '2018-10-23 15:29:09.600', '2018-10-23 15:29:16.946', '13474', null, '50', null, null, null, '');
INSERT INTO `act_hi_taskinst` VALUES ('145040', 'transfer:5:112504', 'confirmReceipt', '145023', '145029', '', null, null, null, '', '2018-10-23 15:29:16.962', '2018-10-23 15:29:31.226', '2018-10-23 15:30:35.390', '78428', null, '50', null, null, null, '');
INSERT INTO `act_hi_taskinst` VALUES ('145054', 'transfer:5:112504', 'principalAudit', '145045', '145051', '', null, null, null, 'keeper2', '2018-10-23 15:33:11.048', '2018-10-23 15:33:20.535', '2018-10-23 15:46:41.115', '810067', null, '50', null, null, null, '');
INSERT INTO `act_hi_taskinst` VALUES ('145065', 'transfer:5:112504', 'principalAudit', '145056', '145062', '', null, null, null, 'keeper2', '2018-10-23 15:40:38.408', '2018-10-23 15:40:45.343', '2018-10-23 15:50:57.181', '618773', null, '50', null, null, null, '');
INSERT INTO `act_hi_taskinst` VALUES ('145076', 'transfer:5:112504', 'principalAudit', '145067', '145073', '', null, null, null, 'keeper1', '2018-10-23 15:41:59.966', '2018-10-23 15:42:10.449', '2018-10-23 21:10:39.248', '19719282', '???', '50', null, null, null, '');
INSERT INTO `act_hi_taskinst` VALUES ('145082', 'transfer:5:112504', 'inform', '145045', '145051', '', null, null, null, 'keeper2', '2018-10-23 15:46:41.138', '2018-10-23 15:46:46.650', '2018-10-23 15:46:50.456', '9318', null, '50', null, null, null, '');
INSERT INTO `act_hi_taskinst` VALUES ('145084', 'transfer:5:112504', 'confirmReceipt', '145045', '145051', '', null, null, null, 'keeper1', '2018-10-23 15:46:50.472', '2018-10-23 15:46:59.380', '2018-10-23 15:50:18.750', '208278', null, '50', null, null, null, '');
INSERT INTO `act_hi_taskinst` VALUES ('145093', 'transfer:5:112504', 'inform', '145056', '145062', '', null, null, null, 'keeper2', '2018-10-23 15:50:57.203', '2018-10-23 15:51:00.211', '2018-10-23 15:51:01.774', '4571', null, '50', null, null, null, '');
INSERT INTO `act_hi_taskinst` VALUES ('145095', 'transfer:5:112504', 'confirmReceipt', '145056', '145062', '', null, null, null, 'keeper1', '2018-10-23 15:51:01.792', '2018-10-23 15:51:11.245', '2018-10-23 15:51:38.557', '36765', null, '50', null, null, null, '');
INSERT INTO `act_hi_taskinst` VALUES ('157510', 'transfer:5:112504', 'principalAudit', '157501', '157507', '', null, null, null, 'keeper1', '2018-10-23 16:42:47.315', '2018-10-23 16:44:00.917', '2018-10-23 16:44:07.320', '80005', null, '50', null, null, null, '');
INSERT INTO `act_hi_taskinst` VALUES ('157516', 'transfer:5:112504', 'inform', '157501', '157507', '', null, null, null, 'keeper1', '2018-10-23 16:44:07.348', '2018-10-23 16:44:12.627', '2018-10-23 16:44:13.979', '6631', null, '50', null, null, null, '');
INSERT INTO `act_hi_taskinst` VALUES ('157518', 'transfer:5:112504', 'confirmReceipt', '157501', '157507', '', null, null, null, 'keeper2', '2018-10-23 16:44:13.996', '2018-10-23 16:44:19.739', '2018-10-23 16:44:49.308', '35312', null, '50', null, null, null, '');
INSERT INTO `act_hi_taskinst` VALUES ('157532', 'transfer:5:112504', 'principalAudit', '157523', '157529', '', null, null, null, 'keeper1', '2018-10-23 16:47:14.840', '2018-10-23 16:47:25.166', '2018-10-23 16:48:33.014', '78174', null, '50', null, null, null, '');
INSERT INTO `act_hi_taskinst` VALUES ('157538', 'transfer:5:112504', 'inform', '157523', '157529', '', null, null, null, 'keeper1', '2018-10-23 16:48:33.038', '2018-10-23 16:48:49.692', '2018-10-23 16:48:54.741', '21703', null, '50', null, null, null, '');
INSERT INTO `act_hi_taskinst` VALUES ('157540', 'transfer:5:112504', 'confirmReceipt', '157523', '157529', '', null, null, null, 'keeper2', '2018-10-23 16:48:54.758', '2018-10-23 16:49:04.637', '2018-10-23 16:51:33.489', '158731', null, '50', null, null, null, '');
INSERT INTO `act_hi_taskinst` VALUES ('175016', 'purchase:1:175004', 'indentAudit', '175005', '175013', '', null, null, null, null, '2018-10-23 21:12:54.639', null, '2018-10-23 21:13:01.284', '6645', '???', '50', null, null, null, '');
INSERT INTO `act_hi_taskinst` VALUES ('177512', 'purchase:1:175004', 'indentAudit', '177501', '177509', '', null, null, null, null, '2018-10-23 21:17:58.092', null, '2018-10-24 00:24:53.413', '11215321', '???', '50', null, null, null, '');
INSERT INTO `act_hi_taskinst` VALUES ('180012', 'purchase:1:175004', 'indentAudit', '180001', '180009', '', null, null, null, null, '2018-10-24 00:29:02.879', null, '2018-10-24 00:29:24.571', '21692', '???', '50', null, null, null, '');
INSERT INTO `act_hi_taskinst` VALUES ('182510', 'transfer:5:112504', 'principalAudit', '182501', '182507', '', null, null, null, 'keeper1', '2018-10-24 09:17:36.032', '2018-10-24 09:19:17.256', '2018-10-24 09:19:25.833', '109801', null, '50', null, null, null, '');
INSERT INTO `act_hi_taskinst` VALUES ('182516', 'transfer:5:112504', 'inform', '182501', '182507', '', null, null, null, 'keeper1', '2018-10-24 09:19:25.859', '2018-10-24 09:19:29.389', '2018-10-24 09:19:29.898', '4039', null, '50', null, null, null, '');
INSERT INTO `act_hi_taskinst` VALUES ('182518', 'transfer:5:112504', 'confirmReceipt', '182501', '182507', '', null, null, null, '', '2018-10-24 09:19:29.912', '2018-10-24 09:20:12.908', '2018-10-24 09:21:52.199', '142287', null, '50', null, null, null, '');
INSERT INTO `act_hi_taskinst` VALUES ('182532', 'transfer:5:112504', 'principalAudit', '182523', '182529', '', null, null, null, 'keeper1', '2018-10-24 09:27:11.510', null, '2018-10-24 09:27:24.582', '13072', '???', '50', null, null, null, '');
INSERT INTO `act_hi_taskinst` VALUES ('182543', 'transfer:5:112504', 'principalAudit', '182534', '182540', '', null, null, null, 'keeper1', '2018-10-24 09:31:38.441', null, '2018-10-24 09:58:39.810', '1621369', '???', '50', null, null, null, '');
INSERT INTO `act_hi_taskinst` VALUES ('185012', 'purchase:1:175004', 'indentAudit', '185001', '185009', '', null, null, null, null, '2018-10-24 09:33:41.158', null, '2018-10-24 09:34:26.486', '45328', '???', '50', null, null, null, '');
INSERT INTO `act_hi_taskinst` VALUES ('187512', 'purchase:1:175004', 'indentAudit', '187501', '187509', '', null, null, null, null, '2018-10-24 09:36:05.093', null, '2018-10-24 09:36:10.908', '5815', '???', '50', null, null, null, '');
INSERT INTO `act_hi_taskinst` VALUES ('187526', 'purchase:1:175004', 'indentAudit', '187515', '187523', '', null, null, null, '', '2018-10-24 09:50:02.504', '2018-10-24 09:50:40.266', '2018-10-24 09:50:48.509', '46005', null, '50', null, null, null, '');
INSERT INTO `act_hi_taskinst` VALUES ('187536', 'purchase:1:175004', 'modifyIndent', '187515', '187523', '', null, null, null, 'Sales10', '2018-10-24 09:50:48.535', null, '2018-10-24 09:52:56.750', '128215', null, '50', null, null, null, '');
INSERT INTO `act_hi_taskinst` VALUES ('187543', 'purchase:1:175004', 'indentAudit', '187515', '187523', '', null, null, null, '', '2018-10-24 09:52:56.773', '2018-10-24 09:53:12.243', '2018-10-24 09:53:18.101', '21328', null, '50', null, null, null, '');
INSERT INTO `act_hi_taskinst` VALUES ('187548', 'purchase:1:175004', 'modifyIndent', '187515', '187523', '', null, null, null, 'Sales10', '2018-10-24 09:53:18.123', null, '2018-10-24 09:54:08.325', '50202', '???', '50', null, null, null, '');
INSERT INTO `act_hi_taskinst` VALUES ('190010', 'transfer:5:112504', 'principalAudit', '190001', '190007', '', null, null, null, 'keeper2', '2018-10-24 11:09:42.173', '2018-10-24 11:10:21.696', '2018-10-24 11:12:01.405', '139232', null, '50', null, null, null, '');
INSERT INTO `act_hi_taskinst` VALUES ('190016', 'transfer:5:112504', 'inform', '190001', '190007', '', null, null, null, '', '2018-10-24 11:12:01.428', '2018-10-24 11:12:46.889', '2018-10-24 11:12:47.851', '46423', null, '50', null, null, null, '');
INSERT INTO `act_hi_taskinst` VALUES ('190018', 'transfer:5:112504', 'confirmReceipt', '190001', '190007', '', null, null, null, 'keeper2', '2018-10-24 11:12:47.865', '2018-10-24 11:13:16.247', '2018-10-24 11:13:22.231', '34366', null, '50', null, null, null, '');
INSERT INTO `act_hi_taskinst` VALUES ('190034', 'purchase:1:175004', 'indentAudit', '190023', '190031', '', null, null, null, '', '2018-10-24 11:14:13.096', '2018-10-24 11:15:44.273', '2018-10-24 11:16:36.673', '143577', null, '50', null, null, null, '');
INSERT INTO `act_hi_taskinst` VALUES ('190042', 'purchase:1:175004', 'inform', '190023', '190031', '', null, null, null, 'keeper2', '2018-10-24 11:16:36.694', '2018-10-24 11:17:09.207', '2018-10-24 11:17:10.120', '33426', null, '50', null, null, null, '');
INSERT INTO `act_hi_taskinst` VALUES ('190044', 'purchase:1:175004', 'examination', '190023', '190031', '', null, null, null, 'keeper2', '2018-10-24 11:17:10.138', '2018-10-24 11:17:13.985', '2018-10-24 11:17:21.721', '11583', null, '50', null, null, null, '');
INSERT INTO `act_hi_taskinst` VALUES ('192512', 'purchase:1:175004', 'indentAudit', '192501', '192509', '', null, null, null, '', '2018-10-24 20:06:53.367', '2018-10-24 20:07:25.479', '2018-10-24 20:07:38.209', '44842', null, '50', null, null, null, '');
INSERT INTO `act_hi_taskinst` VALUES ('192519', 'purchase:1:175004', 'inform', '192501', '192509', '', null, null, null, '', '2018-10-24 20:07:38.241', '2018-10-24 20:07:55.556', '2018-10-24 20:08:10.786', '32545', null, '50', null, null, null, '');
INSERT INTO `act_hi_taskinst` VALUES ('192521', 'purchase:1:175004', 'examination', '192501', '192509', '', null, null, null, 'keeper1', '2018-10-24 20:08:10.806', '2018-10-24 20:10:02.770', '2018-10-24 20:10:19.131', '128325', null, '50', null, null, null, '');
INSERT INTO `act_hi_taskinst` VALUES ('192527', 'purchase:1:175004', 'inform', '192501', '192509', '', null, null, null, '', '2018-10-24 20:10:19.157', '2018-10-24 20:10:32.968', '2018-10-24 20:10:45.840', '26683', null, '50', null, null, null, '');
INSERT INTO `act_hi_taskinst` VALUES ('192529', 'purchase:1:175004', 'examination', '192501', '192509', '', null, null, null, 'keeper1', '2018-10-24 20:10:45.858', '2018-10-24 20:11:08.394', '2018-10-24 20:11:11.952', '26094', null, '50', null, null, null, '');
INSERT INTO `act_hi_taskinst` VALUES ('192541', 'transfer:5:112504', 'principalAudit', '192532', '192538', '', null, null, null, 'keeper1', '2018-10-24 20:21:07.626', '2018-10-24 20:21:45.209', '2018-10-24 20:22:22.262', '74636', null, '50', null, null, null, '');
INSERT INTO `act_hi_taskinst` VALUES ('192547', 'transfer:5:112504', 'inform', '192532', '192538', '', null, null, null, 'keeper1', '2018-10-24 20:22:22.288', '2018-10-24 20:23:00.956', '2018-10-24 20:23:03.129', '40841', null, '50', null, null, null, '');
INSERT INTO `act_hi_taskinst` VALUES ('192549', 'transfer:5:112504', 'confirmReceipt', '192532', '192538', '', null, null, null, 'keeper2', '2018-10-24 20:23:03.148', '2018-10-24 20:23:29.182', '2018-10-24 20:23:52.939', '49791', null, '50', null, null, null, '');
INSERT INTO `act_hi_taskinst` VALUES ('195012', 'purchase:1:175004', 'indentAudit', '195001', '195009', '', null, null, null, '', '2018-10-24 20:45:42.907', '2018-10-24 20:46:30.030', '2018-10-24 20:46:35.076', '52169', null, '50', null, null, null, '');
INSERT INTO `act_hi_taskinst` VALUES ('195020', 'purchase:1:175004', 'inform', '195001', '195009', '', null, null, null, 'Sales10', '2018-10-24 20:46:35.104', '2018-10-24 20:46:57.842', '2018-10-24 20:47:01.664', '26560', null, '50', null, null, null, '');
INSERT INTO `act_hi_taskinst` VALUES ('195022', 'purchase:1:175004', 'examination', '195001', '195009', '', null, null, null, 'keeper1', '2018-10-24 20:47:01.679', '2018-10-24 20:47:37.848', '2018-10-24 20:48:01.974', '60295', null, '50', null, null, null, '');
INSERT INTO `act_hi_taskinst` VALUES ('197510', 'transfer:5:112504', 'principalAudit', '197501', '197507', '', null, null, null, 'keeper1', '2018-10-25 02:15:47.093', null, null, null, null, '50', null, null, null, '');
INSERT INTO `act_hi_taskinst` VALUES ('200012', 'purchase:1:175004', 'indentAudit', '200001', '200009', '', null, null, null, '', '2018-10-25 11:13:31.477', '2018-10-25 11:27:17.094', '2018-10-25 11:31:02.912', '1051435', null, '50', null, null, null, '');
INSERT INTO `act_hi_taskinst` VALUES ('200019', 'purchase:1:175004', 'inform', '200001', '200009', '', null, null, null, 'keeper2', '2018-10-25 11:31:02.991', '2018-10-25 11:34:46.690', '2018-10-25 11:35:49.589', '286598', null, '50', null, null, null, '');
INSERT INTO `act_hi_taskinst` VALUES ('200021', 'purchase:1:175004', 'examination', '200001', '200009', '', null, null, null, 'keeper1', '2018-10-25 11:35:49.610', '2018-10-25 11:39:11.007', '2018-10-25 11:40:53.187', '303577', null, '50', null, null, null, '');
INSERT INTO `act_hi_taskinst` VALUES ('202512', 'purchase:1:175004', 'indentAudit', '202501', '202509', '', null, null, null, null, '2018-10-25 14:55:43.110', null, null, null, null, '50', null, null, null, '');
INSERT INTO `act_hi_taskinst` VALUES ('207513', 'purchase:1:175004', 'indentAudit', '207502', '207510', '', null, null, null, '', '2018-10-26 00:30:12.982', '2018-10-26 00:30:44.586', '2018-10-26 00:31:01.178', '48196', null, '50', null, null, null, '');
INSERT INTO `act_hi_taskinst` VALUES ('207521', 'purchase:1:175004', 'inform', '207502', '207510', '', null, null, null, '', '2018-10-26 00:31:01.224', '2018-10-26 00:31:30.026', '2018-10-26 00:31:34.410', '33186', null, '50', null, null, null, '');
INSERT INTO `act_hi_taskinst` VALUES ('207523', 'purchase:1:175004', 'examination', '207502', '207510', '', null, null, null, 'keeper1', '2018-10-26 00:31:34.434', '2018-10-26 00:31:45.090', '2018-10-26 00:32:06.466', '32032', null, '50', null, null, null, '');
INSERT INTO `act_hi_taskinst` VALUES ('207538', 'transfer:5:112504', 'principalAudit', '207529', '207535', '', null, null, null, 'keeper1', '2018-10-26 00:37:44.815', '2018-10-26 00:38:19.663', '2018-10-26 00:38:36.613', '51798', null, '50', null, null, null, '');
INSERT INTO `act_hi_taskinst` VALUES ('207544', 'transfer:5:112504', 'inform', '207529', '207535', '', null, null, null, 'keeper1', '2018-10-26 00:38:36.638', '2018-10-26 00:39:13.339', '2018-10-26 00:39:15.413', '38775', null, '50', null, null, null, '');
INSERT INTO `act_hi_taskinst` VALUES ('207546', 'transfer:5:112504', 'confirmReceipt', '207529', '207535', '', null, null, null, '', '2018-10-26 00:39:15.431', '2018-10-26 00:39:48.401', '2018-10-26 00:40:02.662', '47231', null, '50', null, null, null, '');
INSERT INTO `act_hi_taskinst` VALUES ('207551', 'transfer:5:112504', 'inform', '207529', '207535', '', null, null, null, 'keeper1', '2018-10-26 00:40:02.693', '2018-10-26 00:40:31.451', '2018-10-26 00:40:34.619', '31926', null, '50', null, null, null, '');
INSERT INTO `act_hi_taskinst` VALUES ('207553', 'transfer:5:112504', 'confirmReceipt', '207529', '207535', '', null, null, null, '', '2018-10-26 00:40:34.637', '2018-10-26 00:41:01.119', '2018-10-26 00:41:09.666', '35029', null, '50', null, null, null, '');

-- ----------------------------
-- Table structure for `act_hi_varinst`
-- ----------------------------
DROP TABLE IF EXISTS `act_hi_varinst`;
CREATE TABLE `act_hi_varinst` (
  `ID_` varchar(64) COLLATE utf8_bin NOT NULL,
  `PROC_INST_ID_` varchar(64) COLLATE utf8_bin DEFAULT NULL,
  `EXECUTION_ID_` varchar(64) COLLATE utf8_bin DEFAULT NULL,
  `TASK_ID_` varchar(64) COLLATE utf8_bin DEFAULT NULL,
  `NAME_` varchar(255) COLLATE utf8_bin NOT NULL,
  `VAR_TYPE_` varchar(100) COLLATE utf8_bin DEFAULT NULL,
  `REV_` int(11) DEFAULT NULL,
  `BYTEARRAY_ID_` varchar(64) COLLATE utf8_bin DEFAULT NULL,
  `DOUBLE_` double DEFAULT NULL,
  `LONG_` bigint(20) DEFAULT NULL,
  `TEXT_` varchar(4000) COLLATE utf8_bin DEFAULT NULL,
  `TEXT2_` varchar(4000) COLLATE utf8_bin DEFAULT NULL,
  `CREATE_TIME_` datetime(3) DEFAULT NULL,
  `LAST_UPDATED_TIME_` datetime(3) DEFAULT NULL,
  PRIMARY KEY (`ID_`) USING BTREE,
  KEY `ACT_IDX_HI_PROCVAR_PROC_INST` (`PROC_INST_ID_`) USING BTREE,
  KEY `ACT_IDX_HI_PROCVAR_NAME_TYPE` (`NAME_`,`VAR_TYPE_`) USING BTREE,
  KEY `ACT_IDX_HI_PROCVAR_TASK_ID` (`TASK_ID_`) USING BTREE
) ENGINE=InnoDB DEFAULT CHARSET=utf8 COLLATE=utf8_bin ROW_FORMAT=DYNAMIC;

-- ----------------------------
-- Records of act_hi_varinst
-- ----------------------------
INSERT INTO `act_hi_varinst` VALUES ('102503', '102501', '102501', null, 'applyId', 'long', '0', null, null, '11', '11', null, '2018-10-22 20:03:44.557', '2018-10-22 20:03:44.557');
INSERT INTO `act_hi_varinst` VALUES ('102504', '102501', '102501', null, 'receiverId', 'long', '0', null, null, '11', '11', null, '2018-10-22 20:03:44.557', '2018-10-22 20:03:44.557');
INSERT INTO `act_hi_varinst` VALUES ('102505', '102501', '102501', null, 'applicantId', 'string', '0', null, null, null, '', null, '2018-10-22 20:03:44.558', '2018-10-22 20:03:44.558');
INSERT INTO `act_hi_varinst` VALUES ('110001', '102501', '102501', null, 'pass', 'boolean', '0', null, null, '1', null, null, '2018-10-22 20:48:45.951', '2018-10-22 20:48:45.951');
INSERT INTO `act_hi_varinst` VALUES ('110002', '102501', '102501', null, 'indentCheckingReason', 'string', '0', null, null, null, '', null, '2018-10-22 20:48:45.951', '2018-10-22 20:48:45.951');
INSERT INTO `act_hi_varinst` VALUES ('112507', '112505', '112505', null, 'applyId', 'string', '0', null, null, null, '', null, '2018-10-23 09:45:37.238', '2018-10-23 09:45:37.238');
INSERT INTO `act_hi_varinst` VALUES ('112508', '112505', '112505', null, 'receiverId', 'string', '0', null, null, null, 'keeper1', null, '2018-10-23 09:45:37.239', '2018-10-23 09:45:37.239');
INSERT INTO `act_hi_varinst` VALUES ('112509', '112505', '112505', null, 'goodFromId', 'string', '0', null, null, null, 'keeper1', null, '2018-10-23 09:45:37.239', '2018-10-23 09:45:37.239');
INSERT INTO `act_hi_varinst` VALUES ('112510', '112505', '112505', null, 'applicantId', 'string', '0', null, null, null, '', null, '2018-10-23 09:45:37.239', '2018-10-23 09:45:37.239');
INSERT INTO `act_hi_varinst` VALUES ('112518', '112516', '112516', null, 'applyId', 'string', '0', null, null, null, 'keeper1', null, '2018-10-23 09:57:59.018', '2018-10-23 09:57:59.018');
INSERT INTO `act_hi_varinst` VALUES ('112519', '112516', '112516', null, 'receiverId', 'string', '0', null, null, null, 'keeper1', null, '2018-10-23 09:57:59.019', '2018-10-23 09:57:59.019');
INSERT INTO `act_hi_varinst` VALUES ('112520', '112516', '112516', null, 'goodFromId', 'string', '0', null, null, null, '', null, '2018-10-23 09:57:59.019', '2018-10-23 09:57:59.019');
INSERT INTO `act_hi_varinst` VALUES ('112521', '112516', '112516', null, 'applicantId', 'string', '0', null, null, null, '', null, '2018-10-23 09:57:59.019', '2018-10-23 09:57:59.019');
INSERT INTO `act_hi_varinst` VALUES ('112527', '112505', '112505', null, 'pass', 'boolean', '0', null, null, '0', null, null, '2018-10-23 10:12:32.320', '2018-10-23 10:12:32.320');
INSERT INTO `act_hi_varinst` VALUES ('112528', '112505', '112505', null, 'indentCheckingReason', 'string', '0', null, null, null, ' ', null, '2018-10-23 10:12:32.320', '2018-10-23 10:12:32.320');
INSERT INTO `act_hi_varinst` VALUES ('112532', '112516', '112516', null, 'pass', 'boolean', '0', null, null, '1', null, null, '2018-10-23 10:19:38.172', '2018-10-23 10:19:38.172');
INSERT INTO `act_hi_varinst` VALUES ('112533', '112516', '112516', null, 'indentCheckingReason', 'string', '0', null, null, null, '', null, '2018-10-23 10:19:38.172', '2018-10-23 10:19:38.172');
INSERT INTO `act_hi_varinst` VALUES ('112539', '112516', '112516', null, 'goodsCheckingReason', 'string', '1', null, null, null, 'bug', null, '2018-10-23 10:22:43.889', '2018-10-23 10:34:47.082');
INSERT INTO `act_hi_varinst` VALUES ('112540', '112516', '112516', null, 'examinationPass', 'boolean', '1', null, null, '1', null, null, '2018-10-23 10:22:43.889', '2018-10-23 10:34:47.091');
INSERT INTO `act_hi_varinst` VALUES ('120005', '120003', '120003', null, 'applyId', 'string', '0', null, null, null, 'keeper1', null, '2018-10-23 10:40:34.953', '2018-10-23 10:40:34.953');
INSERT INTO `act_hi_varinst` VALUES ('120006', '120003', '120003', null, 'receiverId', 'string', '0', null, null, null, 'keeper1', null, '2018-10-23 10:40:34.953', '2018-10-23 10:40:34.953');
INSERT INTO `act_hi_varinst` VALUES ('120007', '120003', '120003', null, 'goodFromId', 'string', '0', null, null, null, '', null, '2018-10-23 10:40:34.953', '2018-10-23 10:40:34.953');
INSERT INTO `act_hi_varinst` VALUES ('120008', '120003', '120003', null, 'applicantId', 'string', '0', null, null, null, '', null, '2018-10-23 10:40:34.953', '2018-10-23 10:40:34.953');
INSERT INTO `act_hi_varinst` VALUES ('120014', '120003', '120003', null, 'pass', 'boolean', '0', null, null, '1', null, null, '2018-10-23 10:41:06.069', '2018-10-23 10:41:06.069');
INSERT INTO `act_hi_varinst` VALUES ('120015', '120003', '120003', null, 'indentCheckingReason', 'string', '0', null, null, null, ' ~', null, '2018-10-23 10:41:06.069', '2018-10-23 10:41:06.069');
INSERT INTO `act_hi_varinst` VALUES ('120021', '120003', '120003', null, 'goodsCheckingReason', 'string', '0', null, null, null, ' ', null, '2018-10-23 10:43:25.774', '2018-10-23 10:43:25.774');
INSERT INTO `act_hi_varinst` VALUES ('120022', '120003', '120003', null, 'examinationPass', 'boolean', '0', null, null, '1', null, null, '2018-10-23 10:43:25.774', '2018-10-23 10:43:25.774');
INSERT INTO `act_hi_varinst` VALUES ('145003', '145001', '145001', null, 'applyId', 'string', '0', null, null, null, '', null, '2018-10-23 15:11:50.857', '2018-10-23 15:11:50.857');
INSERT INTO `act_hi_varinst` VALUES ('145004', '145001', '145001', null, 'receiverId', 'string', '0', null, null, null, 'keeper1', null, '2018-10-23 15:11:50.857', '2018-10-23 15:11:50.857');
INSERT INTO `act_hi_varinst` VALUES ('145005', '145001', '145001', null, 'goodFromId', 'string', '0', null, null, null, 'keeper1', null, '2018-10-23 15:11:50.857', '2018-10-23 15:11:50.857');
INSERT INTO `act_hi_varinst` VALUES ('145006', '145001', '145001', null, 'applicantId', 'string', '0', null, null, null, '', null, '2018-10-23 15:11:50.857', '2018-10-23 15:11:50.857');
INSERT INTO `act_hi_varinst` VALUES ('145012', '145001', '145001', null, 'pass', 'boolean', '0', null, null, '1', null, null, '2018-10-23 15:13:02.722', '2018-10-23 15:13:02.722');
INSERT INTO `act_hi_varinst` VALUES ('145013', '145001', '145001', null, 'indentCheckingReason', 'string', '0', null, null, null, '8', null, '2018-10-23 15:13:02.722', '2018-10-23 15:13:02.722');
INSERT INTO `act_hi_varinst` VALUES ('145019', '145001', '145001', null, 'goodsCheckingReason', 'string', '0', null, null, null, '', null, '2018-10-23 15:14:36.063', '2018-10-23 15:14:36.063');
INSERT INTO `act_hi_varinst` VALUES ('145020', '145001', '145001', null, 'examinationPass', 'boolean', '0', null, null, '1', null, null, '2018-10-23 15:14:36.063', '2018-10-23 15:14:36.063');
INSERT INTO `act_hi_varinst` VALUES ('145025', '145023', '145023', null, 'applyId', 'string', '0', null, null, null, '', null, '2018-10-23 15:28:42.430', '2018-10-23 15:28:42.430');
INSERT INTO `act_hi_varinst` VALUES ('145026', '145023', '145023', null, 'receiverId', 'string', '0', null, null, null, 'keeper1', null, '2018-10-23 15:28:42.430', '2018-10-23 15:28:42.430');
INSERT INTO `act_hi_varinst` VALUES ('145027', '145023', '145023', null, 'goodFromId', 'string', '0', null, null, null, 'keeper1', null, '2018-10-23 15:28:42.430', '2018-10-23 15:28:42.430');
INSERT INTO `act_hi_varinst` VALUES ('145028', '145023', '145023', null, 'applicantId', 'string', '0', null, null, null, '', null, '2018-10-23 15:28:42.430', '2018-10-23 15:28:42.430');
INSERT INTO `act_hi_varinst` VALUES ('145034', '145023', '145023', null, 'pass', 'boolean', '0', null, null, '1', null, null, '2018-10-23 15:29:03.310', '2018-10-23 15:29:03.310');
INSERT INTO `act_hi_varinst` VALUES ('145035', '145023', '145023', null, 'indentCheckingReason', 'string', '0', null, null, null, '', null, '2018-10-23 15:29:03.310', '2018-10-23 15:29:03.310');
INSERT INTO `act_hi_varinst` VALUES ('145041', '145023', '145023', null, 'goodsCheckingReason', 'string', '0', null, null, null, ' ', null, '2018-10-23 15:30:35.238', '2018-10-23 15:30:35.238');
INSERT INTO `act_hi_varinst` VALUES ('145042', '145023', '145023', null, 'examinationPass', 'boolean', '0', null, null, '1', null, null, '2018-10-23 15:30:35.238', '2018-10-23 15:30:35.238');
INSERT INTO `act_hi_varinst` VALUES ('145047', '145045', '145045', null, 'applyId', 'string', '0', null, null, null, 'keeper1', null, '2018-10-23 15:33:11.047', '2018-10-23 15:33:11.047');
INSERT INTO `act_hi_varinst` VALUES ('145048', '145045', '145045', null, 'receiverId', 'string', '0', null, null, null, 'keeper2', null, '2018-10-23 15:33:11.047', '2018-10-23 15:33:11.047');
INSERT INTO `act_hi_varinst` VALUES ('145049', '145045', '145045', null, 'goodFromId', 'string', '0', null, null, null, 'keeper2', null, '2018-10-23 15:33:11.047', '2018-10-23 15:33:11.047');
INSERT INTO `act_hi_varinst` VALUES ('145050', '145045', '145045', null, 'applicantId', 'string', '0', null, null, null, 'keeper1', null, '2018-10-23 15:33:11.047', '2018-10-23 15:33:11.047');
INSERT INTO `act_hi_varinst` VALUES ('145058', '145056', '145056', null, 'applyId', 'string', '0', null, null, null, 'keeper1', null, '2018-10-23 15:40:38.408', '2018-10-23 15:40:38.408');
INSERT INTO `act_hi_varinst` VALUES ('145059', '145056', '145056', null, 'receiverId', 'string', '0', null, null, null, 'keeper2', null, '2018-10-23 15:40:38.408', '2018-10-23 15:40:38.408');
INSERT INTO `act_hi_varinst` VALUES ('145060', '145056', '145056', null, 'goodFromId', 'string', '0', null, null, null, 'keeper2', null, '2018-10-23 15:40:38.408', '2018-10-23 15:40:38.408');
INSERT INTO `act_hi_varinst` VALUES ('145061', '145056', '145056', null, 'applicantId', 'string', '0', null, null, null, 'keeper1', null, '2018-10-23 15:40:38.408', '2018-10-23 15:40:38.408');
INSERT INTO `act_hi_varinst` VALUES ('145069', '145067', '145067', null, 'applyId', 'string', '0', null, null, null, '', null, '2018-10-23 15:41:59.966', '2018-10-23 15:41:59.966');
INSERT INTO `act_hi_varinst` VALUES ('145070', '145067', '145067', null, 'receiverId', 'string', '0', null, null, null, 'keeper1', null, '2018-10-23 15:41:59.966', '2018-10-23 15:41:59.966');
INSERT INTO `act_hi_varinst` VALUES ('145071', '145067', '145067', null, 'goodFromId', 'string', '0', null, null, null, 'keeper1', null, '2018-10-23 15:41:59.966', '2018-10-23 15:41:59.966');
INSERT INTO `act_hi_varinst` VALUES ('145072', '145067', '145067', null, 'applicantId', 'string', '0', null, null, null, '', null, '2018-10-23 15:41:59.966', '2018-10-23 15:41:59.966');
INSERT INTO `act_hi_varinst` VALUES ('145078', '145045', '145045', null, 'pass', 'boolean', '0', null, null, '1', null, null, '2018-10-23 15:46:41.018', '2018-10-23 15:46:41.018');
INSERT INTO `act_hi_varinst` VALUES ('145079', '145045', '145045', null, 'indentCheckingReason', 'string', '0', null, null, null, '8', null, '2018-10-23 15:46:41.018', '2018-10-23 15:46:41.018');
INSERT INTO `act_hi_varinst` VALUES ('145085', '145045', '145045', null, 'goodsCheckingReason', 'string', '0', null, null, null, '~', null, '2018-10-23 15:50:18.620', '2018-10-23 15:50:18.620');
INSERT INTO `act_hi_varinst` VALUES ('145086', '145045', '145045', null, 'examinationPass', 'boolean', '0', null, null, '1', null, null, '2018-10-23 15:50:18.620', '2018-10-23 15:50:18.620');
INSERT INTO `act_hi_varinst` VALUES ('145089', '145056', '145056', null, 'pass', 'boolean', '0', null, null, '1', null, null, '2018-10-23 15:50:57.078', '2018-10-23 15:50:57.078');
INSERT INTO `act_hi_varinst` VALUES ('145090', '145056', '145056', null, 'indentCheckingReason', 'string', '0', null, null, null, '', null, '2018-10-23 15:50:57.078', '2018-10-23 15:50:57.078');
INSERT INTO `act_hi_varinst` VALUES ('145096', '145056', '145056', null, 'goodsCheckingReason', 'string', '0', null, null, null, '4035 49', null, '2018-10-23 15:51:38.385', '2018-10-23 15:51:38.385');
INSERT INTO `act_hi_varinst` VALUES ('145097', '145056', '145056', null, 'examinationPass', 'boolean', '0', null, null, '1', null, null, '2018-10-23 15:51:38.385', '2018-10-23 15:51:38.385');
INSERT INTO `act_hi_varinst` VALUES ('157503', '157501', '157501', null, 'applyId', 'string', '0', null, null, null, 'keeper2', null, '2018-10-23 16:42:47.290', '2018-10-23 16:42:47.290');
INSERT INTO `act_hi_varinst` VALUES ('157504', '157501', '157501', null, 'receiverId', 'string', '0', null, null, null, 'keeper1', null, '2018-10-23 16:42:47.290', '2018-10-23 16:42:47.290');
INSERT INTO `act_hi_varinst` VALUES ('157505', '157501', '157501', null, 'goodFromId', 'string', '0', null, null, null, 'keeper1', null, '2018-10-23 16:42:47.290', '2018-10-23 16:42:47.290');
INSERT INTO `act_hi_varinst` VALUES ('157506', '157501', '157501', null, 'applicantId', 'string', '0', null, null, null, 'keeper2', null, '2018-10-23 16:42:47.290', '2018-10-23 16:42:47.290');
INSERT INTO `act_hi_varinst` VALUES ('157512', '157501', '157501', null, 'pass', 'boolean', '0', null, null, '1', null, null, '2018-10-23 16:44:07.201', '2018-10-23 16:44:07.201');
INSERT INTO `act_hi_varinst` VALUES ('157513', '157501', '157501', null, 'indentCheckingReason', 'string', '0', null, null, null, '123', null, '2018-10-23 16:44:07.201', '2018-10-23 16:44:07.201');
INSERT INTO `act_hi_varinst` VALUES ('157519', '157501', '157501', null, 'goodsCheckingReason', 'string', '0', null, null, null, '321', null, '2018-10-23 16:44:49.178', '2018-10-23 16:44:49.178');
INSERT INTO `act_hi_varinst` VALUES ('157520', '157501', '157501', null, 'examinationPass', 'boolean', '0', null, null, '1', null, null, '2018-10-23 16:44:49.178', '2018-10-23 16:44:49.178');
INSERT INTO `act_hi_varinst` VALUES ('157525', '157523', '157523', null, 'applyId', 'string', '0', null, null, null, 'keeper2', null, '2018-10-23 16:47:14.839', '2018-10-23 16:47:14.839');
INSERT INTO `act_hi_varinst` VALUES ('157526', '157523', '157523', null, 'receiverId', 'string', '0', null, null, null, 'keeper1', null, '2018-10-23 16:47:14.839', '2018-10-23 16:47:14.839');
INSERT INTO `act_hi_varinst` VALUES ('157527', '157523', '157523', null, 'goodFromId', 'string', '0', null, null, null, 'keeper1', null, '2018-10-23 16:47:14.839', '2018-10-23 16:47:14.839');
INSERT INTO `act_hi_varinst` VALUES ('157528', '157523', '157523', null, 'applicantId', 'string', '0', null, null, null, 'keeper2', null, '2018-10-23 16:47:14.839', '2018-10-23 16:47:14.839');
INSERT INTO `act_hi_varinst` VALUES ('157534', '157523', '157523', null, 'pass', 'boolean', '0', null, null, '1', null, null, '2018-10-23 16:48:32.916', '2018-10-23 16:48:32.916');
INSERT INTO `act_hi_varinst` VALUES ('157535', '157523', '157523', null, 'indentCheckingReason', 'string', '0', null, null, null, '', null, '2018-10-23 16:48:32.916', '2018-10-23 16:48:32.916');
INSERT INTO `act_hi_varinst` VALUES ('157541', '157523', '157523', null, 'goodsCheckingReason', 'string', '0', null, null, null, '!', null, '2018-10-23 16:51:33.340', '2018-10-23 16:51:33.340');
INSERT INTO `act_hi_varinst` VALUES ('157542', '157523', '157523', null, 'examinationPass', 'boolean', '0', null, null, '1', null, null, '2018-10-23 16:51:33.340', '2018-10-23 16:51:33.340');
INSERT INTO `act_hi_varinst` VALUES ('175006', '175005', '175005', null, 'applyUserId', 'string', '0', null, null, null, 'Sales10', null, '2018-10-23 21:12:54.599', '2018-10-23 21:12:54.599');
INSERT INTO `act_hi_varinst` VALUES ('175008', '175005', '175005', null, 'applyUser', 'string', '0', null, null, null, 'Sales10', null, '2018-10-23 21:12:54.600', '2018-10-23 21:12:54.600');
INSERT INTO `act_hi_varinst` VALUES ('175009', '175005', '175005', null, 'manager', 'string', '0', null, null, null, 'SUPER_MANAGER', null, '2018-10-23 21:12:54.600', '2018-10-23 21:12:54.600');
INSERT INTO `act_hi_varinst` VALUES ('175010', '175005', '175005', null, 'purchaser', 'string', '0', null, null, null, 'Sales10', null, '2018-10-23 21:12:54.600', '2018-10-23 21:12:54.600');
INSERT INTO `act_hi_varinst` VALUES ('175011', '175005', '175005', null, 'KEEPER', 'string', '0', null, null, null, 'keeper1', null, '2018-10-23 21:12:54.600', '2018-10-23 21:12:54.600');
INSERT INTO `act_hi_varinst` VALUES ('175012', '175005', '175005', null, 'applicantId', 'string', '0', null, null, null, 'Sales10', null, '2018-10-23 21:12:54.600', '2018-10-23 21:12:54.600');
INSERT INTO `act_hi_varinst` VALUES ('177502', '177501', '177501', null, 'applyUserId', 'string', '0', null, null, null, 'Sales10', null, '2018-10-23 21:17:58.091', '2018-10-23 21:17:58.091');
INSERT INTO `act_hi_varinst` VALUES ('177504', '177501', '177501', null, 'applyUser', 'string', '0', null, null, null, 'Sales10', null, '2018-10-23 21:17:58.091', '2018-10-23 21:17:58.091');
INSERT INTO `act_hi_varinst` VALUES ('177505', '177501', '177501', null, 'manager', 'string', '0', null, null, null, 'SUPER_MANAGER', null, '2018-10-23 21:17:58.091', '2018-10-23 21:17:58.091');
INSERT INTO `act_hi_varinst` VALUES ('177506', '177501', '177501', null, 'purchaser', 'string', '0', null, null, null, 'Sales10', null, '2018-10-23 21:17:58.091', '2018-10-23 21:17:58.091');
INSERT INTO `act_hi_varinst` VALUES ('177507', '177501', '177501', null, 'KEEPER', 'string', '0', null, null, null, 'keeper1', null, '2018-10-23 21:17:58.091', '2018-10-23 21:17:58.091');
INSERT INTO `act_hi_varinst` VALUES ('177508', '177501', '177501', null, 'applicantId', 'string', '0', null, null, null, 'Sales10', null, '2018-10-23 21:17:58.091', '2018-10-23 21:17:58.091');
INSERT INTO `act_hi_varinst` VALUES ('180002', '180001', '180001', null, 'applyUserId', 'string', '0', null, null, null, 'Sales10', null, '2018-10-24 00:29:02.788', '2018-10-24 00:29:02.788');
INSERT INTO `act_hi_varinst` VALUES ('180004', '180001', '180001', null, 'applyUser', 'string', '0', null, null, null, 'Sales10', null, '2018-10-24 00:29:02.789', '2018-10-24 00:29:02.789');
INSERT INTO `act_hi_varinst` VALUES ('180005', '180001', '180001', null, 'manager', 'string', '0', null, null, null, 'SUPER_MANAGER', null, '2018-10-24 00:29:02.789', '2018-10-24 00:29:02.789');
INSERT INTO `act_hi_varinst` VALUES ('180006', '180001', '180001', null, 'purchaser', 'string', '0', null, null, null, 'Sales10', null, '2018-10-24 00:29:02.789', '2018-10-24 00:29:02.789');
INSERT INTO `act_hi_varinst` VALUES ('180007', '180001', '180001', null, 'KEEPER', 'string', '0', null, null, null, 'keeper1', null, '2018-10-24 00:29:02.789', '2018-10-24 00:29:02.789');
INSERT INTO `act_hi_varinst` VALUES ('180008', '180001', '180001', null, 'applicantId', 'string', '0', null, null, null, 'Sales10', null, '2018-10-24 00:29:02.789', '2018-10-24 00:29:02.789');
INSERT INTO `act_hi_varinst` VALUES ('182503', '182501', '182501', null, 'applyId', 'string', '0', null, null, null, '', null, '2018-10-24 09:17:35.957', '2018-10-24 09:17:35.957');
INSERT INTO `act_hi_varinst` VALUES ('182504', '182501', '182501', null, 'receiverId', 'string', '0', null, null, null, 'keeper1', null, '2018-10-24 09:17:35.958', '2018-10-24 09:17:35.958');
INSERT INTO `act_hi_varinst` VALUES ('182505', '182501', '182501', null, 'goodFromId', 'string', '0', null, null, null, 'keeper1', null, '2018-10-24 09:17:35.958', '2018-10-24 09:17:35.958');
INSERT INTO `act_hi_varinst` VALUES ('182506', '182501', '182501', null, 'applicantId', 'string', '0', null, null, null, '', null, '2018-10-24 09:17:35.958', '2018-10-24 09:17:35.958');
INSERT INTO `act_hi_varinst` VALUES ('182512', '182501', '182501', null, 'pass', 'boolean', '0', null, null, '1', null, null, '2018-10-24 09:19:25.724', '2018-10-24 09:19:25.724');
INSERT INTO `act_hi_varinst` VALUES ('182513', '182501', '182501', null, 'indentCheckingReason', 'string', '0', null, null, null, '', null, '2018-10-24 09:19:25.724', '2018-10-24 09:19:25.724');
INSERT INTO `act_hi_varinst` VALUES ('182519', '182501', '182501', null, 'goodsCheckingReason', 'string', '0', null, null, null, 'OK', null, '2018-10-24 09:21:51.842', '2018-10-24 09:21:51.842');
INSERT INTO `act_hi_varinst` VALUES ('182520', '182501', '182501', null, 'examinationPass', 'boolean', '0', null, null, '1', null, null, '2018-10-24 09:21:51.842', '2018-10-24 09:21:51.842');
INSERT INTO `act_hi_varinst` VALUES ('182525', '182523', '182523', null, 'applyId', 'string', '0', null, null, null, 'keeper1', null, '2018-10-24 09:27:11.510', '2018-10-24 09:27:11.510');
INSERT INTO `act_hi_varinst` VALUES ('182526', '182523', '182523', null, 'receiverId', 'string', '0', null, null, null, 'keeper1', null, '2018-10-24 09:27:11.510', '2018-10-24 09:27:11.510');
INSERT INTO `act_hi_varinst` VALUES ('182527', '182523', '182523', null, 'goodFromId', 'string', '0', null, null, null, '', null, '2018-10-24 09:27:11.510', '2018-10-24 09:27:11.510');
INSERT INTO `act_hi_varinst` VALUES ('182528', '182523', '182523', null, 'applicantId', 'string', '0', null, null, null, '', null, '2018-10-24 09:27:11.510', '2018-10-24 09:27:11.510');
INSERT INTO `act_hi_varinst` VALUES ('182536', '182534', '182534', null, 'applyId', 'string', '0', null, null, null, 'keeper1', null, '2018-10-24 09:31:38.440', '2018-10-24 09:31:38.440');
INSERT INTO `act_hi_varinst` VALUES ('182537', '182534', '182534', null, 'receiverId', 'string', '0', null, null, null, 'keeper1', null, '2018-10-24 09:31:38.441', '2018-10-24 09:31:38.441');
INSERT INTO `act_hi_varinst` VALUES ('182538', '182534', '182534', null, 'goodFromId', 'string', '0', null, null, null, '', null, '2018-10-24 09:31:38.441', '2018-10-24 09:31:38.441');
INSERT INTO `act_hi_varinst` VALUES ('182539', '182534', '182534', null, 'applicantId', 'string', '0', null, null, null, '', null, '2018-10-24 09:31:38.441', '2018-10-24 09:31:38.441');
INSERT INTO `act_hi_varinst` VALUES ('185002', '185001', '185001', null, 'applyUserId', 'string', '0', null, null, null, 'Sales10', null, '2018-10-24 09:33:41.134', '2018-10-24 09:33:41.134');
INSERT INTO `act_hi_varinst` VALUES ('185004', '185001', '185001', null, 'applyUser', 'string', '0', null, null, null, 'Sales10', null, '2018-10-24 09:33:41.136', '2018-10-24 09:33:41.136');
INSERT INTO `act_hi_varinst` VALUES ('185005', '185001', '185001', null, 'manager', 'string', '0', null, null, null, 'SUPER_MANAGER', null, '2018-10-24 09:33:41.136', '2018-10-24 09:33:41.136');
INSERT INTO `act_hi_varinst` VALUES ('185006', '185001', '185001', null, 'purchaser', 'string', '0', null, null, null, 'Sales10', null, '2018-10-24 09:33:41.136', '2018-10-24 09:33:41.136');
INSERT INTO `act_hi_varinst` VALUES ('185007', '185001', '185001', null, 'KEEPER', 'string', '0', null, null, null, 'keeper2', null, '2018-10-24 09:33:41.136', '2018-10-24 09:33:41.136');
INSERT INTO `act_hi_varinst` VALUES ('185008', '185001', '185001', null, 'applicantId', 'string', '0', null, null, null, 'Sales10', null, '2018-10-24 09:33:41.136', '2018-10-24 09:33:41.136');
INSERT INTO `act_hi_varinst` VALUES ('187502', '187501', '187501', null, 'applyUserId', 'string', '0', null, null, null, 'Sales10', null, '2018-10-24 09:36:05.091', '2018-10-24 09:36:05.091');
INSERT INTO `act_hi_varinst` VALUES ('187504', '187501', '187501', null, 'applyUser', 'string', '0', null, null, null, 'Sales10', null, '2018-10-24 09:36:05.092', '2018-10-24 09:36:05.092');
INSERT INTO `act_hi_varinst` VALUES ('187505', '187501', '187501', null, 'manager', 'string', '0', null, null, null, 'SUPER_MANAGER', null, '2018-10-24 09:36:05.092', '2018-10-24 09:36:05.092');
INSERT INTO `act_hi_varinst` VALUES ('187506', '187501', '187501', null, 'purchaser', 'string', '0', null, null, null, 'Sales10', null, '2018-10-24 09:36:05.092', '2018-10-24 09:36:05.092');
INSERT INTO `act_hi_varinst` VALUES ('187507', '187501', '187501', null, 'KEEPER', 'string', '0', null, null, null, 'keeper2', null, '2018-10-24 09:36:05.092', '2018-10-24 09:36:05.092');
INSERT INTO `act_hi_varinst` VALUES ('187508', '187501', '187501', null, 'applicantId', 'string', '0', null, null, null, 'Sales10', null, '2018-10-24 09:36:05.092', '2018-10-24 09:36:05.092');
INSERT INTO `act_hi_varinst` VALUES ('187516', '187515', '187515', null, 'applyUserId', 'string', '0', null, null, null, 'Sales10', null, '2018-10-24 09:50:02.504', '2018-10-24 09:50:02.504');
INSERT INTO `act_hi_varinst` VALUES ('187518', '187515', '187515', null, 'applyUser', 'string', '0', null, null, null, 'Sales10', null, '2018-10-24 09:50:02.504', '2018-10-24 09:50:02.504');
INSERT INTO `act_hi_varinst` VALUES ('187519', '187515', '187515', null, 'manager', 'string', '0', null, null, null, 'SUPER_MANAGER', null, '2018-10-24 09:50:02.504', '2018-10-24 09:50:02.504');
INSERT INTO `act_hi_varinst` VALUES ('187520', '187515', '187515', null, 'purchaser', 'string', '0', null, null, null, 'Sales10', null, '2018-10-24 09:50:02.504', '2018-10-24 09:50:02.504');
INSERT INTO `act_hi_varinst` VALUES ('187521', '187515', '187515', null, 'KEEPER', 'string', '0', null, null, null, 'keeper1', null, '2018-10-24 09:50:02.504', '2018-10-24 09:50:02.504');
INSERT INTO `act_hi_varinst` VALUES ('187522', '187515', '187515', null, 'applicantId', 'string', '0', null, null, null, 'Sales10', null, '2018-10-24 09:50:02.504', '2018-10-24 09:50:02.504');
INSERT INTO `act_hi_varinst` VALUES ('187530', '187515', '187515', null, 'pass', 'boolean', '1', null, null, '0', null, null, '2018-10-24 09:50:48.373', '2018-10-24 09:53:17.986');
INSERT INTO `act_hi_varinst` VALUES ('187531', '187515', '187515', null, 'indentCheckingReason', 'string', '1', null, null, null, '', null, '2018-10-24 09:50:48.373', '2018-10-24 09:53:17.993');
INSERT INTO `act_hi_varinst` VALUES ('187540', '187515', '187515', null, 'modify', 'boolean', '0', null, null, '1', null, null, '2018-10-24 09:52:56.614', '2018-10-24 09:52:56.614');
INSERT INTO `act_hi_varinst` VALUES ('190003', '190001', '190001', null, 'applyId', 'string', '0', null, null, null, 'keeper2', null, '2018-10-24 11:09:42.120', '2018-10-24 11:09:42.120');
INSERT INTO `act_hi_varinst` VALUES ('190004', '190001', '190001', null, 'receiverId', 'string', '0', null, null, null, 'keeper2', null, '2018-10-24 11:09:42.121', '2018-10-24 11:09:42.121');
INSERT INTO `act_hi_varinst` VALUES ('190005', '190001', '190001', null, 'goodFromId', 'string', '0', null, null, null, '', null, '2018-10-24 11:09:42.121', '2018-10-24 11:09:42.121');
INSERT INTO `act_hi_varinst` VALUES ('190006', '190001', '190001', null, 'applicantId', 'string', '0', null, null, null, '', null, '2018-10-24 11:09:42.121', '2018-10-24 11:09:42.121');
INSERT INTO `act_hi_varinst` VALUES ('190012', '190001', '190001', null, 'pass', 'boolean', '0', null, null, '1', null, null, '2018-10-24 11:12:01.317', '2018-10-24 11:12:01.317');
INSERT INTO `act_hi_varinst` VALUES ('190013', '190001', '190001', null, 'indentCheckingReason', 'string', '0', null, null, null, '!!!', null, '2018-10-24 11:12:01.317', '2018-10-24 11:12:01.317');
INSERT INTO `act_hi_varinst` VALUES ('190019', '190001', '190001', null, 'goodsCheckingReason', 'string', '0', null, null, null, '', null, '2018-10-24 11:13:22.107', '2018-10-24 11:13:22.107');
INSERT INTO `act_hi_varinst` VALUES ('190020', '190001', '190001', null, 'examinationPass', 'boolean', '0', null, null, '1', null, null, '2018-10-24 11:13:22.107', '2018-10-24 11:13:22.107');
INSERT INTO `act_hi_varinst` VALUES ('190024', '190023', '190023', null, 'applyUserId', 'string', '0', null, null, null, 'keeper2', null, '2018-10-24 11:14:13.095', '2018-10-24 11:14:13.095');
INSERT INTO `act_hi_varinst` VALUES ('190026', '190023', '190023', null, 'applyUser', 'string', '0', null, null, null, 'keeper2', null, '2018-10-24 11:14:13.095', '2018-10-24 11:14:13.095');
INSERT INTO `act_hi_varinst` VALUES ('190027', '190023', '190023', null, 'manager', 'string', '0', null, null, null, 'SUPER_MANAGER', null, '2018-10-24 11:14:13.095', '2018-10-24 11:14:13.095');
INSERT INTO `act_hi_varinst` VALUES ('190028', '190023', '190023', null, 'purchaser', 'string', '0', null, null, null, 'keeper2', null, '2018-10-24 11:14:13.095', '2018-10-24 11:14:13.095');
INSERT INTO `act_hi_varinst` VALUES ('190029', '190023', '190023', null, 'KEEPER', 'string', '0', null, null, null, 'keeper2', null, '2018-10-24 11:14:13.095', '2018-10-24 11:14:13.095');
INSERT INTO `act_hi_varinst` VALUES ('190030', '190023', '190023', null, 'applicantId', 'string', '0', null, null, null, 'keeper2', null, '2018-10-24 11:14:13.095', '2018-10-24 11:14:13.095');
INSERT INTO `act_hi_varinst` VALUES ('190038', '190023', '190023', null, 'pass', 'boolean', '0', null, null, '1', null, null, '2018-10-24 11:16:36.584', '2018-10-24 11:16:36.584');
INSERT INTO `act_hi_varinst` VALUES ('190039', '190023', '190023', null, 'indentCheckingReason', 'string', '0', null, null, null, ' .', null, '2018-10-24 11:16:36.584', '2018-10-24 11:16:36.584');
INSERT INTO `act_hi_varinst` VALUES ('190045', '190023', '190023', null, 'goodsCheckingReason', 'string', '0', null, null, null, '', null, '2018-10-24 11:17:21.610', '2018-10-24 11:17:21.610');
INSERT INTO `act_hi_varinst` VALUES ('190046', '190023', '190023', null, 'examinationPass', 'boolean', '0', null, null, '1', null, null, '2018-10-24 11:17:21.610', '2018-10-24 11:17:21.610');
INSERT INTO `act_hi_varinst` VALUES ('192502', '192501', '192501', null, 'applyUserId', 'string', '0', null, null, null, '', null, '2018-10-24 20:06:53.264', '2018-10-24 20:06:53.264');
INSERT INTO `act_hi_varinst` VALUES ('192504', '192501', '192501', null, 'applyUser', 'string', '0', null, null, null, '', null, '2018-10-24 20:06:53.265', '2018-10-24 20:06:53.265');
INSERT INTO `act_hi_varinst` VALUES ('192505', '192501', '192501', null, 'manager', 'string', '0', null, null, null, 'SUPER_MANAGER', null, '2018-10-24 20:06:53.265', '2018-10-24 20:06:53.265');
INSERT INTO `act_hi_varinst` VALUES ('192506', '192501', '192501', null, 'purchaser', 'string', '0', null, null, null, '', null, '2018-10-24 20:06:53.265', '2018-10-24 20:06:53.265');
INSERT INTO `act_hi_varinst` VALUES ('192507', '192501', '192501', null, 'KEEPER', 'string', '0', null, null, null, 'keeper1', null, '2018-10-24 20:06:53.265', '2018-10-24 20:06:53.265');
INSERT INTO `act_hi_varinst` VALUES ('192508', '192501', '192501', null, 'applicantId', 'string', '0', null, null, null, '', null, '2018-10-24 20:06:53.265', '2018-10-24 20:06:53.265');
INSERT INTO `act_hi_varinst` VALUES ('192515', '192501', '192501', null, 'pass', 'boolean', '0', null, null, '1', null, null, '2018-10-24 20:07:38.095', '2018-10-24 20:07:38.095');
INSERT INTO `act_hi_varinst` VALUES ('192516', '192501', '192501', null, 'indentCheckingReason', 'string', '0', null, null, null, '1', null, '2018-10-24 20:07:38.095', '2018-10-24 20:07:38.095');
INSERT INTO `act_hi_varinst` VALUES ('192523', '192501', '192501', null, 'goodsCheckingReason', 'string', '1', null, null, null, '1', null, '2018-10-24 20:10:19.033', '2018-10-24 20:11:11.756');
INSERT INTO `act_hi_varinst` VALUES ('192524', '192501', '192501', null, 'examinationPass', 'boolean', '1', null, null, '1', null, null, '2018-10-24 20:10:19.033', '2018-10-24 20:11:11.766');
INSERT INTO `act_hi_varinst` VALUES ('192534', '192532', '192532', null, 'applyId', 'string', '0', null, null, null, 'keeper2', null, '2018-10-24 20:21:07.626', '2018-10-24 20:21:07.626');
INSERT INTO `act_hi_varinst` VALUES ('192535', '192532', '192532', null, 'receiverId', 'string', '0', null, null, null, 'keeper1', null, '2018-10-24 20:21:07.626', '2018-10-24 20:21:07.626');
INSERT INTO `act_hi_varinst` VALUES ('192536', '192532', '192532', null, 'goodFromId', 'string', '0', null, null, null, 'keeper1', null, '2018-10-24 20:21:07.626', '2018-10-24 20:21:07.626');
INSERT INTO `act_hi_varinst` VALUES ('192537', '192532', '192532', null, 'applicantId', 'string', '0', null, null, null, 'keeper2', null, '2018-10-24 20:21:07.626', '2018-10-24 20:21:07.626');
INSERT INTO `act_hi_varinst` VALUES ('192543', '192532', '192532', null, 'pass', 'boolean', '0', null, null, '1', null, null, '2018-10-24 20:22:22.153', '2018-10-24 20:22:22.153');
INSERT INTO `act_hi_varinst` VALUES ('192544', '192532', '192532', null, 'indentCheckingReason', 'string', '0', null, null, null, '~', null, '2018-10-24 20:22:22.153', '2018-10-24 20:22:22.153');
INSERT INTO `act_hi_varinst` VALUES ('192550', '192532', '192532', null, 'goodsCheckingReason', 'string', '0', null, null, null, '', null, '2018-10-24 20:23:52.724', '2018-10-24 20:23:52.724');
INSERT INTO `act_hi_varinst` VALUES ('192551', '192532', '192532', null, 'examinationPass', 'boolean', '0', null, null, '1', null, null, '2018-10-24 20:23:52.724', '2018-10-24 20:23:52.724');
INSERT INTO `act_hi_varinst` VALUES ('195002', '195001', '195001', null, 'applyUserId', 'string', '0', null, null, null, 'Sales10', null, '2018-10-24 20:45:42.826', '2018-10-24 20:45:42.826');
INSERT INTO `act_hi_varinst` VALUES ('195004', '195001', '195001', null, 'applyUser', 'string', '0', null, null, null, 'Sales10', null, '2018-10-24 20:45:42.827', '2018-10-24 20:45:42.827');
INSERT INTO `act_hi_varinst` VALUES ('195005', '195001', '195001', null, 'manager', 'string', '0', null, null, null, 'SUPER_MANAGER', null, '2018-10-24 20:45:42.827', '2018-10-24 20:45:42.827');
INSERT INTO `act_hi_varinst` VALUES ('195006', '195001', '195001', null, 'purchaser', 'string', '0', null, null, null, 'Sales10', null, '2018-10-24 20:45:42.827', '2018-10-24 20:45:42.827');
INSERT INTO `act_hi_varinst` VALUES ('195007', '195001', '195001', null, 'KEEPER', 'string', '0', null, null, null, 'keeper1', null, '2018-10-24 20:45:42.827', '2018-10-24 20:45:42.827');
INSERT INTO `act_hi_varinst` VALUES ('195008', '195001', '195001', null, 'applicantId', 'string', '0', null, null, null, 'Sales10', null, '2018-10-24 20:45:42.827', '2018-10-24 20:45:42.827');
INSERT INTO `act_hi_varinst` VALUES ('195016', '195001', '195001', null, 'pass', 'boolean', '0', null, null, '1', null, null, '2018-10-24 20:46:34.959', '2018-10-24 20:46:34.959');
INSERT INTO `act_hi_varinst` VALUES ('195017', '195001', '195001', null, 'indentCheckingReason', 'string', '0', null, null, null, '1', null, '2018-10-24 20:46:34.959', '2018-10-24 20:46:34.959');
INSERT INTO `act_hi_varinst` VALUES ('195026', '195001', '195001', null, 'goodsCheckingReason', 'string', '0', null, null, null, '1', null, '2018-10-24 20:48:01.833', '2018-10-24 20:48:01.833');
INSERT INTO `act_hi_varinst` VALUES ('195027', '195001', '195001', null, 'examinationPass', 'boolean', '0', null, null, '1', null, null, '2018-10-24 20:48:01.833', '2018-10-24 20:48:01.833');
INSERT INTO `act_hi_varinst` VALUES ('197503', '197501', '197501', null, 'applyId', 'string', '0', null, null, null, '', null, '2018-10-25 02:15:47.051', '2018-10-25 02:15:47.051');
INSERT INTO `act_hi_varinst` VALUES ('197504', '197501', '197501', null, 'receiverId', 'string', '0', null, null, null, 'keeper1', null, '2018-10-25 02:15:47.052', '2018-10-25 02:15:47.052');
INSERT INTO `act_hi_varinst` VALUES ('197505', '197501', '197501', null, 'goodFromId', 'string', '0', null, null, null, 'keeper1', null, '2018-10-25 02:15:47.052', '2018-10-25 02:15:47.052');
INSERT INTO `act_hi_varinst` VALUES ('197506', '197501', '197501', null, 'applicantId', 'string', '0', null, null, null, '', null, '2018-10-25 02:15:47.052', '2018-10-25 02:15:47.052');
INSERT INTO `act_hi_varinst` VALUES ('200002', '200001', '200001', null, 'applyUserId', 'string', '0', null, null, null, 'keeper2', null, '2018-10-25 11:13:30.662', '2018-10-25 11:13:30.662');
INSERT INTO `act_hi_varinst` VALUES ('200004', '200001', '200001', null, 'applyUser', 'string', '0', null, null, null, 'keeper2', null, '2018-10-25 11:13:30.684', '2018-10-25 11:13:30.684');
INSERT INTO `act_hi_varinst` VALUES ('200005', '200001', '200001', null, 'manager', 'string', '0', null, null, null, 'SUPER_MANAGER', null, '2018-10-25 11:13:30.684', '2018-10-25 11:13:30.684');
INSERT INTO `act_hi_varinst` VALUES ('200006', '200001', '200001', null, 'purchaser', 'string', '0', null, null, null, 'keeper2', null, '2018-10-25 11:13:30.684', '2018-10-25 11:13:30.684');
INSERT INTO `act_hi_varinst` VALUES ('200007', '200001', '200001', null, 'KEEPER', 'string', '0', null, null, null, 'keeper1', null, '2018-10-25 11:13:30.684', '2018-10-25 11:13:30.684');
INSERT INTO `act_hi_varinst` VALUES ('200008', '200001', '200001', null, 'applicantId', 'string', '0', null, null, null, 'keeper2', null, '2018-10-25 11:13:30.684', '2018-10-25 11:13:30.684');
INSERT INTO `act_hi_varinst` VALUES ('200016', '200001', '200001', null, 'pass', 'boolean', '0', null, null, '1', null, null, '2018-10-25 11:31:02.523', '2018-10-25 11:31:02.523');
INSERT INTO `act_hi_varinst` VALUES ('200025', '200001', '200001', null, 'goodsCheckingReason', 'string', '0', null, null, null, 'safsd', null, '2018-10-25 11:40:52.981', '2018-10-25 11:40:52.981');
INSERT INTO `act_hi_varinst` VALUES ('200026', '200001', '200001', null, 'examinationPass', 'boolean', '0', null, null, '1', null, null, '2018-10-25 11:40:52.981', '2018-10-25 11:40:52.981');
INSERT INTO `act_hi_varinst` VALUES ('202502', '202501', '202501', null, 'applyUserId', 'string', '0', null, null, null, '', null, '2018-10-25 14:55:43.003', '2018-10-25 14:55:43.003');
INSERT INTO `act_hi_varinst` VALUES ('202504', '202501', '202501', null, 'applyUser', 'string', '0', null, null, null, '', null, '2018-10-25 14:55:43.005', '2018-10-25 14:55:43.005');
INSERT INTO `act_hi_varinst` VALUES ('202505', '202501', '202501', null, 'manager', 'string', '0', null, null, null, 'SUPER_MANAGER', null, '2018-10-25 14:55:43.005', '2018-10-25 14:55:43.005');
INSERT INTO `act_hi_varinst` VALUES ('202506', '202501', '202501', null, 'purchaser', 'string', '0', null, null, null, '', null, '2018-10-25 14:55:43.005', '2018-10-25 14:55:43.005');
INSERT INTO `act_hi_varinst` VALUES ('202507', '202501', '202501', null, 'KEEPER', 'string', '0', null, null, null, 'keeper1', null, '2018-10-25 14:55:43.006', '2018-10-25 14:55:43.006');
INSERT INTO `act_hi_varinst` VALUES ('202508', '202501', '202501', null, 'applicantId', 'string', '0', null, null, null, '', null, '2018-10-25 14:55:43.006', '2018-10-25 14:55:43.006');
INSERT INTO `act_hi_varinst` VALUES ('207503', '207502', '207502', null, 'applyUserId', 'string', '0', null, null, null, '', null, '2018-10-26 00:30:12.781', '2018-10-26 00:30:12.781');
INSERT INTO `act_hi_varinst` VALUES ('207505', '207502', '207502', null, 'applyUser', 'string', '0', null, null, null, '', null, '2018-10-26 00:30:12.794', '2018-10-26 00:30:12.794');
INSERT INTO `act_hi_varinst` VALUES ('207506', '207502', '207502', null, 'manager', 'string', '0', null, null, null, 'SUPER_MANAGER', null, '2018-10-26 00:30:12.795', '2018-10-26 00:30:12.795');
INSERT INTO `act_hi_varinst` VALUES ('207507', '207502', '207502', null, 'purchaser', 'string', '0', null, null, null, '', null, '2018-10-26 00:30:12.796', '2018-10-26 00:30:12.796');
INSERT INTO `act_hi_varinst` VALUES ('207508', '207502', '207502', null, 'KEEPER', 'string', '0', null, null, null, 'keeper1', null, '2018-10-26 00:30:12.796', '2018-10-26 00:30:12.796');
INSERT INTO `act_hi_varinst` VALUES ('207509', '207502', '207502', null, 'applicantId', 'string', '0', null, null, null, '', null, '2018-10-26 00:30:12.796', '2018-10-26 00:30:12.796');
INSERT INTO `act_hi_varinst` VALUES ('207517', '207502', '207502', null, 'pass', 'boolean', '0', null, null, '1', null, null, '2018-10-26 00:31:00.992', '2018-10-26 00:31:00.992');
INSERT INTO `act_hi_varinst` VALUES ('207518', '207502', '207502', null, 'indentCheckingReason', 'string', '0', null, null, null, 'a', null, '2018-10-26 00:31:00.992', '2018-10-26 00:31:00.992');
INSERT INTO `act_hi_varinst` VALUES ('207525', '207502', '207502', null, 'goodsCheckingReason', 'string', '0', null, null, null, 'a', null, '2018-10-26 00:32:06.284', '2018-10-26 00:32:06.284');
INSERT INTO `act_hi_varinst` VALUES ('207526', '207502', '207502', null, 'examinationPass', 'boolean', '0', null, null, '1', null, null, '2018-10-26 00:32:06.284', '2018-10-26 00:32:06.284');
INSERT INTO `act_hi_varinst` VALUES ('207531', '207529', '207529', null, 'applyId', 'string', '0', null, null, null, '', null, '2018-10-26 00:37:44.814', '2018-10-26 00:37:44.814');
INSERT INTO `act_hi_varinst` VALUES ('207532', '207529', '207529', null, 'receiverId', 'string', '0', null, null, null, 'keeper1', null, '2018-10-26 00:37:44.814', '2018-10-26 00:37:44.814');
INSERT INTO `act_hi_varinst` VALUES ('207533', '207529', '207529', null, 'goodFromId', 'string', '0', null, null, null, 'keeper1', null, '2018-10-26 00:37:44.814', '2018-10-26 00:37:44.814');
INSERT INTO `act_hi_varinst` VALUES ('207534', '207529', '207529', null, 'applicantId', 'string', '0', null, null, null, '', null, '2018-10-26 00:37:44.814', '2018-10-26 00:37:44.814');
INSERT INTO `act_hi_varinst` VALUES ('207540', '207529', '207529', null, 'pass', 'boolean', '0', null, null, '1', null, null, '2018-10-26 00:38:36.454', '2018-10-26 00:38:36.454');
INSERT INTO `act_hi_varinst` VALUES ('207541', '207529', '207529', null, 'indentCheckingReason', 'string', '0', null, null, null, 'haode', null, '2018-10-26 00:38:36.454', '2018-10-26 00:38:36.454');
INSERT INTO `act_hi_varinst` VALUES ('207547', '207529', '207529', null, 'goodsCheckingReason', 'string', '1', null, null, null, '!', null, '2018-10-26 00:40:02.466', '2018-10-26 00:41:09.438');
INSERT INTO `act_hi_varinst` VALUES ('207548', '207529', '207529', null, 'examinationPass', 'boolean', '1', null, null, '1', null, null, '2018-10-26 00:40:02.467', '2018-10-26 00:41:09.447');

-- ----------------------------
-- Table structure for `act_id_group`
-- ----------------------------
DROP TABLE IF EXISTS `act_id_group`;
CREATE TABLE `act_id_group` (
  `ID_` varchar(64) COLLATE utf8_bin NOT NULL,
  `REV_` int(11) DEFAULT NULL,
  `NAME_` varchar(255) COLLATE utf8_bin DEFAULT NULL,
  `TYPE_` varchar(255) COLLATE utf8_bin DEFAULT NULL,
  PRIMARY KEY (`ID_`) USING BTREE
) ENGINE=InnoDB DEFAULT CHARSET=utf8 COLLATE=utf8_bin ROW_FORMAT=DYNAMIC;

-- ----------------------------
-- Records of act_id_group
-- ----------------------------
INSERT INTO `act_id_group` VALUES ('KEEPER', '1', '', null);
INSERT INTO `act_id_group` VALUES ('PURCHASER', '1', '', null);
INSERT INTO `act_id_group` VALUES ('SALESMAN', '1', '', null);
INSERT INTO `act_id_group` VALUES ('STORE_MANAGER', '1', '', null);
INSERT INTO `act_id_group` VALUES ('SUPER_MANAGER', '1', '', 'security-role');

-- ----------------------------
-- Table structure for `act_id_info`
-- ----------------------------
DROP TABLE IF EXISTS `act_id_info`;
CREATE TABLE `act_id_info` (
  `ID_` varchar(64) COLLATE utf8_bin NOT NULL,
  `REV_` int(11) DEFAULT NULL,
  `USER_ID_` varchar(64) COLLATE utf8_bin DEFAULT NULL,
  `TYPE_` varchar(64) COLLATE utf8_bin DEFAULT NULL,
  `KEY_` varchar(255) COLLATE utf8_bin DEFAULT NULL,
  `VALUE_` varchar(255) COLLATE utf8_bin DEFAULT NULL,
  `PASSWORD_` longblob,
  `PARENT_ID_` varchar(255) COLLATE utf8_bin DEFAULT NULL,
  PRIMARY KEY (`ID_`) USING BTREE
) ENGINE=InnoDB DEFAULT CHARSET=utf8 COLLATE=utf8_bin ROW_FORMAT=DYNAMIC;

-- ----------------------------
-- Records of act_id_info
-- ----------------------------

-- ----------------------------
-- Table structure for `act_id_membership`
-- ----------------------------
DROP TABLE IF EXISTS `act_id_membership`;
CREATE TABLE `act_id_membership` (
  `USER_ID_` varchar(64) COLLATE utf8_bin NOT NULL,
  `GROUP_ID_` varchar(64) COLLATE utf8_bin NOT NULL,
  PRIMARY KEY (`USER_ID_`,`GROUP_ID_`) USING BTREE,
  KEY `ACT_FK_MEMB_GROUP` (`GROUP_ID_`) USING BTREE,
  CONSTRAINT `ACT_FK_MEMB_GROUP` FOREIGN KEY (`GROUP_ID_`) REFERENCES `act_id_group` (`ID_`),
  CONSTRAINT `ACT_FK_MEMB_USER` FOREIGN KEY (`USER_ID_`) REFERENCES `act_id_user` (`ID_`)
) ENGINE=InnoDB DEFAULT CHARSET=utf8 COLLATE=utf8_bin ROW_FORMAT=DYNAMIC;

-- ----------------------------
-- Records of act_id_membership
-- ----------------------------
INSERT INTO `act_id_membership` VALUES ('lijhu', 'KEEPER');
INSERT INTO `act_id_membership` VALUES ('Sales10', 'PURCHASER');
INSERT INTO `act_id_membership` VALUES ('', 'SALESMAN');
INSERT INTO `act_id_membership` VALUES ('keeper1', 'STORE_MANAGER');
INSERT INTO `act_id_membership` VALUES ('keeper2', 'STORE_MANAGER');
INSERT INTO `act_id_membership` VALUES ('', 'SUPER_MANAGER');
INSERT INTO `act_id_membership` VALUES ('', 'SUPER_MANAGER');

-- ----------------------------
-- Table structure for `act_id_user`
-- ----------------------------
DROP TABLE IF EXISTS `act_id_user`;
CREATE TABLE `act_id_user` (
  `ID_` varchar(64) COLLATE utf8_bin NOT NULL,
  `REV_` int(11) DEFAULT NULL,
  `FIRST_` varchar(255) COLLATE utf8_bin DEFAULT NULL,
  `LAST_` varchar(255) COLLATE utf8_bin DEFAULT NULL,
  `EMAIL_` varchar(255) COLLATE utf8_bin DEFAULT NULL,
  `PWD_` varchar(255) COLLATE utf8_bin DEFAULT NULL,
  `PICTURE_ID_` varchar(64) COLLATE utf8_bin DEFAULT NULL,
  PRIMARY KEY (`ID_`) USING BTREE
) ENGINE=InnoDB DEFAULT CHARSET=utf8 COLLATE=utf8_bin ROW_FORMAT=DYNAMIC;

-- ----------------------------
-- Records of act_id_user
-- ----------------------------
INSERT INTO `act_id_user` VALUES ('Sales10', '1', null, null, null, '123456', null);
INSERT INTO `act_id_user` VALUES ('keeper1', '1', null, null, null, '123456', null);
INSERT INTO `act_id_user` VALUES ('keeper2', '1', null, null, null, '123456', null);
INSERT INTO `act_id_user` VALUES ('lijhu', '1', null, null, null, null, null);
INSERT INTO `act_id_user` VALUES ('', '1', null, null, null, null, null);
INSERT INTO `act_id_user` VALUES ('', '1', null, null, null, null, null);
INSERT INTO `act_id_user` VALUES ('', '1', null, null, null, null, null);
INSERT INTO `act_id_user` VALUES ('', '1', null, null, null, '123456', null);
INSERT INTO `act_id_user` VALUES ('', '1', null, null, null, '123456', null);

-- ----------------------------
-- Table structure for `act_procdef_info`
-- ----------------------------
DROP TABLE IF EXISTS `act_procdef_info`;
CREATE TABLE `act_procdef_info` (
  `ID_` varchar(64) COLLATE utf8_bin NOT NULL,
  `PROC_DEF_ID_` varchar(64) COLLATE utf8_bin NOT NULL,
  `REV_` int(11) DEFAULT NULL,
  `INFO_JSON_ID_` varchar(64) COLLATE utf8_bin DEFAULT NULL,
  PRIMARY KEY (`ID_`) USING BTREE,
  UNIQUE KEY `ACT_UNIQ_INFO_PROCDEF` (`PROC_DEF_ID_`) USING BTREE,
  KEY `ACT_IDX_INFO_PROCDEF` (`PROC_DEF_ID_`) USING BTREE,
  KEY `ACT_FK_INFO_JSON_BA` (`INFO_JSON_ID_`) USING BTREE,
  CONSTRAINT `ACT_FK_INFO_JSON_BA` FOREIGN KEY (`INFO_JSON_ID_`) REFERENCES `act_ge_bytearray` (`ID_`),
  CONSTRAINT `ACT_FK_INFO_PROCDEF` FOREIGN KEY (`PROC_DEF_ID_`) REFERENCES `act_re_procdef` (`ID_`)
) ENGINE=InnoDB DEFAULT CHARSET=utf8 COLLATE=utf8_bin ROW_FORMAT=DYNAMIC;

-- ----------------------------
-- Records of act_procdef_info
-- ----------------------------

-- ----------------------------
-- Table structure for `act_re_deployment`
-- ----------------------------
DROP TABLE IF EXISTS `act_re_deployment`;
CREATE TABLE `act_re_deployment` (
  `ID_` varchar(64) COLLATE utf8_bin NOT NULL,
  `NAME_` varchar(255) COLLATE utf8_bin DEFAULT NULL,
  `CATEGORY_` varchar(255) COLLATE utf8_bin DEFAULT NULL,
  `KEY_` varchar(255) COLLATE utf8_bin DEFAULT NULL,
  `TENANT_ID_` varchar(255) COLLATE utf8_bin DEFAULT '',
  `DEPLOY_TIME_` timestamp(3) NULL DEFAULT NULL,
  `ENGINE_VERSION_` varchar(255) COLLATE utf8_bin DEFAULT NULL,
  PRIMARY KEY (`ID_`) USING BTREE
) ENGINE=InnoDB DEFAULT CHARSET=utf8 COLLATE=utf8_bin ROW_FORMAT=DYNAMIC;

-- ----------------------------
-- Records of act_re_deployment
-- ----------------------------
INSERT INTO `act_re_deployment` VALUES ('100001', null, null, null, '', '2018-10-22 17:05:11.052', null);
INSERT INTO `act_re_deployment` VALUES ('112501', null, null, null, '', '2018-10-23 09:42:27.063', null);
INSERT INTO `act_re_deployment` VALUES ('15001', null, null, null, '', '2018-09-27 16:24:11.802', null);
INSERT INTO `act_re_deployment` VALUES ('175001', null, null, null, '', '2018-10-23 21:12:32.084', null);

-- ----------------------------
-- Table structure for `act_re_model`
-- ----------------------------
DROP TABLE IF EXISTS `act_re_model`;
CREATE TABLE `act_re_model` (
  `ID_` varchar(64) COLLATE utf8_bin NOT NULL,
  `REV_` int(11) DEFAULT NULL,
  `NAME_` varchar(255) COLLATE utf8_bin DEFAULT NULL,
  `KEY_` varchar(255) COLLATE utf8_bin DEFAULT NULL,
  `CATEGORY_` varchar(255) COLLATE utf8_bin DEFAULT NULL,
  `CREATE_TIME_` timestamp(3) NULL DEFAULT NULL,
  `LAST_UPDATE_TIME_` timestamp(3) NULL DEFAULT NULL,
  `VERSION_` int(11) DEFAULT NULL,
  `META_INFO_` varchar(4000) COLLATE utf8_bin DEFAULT NULL,
  `DEPLOYMENT_ID_` varchar(64) COLLATE utf8_bin DEFAULT NULL,
  `EDITOR_SOURCE_VALUE_ID_` varchar(64) COLLATE utf8_bin DEFAULT NULL,
  `EDITOR_SOURCE_EXTRA_VALUE_ID_` varchar(64) COLLATE utf8_bin DEFAULT NULL,
  `TENANT_ID_` varchar(255) COLLATE utf8_bin DEFAULT '',
  PRIMARY KEY (`ID_`) USING BTREE,
  KEY `ACT_FK_MODEL_SOURCE` (`EDITOR_SOURCE_VALUE_ID_`) USING BTREE,
  KEY `ACT_FK_MODEL_SOURCE_EXTRA` (`EDITOR_SOURCE_EXTRA_VALUE_ID_`) USING BTREE,
  KEY `ACT_FK_MODEL_DEPLOYMENT` (`DEPLOYMENT_ID_`) USING BTREE,
  CONSTRAINT `ACT_FK_MODEL_DEPLOYMENT` FOREIGN KEY (`DEPLOYMENT_ID_`) REFERENCES `act_re_deployment` (`ID_`),
  CONSTRAINT `ACT_FK_MODEL_SOURCE` FOREIGN KEY (`EDITOR_SOURCE_VALUE_ID_`) REFERENCES `act_ge_bytearray` (`ID_`),
  CONSTRAINT `ACT_FK_MODEL_SOURCE_EXTRA` FOREIGN KEY (`EDITOR_SOURCE_EXTRA_VALUE_ID_`) REFERENCES `act_ge_bytearray` (`ID_`)
) ENGINE=InnoDB DEFAULT CHARSET=utf8 COLLATE=utf8_bin ROW_FORMAT=DYNAMIC;

-- ----------------------------
-- Records of act_re_model
-- ----------------------------

-- ----------------------------
-- Table structure for `act_re_procdef`
-- ----------------------------
DROP TABLE IF EXISTS `act_re_procdef`;
CREATE TABLE `act_re_procdef` (
  `ID_` varchar(64) COLLATE utf8_bin NOT NULL,
  `REV_` int(11) DEFAULT NULL,
  `CATEGORY_` varchar(255) COLLATE utf8_bin DEFAULT NULL,
  `NAME_` varchar(255) COLLATE utf8_bin DEFAULT NULL,
  `KEY_` varchar(255) COLLATE utf8_bin NOT NULL,
  `VERSION_` int(11) NOT NULL,
  `DEPLOYMENT_ID_` varchar(64) COLLATE utf8_bin DEFAULT NULL,
  `RESOURCE_NAME_` varchar(4000) COLLATE utf8_bin DEFAULT NULL,
  `DGRM_RESOURCE_NAME_` varchar(4000) COLLATE utf8_bin DEFAULT NULL,
  `DESCRIPTION_` varchar(4000) COLLATE utf8_bin DEFAULT NULL,
  `HAS_START_FORM_KEY_` tinyint(4) DEFAULT NULL,
  `HAS_GRAPHICAL_NOTATION_` tinyint(4) DEFAULT NULL,
  `SUSPENSION_STATE_` int(11) DEFAULT NULL,
  `TENANT_ID_` varchar(255) COLLATE utf8_bin DEFAULT '',
  `ENGINE_VERSION_` varchar(255) COLLATE utf8_bin DEFAULT NULL,
  PRIMARY KEY (`ID_`) USING BTREE,
  UNIQUE KEY `ACT_UNIQ_PROCDEF` (`KEY_`,`VERSION_`,`TENANT_ID_`) USING BTREE
) ENGINE=InnoDB DEFAULT CHARSET=utf8 COLLATE=utf8_bin ROW_FORMAT=DYNAMIC;

-- ----------------------------
-- Records of act_re_procdef
-- ----------------------------
INSERT INTO `act_re_procdef` VALUES ('purchase:1:175004', '1', 'http://www.activiti.org/test', '', 'purchase', '1', '175001', 'purchase.bpmn', 'purchase.purchase.png', null, '0', '1', '1', '', null);
INSERT INTO `act_re_procdef` VALUES ('transfer:1:15004', '1', 'http://www.activiti.org/test', 'goodsTransfer', 'transfer', '1', '15001', 'transfer.bpmn', 'transfer.png', null, '0', '1', '1', '', null);
INSERT INTO `act_re_procdef` VALUES ('transfer:4:100004', '1', 'http://www.activiti.org/test', '', 'transfer', '4', '100001', 'transfer.bpmn', 'transfer.png', null, '0', '1', '1', '', null);
INSERT INTO `act_re_procdef` VALUES ('transfer:5:112504', '1', 'http://www.activiti.org/test', '', 'transfer', '5', '112501', 'transfer.bpmn', 'transfer.png', null, '0', '1', '1', '', null);

-- ----------------------------
-- Table structure for `act_ru_deadletter_job`
-- ----------------------------
DROP TABLE IF EXISTS `act_ru_deadletter_job`;
CREATE TABLE `act_ru_deadletter_job` (
  `ID_` varchar(64) COLLATE utf8_bin NOT NULL,
  `REV_` int(11) DEFAULT NULL,
  `TYPE_` varchar(255) COLLATE utf8_bin NOT NULL,
  `EXCLUSIVE_` tinyint(1) DEFAULT NULL,
  `EXECUTION_ID_` varchar(64) COLLATE utf8_bin DEFAULT NULL,
  `PROCESS_INSTANCE_ID_` varchar(64) COLLATE utf8_bin DEFAULT NULL,
  `PROC_DEF_ID_` varchar(64) COLLATE utf8_bin DEFAULT NULL,
  `EXCEPTION_STACK_ID_` varchar(64) COLLATE utf8_bin DEFAULT NULL,
  `EXCEPTION_MSG_` varchar(4000) COLLATE utf8_bin DEFAULT NULL,
  `DUEDATE_` timestamp(3) NULL DEFAULT NULL,
  `REPEAT_` varchar(255) COLLATE utf8_bin DEFAULT NULL,
  `HANDLER_TYPE_` varchar(255) COLLATE utf8_bin DEFAULT NULL,
  `HANDLER_CFG_` varchar(4000) COLLATE utf8_bin DEFAULT NULL,
  `TENANT_ID_` varchar(255) COLLATE utf8_bin DEFAULT '',
  PRIMARY KEY (`ID_`) USING BTREE,
  KEY `ACT_FK_DEADLETTER_JOB_EXECUTION` (`EXECUTION_ID_`) USING BTREE,
  KEY `ACT_FK_DEADLETTER_JOB_PROCESS_INSTANCE` (`PROCESS_INSTANCE_ID_`) USING BTREE,
  KEY `ACT_FK_DEADLETTER_JOB_PROC_DEF` (`PROC_DEF_ID_`) USING BTREE,
  KEY `ACT_FK_DEADLETTER_JOB_EXCEPTION` (`EXCEPTION_STACK_ID_`) USING BTREE,
  CONSTRAINT `ACT_FK_DEADLETTER_JOB_EXCEPTION` FOREIGN KEY (`EXCEPTION_STACK_ID_`) REFERENCES `act_ge_bytearray` (`ID_`),
  CONSTRAINT `ACT_FK_DEADLETTER_JOB_EXECUTION` FOREIGN KEY (`EXECUTION_ID_`) REFERENCES `act_ru_execution` (`ID_`),
  CONSTRAINT `ACT_FK_DEADLETTER_JOB_PROCESS_INSTANCE` FOREIGN KEY (`PROCESS_INSTANCE_ID_`) REFERENCES `act_ru_execution` (`ID_`),
  CONSTRAINT `ACT_FK_DEADLETTER_JOB_PROC_DEF` FOREIGN KEY (`PROC_DEF_ID_`) REFERENCES `act_re_procdef` (`ID_`)
) ENGINE=InnoDB DEFAULT CHARSET=utf8 COLLATE=utf8_bin ROW_FORMAT=DYNAMIC;

-- ----------------------------
-- Records of act_ru_deadletter_job
-- ----------------------------

-- ----------------------------
-- Table structure for `act_ru_event_subscr`
-- ----------------------------
DROP TABLE IF EXISTS `act_ru_event_subscr`;
CREATE TABLE `act_ru_event_subscr` (
  `ID_` varchar(64) COLLATE utf8_bin NOT NULL,
  `REV_` int(11) DEFAULT NULL,
  `EVENT_TYPE_` varchar(255) COLLATE utf8_bin NOT NULL,
  `EVENT_NAME_` varchar(255) COLLATE utf8_bin DEFAULT NULL,
  `EXECUTION_ID_` varchar(64) COLLATE utf8_bin DEFAULT NULL,
  `PROC_INST_ID_` varchar(64) COLLATE utf8_bin DEFAULT NULL,
  `ACTIVITY_ID_` varchar(64) COLLATE utf8_bin DEFAULT NULL,
  `CONFIGURATION_` varchar(255) COLLATE utf8_bin DEFAULT NULL,
  `CREATED_` timestamp(3) NOT NULL DEFAULT CURRENT_TIMESTAMP(3),
  `PROC_DEF_ID_` varchar(64) COLLATE utf8_bin DEFAULT NULL,
  `TENANT_ID_` varchar(255) COLLATE utf8_bin DEFAULT '',
  PRIMARY KEY (`ID_`) USING BTREE,
  KEY `ACT_IDX_EVENT_SUBSCR_CONFIG_` (`CONFIGURATION_`) USING BTREE,
  KEY `ACT_FK_EVENT_EXEC` (`EXECUTION_ID_`) USING BTREE,
  CONSTRAINT `ACT_FK_EVENT_EXEC` FOREIGN KEY (`EXECUTION_ID_`) REFERENCES `act_ru_execution` (`ID_`)
) ENGINE=InnoDB DEFAULT CHARSET=utf8 COLLATE=utf8_bin ROW_FORMAT=DYNAMIC;

-- ----------------------------
-- Records of act_ru_event_subscr
-- ----------------------------

-- ----------------------------
-- Table structure for `act_ru_execution`
-- ----------------------------
DROP TABLE IF EXISTS `act_ru_execution`;
CREATE TABLE `act_ru_execution` (
  `ID_` varchar(64) COLLATE utf8_bin NOT NULL,
  `REV_` int(11) DEFAULT NULL,
  `PROC_INST_ID_` varchar(64) COLLATE utf8_bin DEFAULT NULL,
  `BUSINESS_KEY_` varchar(255) COLLATE utf8_bin DEFAULT NULL,
  `PARENT_ID_` varchar(64) COLLATE utf8_bin DEFAULT NULL,
  `PROC_DEF_ID_` varchar(64) COLLATE utf8_bin DEFAULT NULL,
  `SUPER_EXEC_` varchar(64) COLLATE utf8_bin DEFAULT NULL,
  `ROOT_PROC_INST_ID_` varchar(64) COLLATE utf8_bin DEFAULT NULL,
  `ACT_ID_` varchar(255) COLLATE utf8_bin DEFAULT NULL,
  `IS_ACTIVE_` tinyint(4) DEFAULT NULL,
  `IS_CONCURRENT_` tinyint(4) DEFAULT NULL,
  `IS_SCOPE_` tinyint(4) DEFAULT NULL,
  `IS_EVENT_SCOPE_` tinyint(4) DEFAULT NULL,
  `IS_MI_ROOT_` tinyint(4) DEFAULT NULL,
  `SUSPENSION_STATE_` int(11) DEFAULT NULL,
  `CACHED_ENT_STATE_` int(11) DEFAULT NULL,
  `TENANT_ID_` varchar(255) COLLATE utf8_bin DEFAULT '',
  `NAME_` varchar(255) COLLATE utf8_bin DEFAULT NULL,
  `START_TIME_` datetime(3) DEFAULT NULL,
  `START_USER_ID_` varchar(255) COLLATE utf8_bin DEFAULT NULL,
  `LOCK_TIME_` timestamp(3) NULL DEFAULT NULL,
  `IS_COUNT_ENABLED_` tinyint(4) DEFAULT NULL,
  `EVT_SUBSCR_COUNT_` int(11) DEFAULT NULL,
  `TASK_COUNT_` int(11) DEFAULT NULL,
  `JOB_COUNT_` int(11) DEFAULT NULL,
  `TIMER_JOB_COUNT_` int(11) DEFAULT NULL,
  `SUSP_JOB_COUNT_` int(11) DEFAULT NULL,
  `DEADLETTER_JOB_COUNT_` int(11) DEFAULT NULL,
  `VAR_COUNT_` int(11) DEFAULT NULL,
  `ID_LINK_COUNT_` int(11) DEFAULT NULL,
  PRIMARY KEY (`ID_`) USING BTREE,
  KEY `ACT_IDX_EXEC_BUSKEY` (`BUSINESS_KEY_`) USING BTREE,
  KEY `ACT_IDC_EXEC_ROOT` (`ROOT_PROC_INST_ID_`) USING BTREE,
  KEY `ACT_FK_EXE_PROCINST` (`PROC_INST_ID_`) USING BTREE,
  KEY `ACT_FK_EXE_PARENT` (`PARENT_ID_`) USING BTREE,
  KEY `ACT_FK_EXE_SUPER` (`SUPER_EXEC_`) USING BTREE,
  KEY `ACT_FK_EXE_PROCDEF` (`PROC_DEF_ID_`) USING BTREE,
  CONSTRAINT `ACT_FK_EXE_PARENT` FOREIGN KEY (`PARENT_ID_`) REFERENCES `act_ru_execution` (`ID_`) ON DELETE CASCADE,
  CONSTRAINT `ACT_FK_EXE_PROCDEF` FOREIGN KEY (`PROC_DEF_ID_`) REFERENCES `act_re_procdef` (`ID_`),
  CONSTRAINT `ACT_FK_EXE_PROCINST` FOREIGN KEY (`PROC_INST_ID_`) REFERENCES `act_ru_execution` (`ID_`) ON DELETE CASCADE ON UPDATE CASCADE,
  CONSTRAINT `ACT_FK_EXE_SUPER` FOREIGN KEY (`SUPER_EXEC_`) REFERENCES `act_ru_execution` (`ID_`) ON DELETE CASCADE
) ENGINE=InnoDB DEFAULT CHARSET=utf8 COLLATE=utf8_bin ROW_FORMAT=DYNAMIC;

-- ----------------------------
-- Records of act_ru_execution
-- ----------------------------
INSERT INTO `act_ru_execution` VALUES ('102501', '1', '102501', '222', null, 'transfer:4:100004', null, '102501', null, '1', '0', '1', '0', '0', '1', null, '', null, '2018-10-22 20:03:44.503', '', null, '0', '0', '0', '0', '0', '0', '0', '0', '0');
INSERT INTO `act_ru_execution` VALUES ('102506', '2', '102501', null, '102501', 'transfer:4:100004', null, '102501', 'confirmReceipt', '1', '0', '0', '0', '0', '1', null, '', null, '2018-10-22 20:03:44.558', null, null, '0', '0', '0', '0', '0', '0', '0', '0', '0');
INSERT INTO `act_ru_execution` VALUES ('197501', '1', '197501', '290', null, 'transfer:5:112504', null, '197501', null, '1', '0', '1', '0', '0', '1', null, '', null, '2018-10-25 02:15:46.980', '', null, '0', '0', '0', '0', '0', '0', '0', '0', '0');
INSERT INTO `act_ru_execution` VALUES ('197507', '1', '197501', null, '197501', 'transfer:5:112504', null, '197501', 'principalAudit', '1', '0', '0', '0', '0', '1', null, '', null, '2018-10-25 02:15:47.053', null, null, '0', '0', '0', '0', '0', '0', '0', '0', '0');
INSERT INTO `act_ru_execution` VALUES ('202501', '1', '202501', '294', null, 'purchase:1:175004', null, '202501', null, '1', '0', '1', '0', '0', '1', null, '', null, '2018-10-25 14:55:42.897', '', null, '0', '0', '0', '0', '0', '0', '0', '0', '0');
INSERT INTO `act_ru_execution` VALUES ('202509', '1', '202501', null, '202501', 'purchase:1:175004', null, '202501', 'indentAudit', '1', '0', '0', '0', '0', '1', null, '', null, '2018-10-25 14:55:43.007', null, null, '0', '0', '0', '0', '0', '0', '0', '0', '0');

-- ----------------------------
-- Table structure for `act_ru_identitylink`
-- ----------------------------
DROP TABLE IF EXISTS `act_ru_identitylink`;
CREATE TABLE `act_ru_identitylink` (
  `ID_` varchar(64) COLLATE utf8_bin NOT NULL,
  `REV_` int(11) DEFAULT NULL,
  `GROUP_ID_` varchar(255) COLLATE utf8_bin DEFAULT NULL,
  `TYPE_` varchar(255) COLLATE utf8_bin DEFAULT NULL,
  `USER_ID_` varchar(255) COLLATE utf8_bin DEFAULT NULL,
  `TASK_ID_` varchar(64) COLLATE utf8_bin DEFAULT NULL,
  `PROC_INST_ID_` varchar(64) COLLATE utf8_bin DEFAULT NULL,
  `PROC_DEF_ID_` varchar(64) COLLATE utf8_bin DEFAULT NULL,
  PRIMARY KEY (`ID_`) USING BTREE,
  KEY `ACT_IDX_IDENT_LNK_USER` (`USER_ID_`) USING BTREE,
  KEY `ACT_IDX_IDENT_LNK_GROUP` (`GROUP_ID_`) USING BTREE,
  KEY `ACT_IDX_ATHRZ_PROCEDEF` (`PROC_DEF_ID_`) USING BTREE,
  KEY `ACT_FK_TSKASS_TASK` (`TASK_ID_`) USING BTREE,
  KEY `ACT_FK_IDL_PROCINST` (`PROC_INST_ID_`) USING BTREE,
  CONSTRAINT `ACT_FK_ATHRZ_PROCEDEF` FOREIGN KEY (`PROC_DEF_ID_`) REFERENCES `act_re_procdef` (`ID_`),
  CONSTRAINT `ACT_FK_IDL_PROCINST` FOREIGN KEY (`PROC_INST_ID_`) REFERENCES `act_ru_execution` (`ID_`),
  CONSTRAINT `ACT_FK_TSKASS_TASK` FOREIGN KEY (`TASK_ID_`) REFERENCES `act_ru_task` (`ID_`)
) ENGINE=InnoDB DEFAULT CHARSET=utf8 COLLATE=utf8_bin ROW_FORMAT=DYNAMIC;

-- ----------------------------
-- Records of act_ru_identitylink
-- ----------------------------
INSERT INTO `act_ru_identitylink` VALUES ('102502', '1', null, 'starter', '', null, '102501', null);
INSERT INTO `act_ru_identitylink` VALUES ('102510', '1', null, 'participant', '11', null, '102501', null);
INSERT INTO `act_ru_identitylink` VALUES ('197502', '1', null, 'starter', '', null, '197501', null);
INSERT INTO `act_ru_identitylink` VALUES ('197511', '1', null, 'participant', 'keeper1', null, '197501', null);
INSERT INTO `act_ru_identitylink` VALUES ('202503', '1', null, 'starter', '', null, '202501', null);
INSERT INTO `act_ru_identitylink` VALUES ('202513', '1', 'SUPER_MANAGER', 'candidate', null, '202512', null, null);
INSERT INTO `act_ru_identitylink` VALUES ('202514', '1', null, 'candidate', '', '202512', null, null);

-- ----------------------------
-- Table structure for `act_ru_job`
-- ----------------------------
DROP TABLE IF EXISTS `act_ru_job`;
CREATE TABLE `act_ru_job` (
  `ID_` varchar(64) COLLATE utf8_bin NOT NULL,
  `REV_` int(11) DEFAULT NULL,
  `TYPE_` varchar(255) COLLATE utf8_bin NOT NULL,
  `LOCK_EXP_TIME_` timestamp(3) NULL DEFAULT NULL,
  `LOCK_OWNER_` varchar(255) COLLATE utf8_bin DEFAULT NULL,
  `EXCLUSIVE_` tinyint(1) DEFAULT NULL,
  `EXECUTION_ID_` varchar(64) COLLATE utf8_bin DEFAULT NULL,
  `PROCESS_INSTANCE_ID_` varchar(64) COLLATE utf8_bin DEFAULT NULL,
  `PROC_DEF_ID_` varchar(64) COLLATE utf8_bin DEFAULT NULL,
  `RETRIES_` int(11) DEFAULT NULL,
  `EXCEPTION_STACK_ID_` varchar(64) COLLATE utf8_bin DEFAULT NULL,
  `EXCEPTION_MSG_` varchar(4000) COLLATE utf8_bin DEFAULT NULL,
  `DUEDATE_` timestamp(3) NULL DEFAULT NULL,
  `REPEAT_` varchar(255) COLLATE utf8_bin DEFAULT NULL,
  `HANDLER_TYPE_` varchar(255) COLLATE utf8_bin DEFAULT NULL,
  `HANDLER_CFG_` varchar(4000) COLLATE utf8_bin DEFAULT NULL,
  `TENANT_ID_` varchar(255) COLLATE utf8_bin DEFAULT '',
  PRIMARY KEY (`ID_`) USING BTREE,
  KEY `ACT_FK_JOB_EXECUTION` (`EXECUTION_ID_`) USING BTREE,
  KEY `ACT_FK_JOB_PROCESS_INSTANCE` (`PROCESS_INSTANCE_ID_`) USING BTREE,
  KEY `ACT_FK_JOB_PROC_DEF` (`PROC_DEF_ID_`) USING BTREE,
  KEY `ACT_FK_JOB_EXCEPTION` (`EXCEPTION_STACK_ID_`) USING BTREE,
  CONSTRAINT `ACT_FK_JOB_EXCEPTION` FOREIGN KEY (`EXCEPTION_STACK_ID_`) REFERENCES `act_ge_bytearray` (`ID_`),
  CONSTRAINT `ACT_FK_JOB_EXECUTION` FOREIGN KEY (`EXECUTION_ID_`) REFERENCES `act_ru_execution` (`ID_`),
  CONSTRAINT `ACT_FK_JOB_PROCESS_INSTANCE` FOREIGN KEY (`PROCESS_INSTANCE_ID_`) REFERENCES `act_ru_execution` (`ID_`),
  CONSTRAINT `ACT_FK_JOB_PROC_DEF` FOREIGN KEY (`PROC_DEF_ID_`) REFERENCES `act_re_procdef` (`ID_`)
) ENGINE=InnoDB DEFAULT CHARSET=utf8 COLLATE=utf8_bin ROW_FORMAT=DYNAMIC;

-- ----------------------------
-- Records of act_ru_job
-- ----------------------------

-- ----------------------------
-- Table structure for `act_ru_suspended_job`
-- ----------------------------
DROP TABLE IF EXISTS `act_ru_suspended_job`;
CREATE TABLE `act_ru_suspended_job` (
  `ID_` varchar(64) COLLATE utf8_bin NOT NULL,
  `REV_` int(11) DEFAULT NULL,
  `TYPE_` varchar(255) COLLATE utf8_bin NOT NULL,
  `EXCLUSIVE_` tinyint(1) DEFAULT NULL,
  `EXECUTION_ID_` varchar(64) COLLATE utf8_bin DEFAULT NULL,
  `PROCESS_INSTANCE_ID_` varchar(64) COLLATE utf8_bin DEFAULT NULL,
  `PROC_DEF_ID_` varchar(64) COLLATE utf8_bin DEFAULT NULL,
  `RETRIES_` int(11) DEFAULT NULL,
  `EXCEPTION_STACK_ID_` varchar(64) COLLATE utf8_bin DEFAULT NULL,
  `EXCEPTION_MSG_` varchar(4000) COLLATE utf8_bin DEFAULT NULL,
  `DUEDATE_` timestamp(3) NULL DEFAULT NULL,
  `REPEAT_` varchar(255) COLLATE utf8_bin DEFAULT NULL,
  `HANDLER_TYPE_` varchar(255) COLLATE utf8_bin DEFAULT NULL,
  `HANDLER_CFG_` varchar(4000) COLLATE utf8_bin DEFAULT NULL,
  `TENANT_ID_` varchar(255) COLLATE utf8_bin DEFAULT '',
  PRIMARY KEY (`ID_`) USING BTREE,
  KEY `ACT_FK_SUSPENDED_JOB_EXECUTION` (`EXECUTION_ID_`) USING BTREE,
  KEY `ACT_FK_SUSPENDED_JOB_PROCESS_INSTANCE` (`PROCESS_INSTANCE_ID_`) USING BTREE,
  KEY `ACT_FK_SUSPENDED_JOB_PROC_DEF` (`PROC_DEF_ID_`) USING BTREE,
  KEY `ACT_FK_SUSPENDED_JOB_EXCEPTION` (`EXCEPTION_STACK_ID_`) USING BTREE,
  CONSTRAINT `ACT_FK_SUSPENDED_JOB_EXCEPTION` FOREIGN KEY (`EXCEPTION_STACK_ID_`) REFERENCES `act_ge_bytearray` (`ID_`),
  CONSTRAINT `ACT_FK_SUSPENDED_JOB_EXECUTION` FOREIGN KEY (`EXECUTION_ID_`) REFERENCES `act_ru_execution` (`ID_`),
  CONSTRAINT `ACT_FK_SUSPENDED_JOB_PROCESS_INSTANCE` FOREIGN KEY (`PROCESS_INSTANCE_ID_`) REFERENCES `act_ru_execution` (`ID_`),
  CONSTRAINT `ACT_FK_SUSPENDED_JOB_PROC_DEF` FOREIGN KEY (`PROC_DEF_ID_`) REFERENCES `act_re_procdef` (`ID_`)
) ENGINE=InnoDB DEFAULT CHARSET=utf8 COLLATE=utf8_bin ROW_FORMAT=DYNAMIC;

-- ----------------------------
-- Records of act_ru_suspended_job
-- ----------------------------

-- ----------------------------
-- Table structure for `act_ru_task`
-- ----------------------------
DROP TABLE IF EXISTS `act_ru_task`;
CREATE TABLE `act_ru_task` (
  `ID_` varchar(64) COLLATE utf8_bin NOT NULL,
  `REV_` int(11) DEFAULT NULL,
  `EXECUTION_ID_` varchar(64) COLLATE utf8_bin DEFAULT NULL,
  `PROC_INST_ID_` varchar(64) COLLATE utf8_bin DEFAULT NULL,
  `PROC_DEF_ID_` varchar(64) COLLATE utf8_bin DEFAULT NULL,
  `NAME_` varchar(255) COLLATE utf8_bin DEFAULT NULL,
  `PARENT_TASK_ID_` varchar(64) COLLATE utf8_bin DEFAULT NULL,
  `DESCRIPTION_` varchar(4000) COLLATE utf8_bin DEFAULT NULL,
  `TASK_DEF_KEY_` varchar(255) COLLATE utf8_bin DEFAULT NULL,
  `OWNER_` varchar(255) COLLATE utf8_bin DEFAULT NULL,
  `ASSIGNEE_` varchar(255) COLLATE utf8_bin DEFAULT NULL,
  `DELEGATION_` varchar(64) COLLATE utf8_bin DEFAULT NULL,
  `PRIORITY_` int(11) DEFAULT NULL,
  `CREATE_TIME_` timestamp(3) NULL DEFAULT NULL,
  `DUE_DATE_` datetime(3) DEFAULT NULL,
  `CATEGORY_` varchar(255) COLLATE utf8_bin DEFAULT NULL,
  `SUSPENSION_STATE_` int(11) DEFAULT NULL,
  `TENANT_ID_` varchar(255) COLLATE utf8_bin DEFAULT '',
  `FORM_KEY_` varchar(255) COLLATE utf8_bin DEFAULT NULL,
  `CLAIM_TIME_` datetime(3) DEFAULT NULL,
  PRIMARY KEY (`ID_`) USING BTREE,
  KEY `ACT_IDX_TASK_CREATE` (`CREATE_TIME_`) USING BTREE,
  KEY `ACT_FK_TASK_EXE` (`EXECUTION_ID_`) USING BTREE,
  KEY `ACT_FK_TASK_PROCINST` (`PROC_INST_ID_`) USING BTREE,
  KEY `ACT_FK_TASK_PROCDEF` (`PROC_DEF_ID_`) USING BTREE,
  CONSTRAINT `ACT_FK_TASK_EXE` FOREIGN KEY (`EXECUTION_ID_`) REFERENCES `act_ru_execution` (`ID_`),
  CONSTRAINT `ACT_FK_TASK_PROCDEF` FOREIGN KEY (`PROC_DEF_ID_`) REFERENCES `act_re_procdef` (`ID_`),
  CONSTRAINT `ACT_FK_TASK_PROCINST` FOREIGN KEY (`PROC_INST_ID_`) REFERENCES `act_ru_execution` (`ID_`)
) ENGINE=InnoDB DEFAULT CHARSET=utf8 COLLATE=utf8_bin ROW_FORMAT=DYNAMIC;

-- ----------------------------
-- Records of act_ru_task
-- ----------------------------
INSERT INTO `act_ru_task` VALUES ('197510', '1', '197507', '197501', 'transfer:5:112504', '', null, null, 'principalAudit', null, 'keeper1', null, '50', '2018-10-25 02:15:47.060', null, null, '1', '', null, null);
INSERT INTO `act_ru_task` VALUES ('202512', '1', '202509', '202501', 'purchase:1:175004', '', null, null, 'indentAudit', null, null, null, '50', '2018-10-25 14:55:43.023', null, null, '1', '', null, null);

-- ----------------------------
-- Table structure for `act_ru_timer_job`
-- ----------------------------
DROP TABLE IF EXISTS `act_ru_timer_job`;
CREATE TABLE `act_ru_timer_job` (
  `ID_` varchar(64) COLLATE utf8_bin NOT NULL,
  `REV_` int(11) DEFAULT NULL,
  `TYPE_` varchar(255) COLLATE utf8_bin NOT NULL,
  `LOCK_EXP_TIME_` timestamp(3) NULL DEFAULT NULL,
  `LOCK_OWNER_` varchar(255) COLLATE utf8_bin DEFAULT NULL,
  `EXCLUSIVE_` tinyint(1) DEFAULT NULL,
  `EXECUTION_ID_` varchar(64) COLLATE utf8_bin DEFAULT NULL,
  `PROCESS_INSTANCE_ID_` varchar(64) COLLATE utf8_bin DEFAULT NULL,
  `PROC_DEF_ID_` varchar(64) COLLATE utf8_bin DEFAULT NULL,
  `RETRIES_` int(11) DEFAULT NULL,
  `EXCEPTION_STACK_ID_` varchar(64) COLLATE utf8_bin DEFAULT NULL,
  `EXCEPTION_MSG_` varchar(4000) COLLATE utf8_bin DEFAULT NULL,
  `DUEDATE_` timestamp(3) NULL DEFAULT NULL,
  `REPEAT_` varchar(255) COLLATE utf8_bin DEFAULT NULL,
  `HANDLER_TYPE_` varchar(255) COLLATE utf8_bin DEFAULT NULL,
  `HANDLER_CFG_` varchar(4000) COLLATE utf8_bin DEFAULT NULL,
  `TENANT_ID_` varchar(255) COLLATE utf8_bin DEFAULT '',
  PRIMARY KEY (`ID_`) USING BTREE,
  KEY `ACT_FK_TIMER_JOB_EXECUTION` (`EXECUTION_ID_`) USING BTREE,
  KEY `ACT_FK_TIMER_JOB_PROCESS_INSTANCE` (`PROCESS_INSTANCE_ID_`) USING BTREE,
  KEY `ACT_FK_TIMER_JOB_PROC_DEF` (`PROC_DEF_ID_`) USING BTREE,
  KEY `ACT_FK_TIMER_JOB_EXCEPTION` (`EXCEPTION_STACK_ID_`) USING BTREE,
  CONSTRAINT `ACT_FK_TIMER_JOB_EXCEPTION` FOREIGN KEY (`EXCEPTION_STACK_ID_`) REFERENCES `act_ge_bytearray` (`ID_`),
  CONSTRAINT `ACT_FK_TIMER_JOB_EXECUTION` FOREIGN KEY (`EXECUTION_ID_`) REFERENCES `act_ru_execution` (`ID_`),
  CONSTRAINT `ACT_FK_TIMER_JOB_PROCESS_INSTANCE` FOREIGN KEY (`PROCESS_INSTANCE_ID_`) REFERENCES `act_ru_execution` (`ID_`),
  CONSTRAINT `ACT_FK_TIMER_JOB_PROC_DEF` FOREIGN KEY (`PROC_DEF_ID_`) REFERENCES `act_re_procdef` (`ID_`)
) ENGINE=InnoDB DEFAULT CHARSET=utf8 COLLATE=utf8_bin ROW_FORMAT=DYNAMIC;

-- ----------------------------
-- Records of act_ru_timer_job
-- ----------------------------

-- ----------------------------
-- Table structure for `act_ru_variable`
-- ----------------------------
DROP TABLE IF EXISTS `act_ru_variable`;
CREATE TABLE `act_ru_variable` (
  `ID_` varchar(64) COLLATE utf8_bin NOT NULL,
  `REV_` int(11) DEFAULT NULL,
  `TYPE_` varchar(255) COLLATE utf8_bin NOT NULL,
  `NAME_` varchar(255) COLLATE utf8_bin NOT NULL,
  `EXECUTION_ID_` varchar(64) COLLATE utf8_bin DEFAULT NULL,
  `PROC_INST_ID_` varchar(64) COLLATE utf8_bin DEFAULT NULL,
  `TASK_ID_` varchar(64) COLLATE utf8_bin DEFAULT NULL,
  `BYTEARRAY_ID_` varchar(64) COLLATE utf8_bin DEFAULT NULL,
  `DOUBLE_` double DEFAULT NULL,
  `LONG_` bigint(20) DEFAULT NULL,
  `TEXT_` varchar(4000) COLLATE utf8_bin DEFAULT NULL,
  `TEXT2_` varchar(4000) COLLATE utf8_bin DEFAULT NULL,
  PRIMARY KEY (`ID_`) USING BTREE,
  KEY `ACT_IDX_VARIABLE_TASK_ID` (`TASK_ID_`) USING BTREE,
  KEY `ACT_FK_VAR_EXE` (`EXECUTION_ID_`) USING BTREE,
  KEY `ACT_FK_VAR_PROCINST` (`PROC_INST_ID_`) USING BTREE,
  KEY `ACT_FK_VAR_BYTEARRAY` (`BYTEARRAY_ID_`) USING BTREE,
  CONSTRAINT `ACT_FK_VAR_BYTEARRAY` FOREIGN KEY (`BYTEARRAY_ID_`) REFERENCES `act_ge_bytearray` (`ID_`),
  CONSTRAINT `ACT_FK_VAR_EXE` FOREIGN KEY (`EXECUTION_ID_`) REFERENCES `act_ru_execution` (`ID_`),
  CONSTRAINT `ACT_FK_VAR_PROCINST` FOREIGN KEY (`PROC_INST_ID_`) REFERENCES `act_ru_execution` (`ID_`)
) ENGINE=InnoDB DEFAULT CHARSET=utf8 COLLATE=utf8_bin ROW_FORMAT=DYNAMIC;

-- ----------------------------
-- Records of act_ru_variable
-- ----------------------------
INSERT INTO `act_ru_variable` VALUES ('102503', '1', 'long', 'applyId', '102501', '102501', null, null, null, '11', '11', null);
INSERT INTO `act_ru_variable` VALUES ('102504', '1', 'long', 'receiverId', '102501', '102501', null, null, null, '11', '11', null);
INSERT INTO `act_ru_variable` VALUES ('102505', '1', 'string', 'applicantId', '102501', '102501', null, null, null, null, '', null);
INSERT INTO `act_ru_variable` VALUES ('110001', '1', 'boolean', 'pass', '102501', '102501', null, null, null, '1', null, null);
INSERT INTO `act_ru_variable` VALUES ('110002', '1', 'string', 'indentCheckingReason', '102501', '102501', null, null, null, null, '', null);
INSERT INTO `act_ru_variable` VALUES ('197503', '1', 'string', 'applyId', '197501', '197501', null, null, null, null, '', null);
INSERT INTO `act_ru_variable` VALUES ('197504', '1', 'string', 'receiverId', '197501', '197501', null, null, null, null, 'keeper1', null);
INSERT INTO `act_ru_variable` VALUES ('197505', '1', 'string', 'goodFromId', '197501', '197501', null, null, null, null, 'keeper1', null);
INSERT INTO `act_ru_variable` VALUES ('197506', '1', 'string', 'applicantId', '197501', '197501', null, null, null, null, '', null);
INSERT INTO `act_ru_variable` VALUES ('202502', '1', 'string', 'applyUserId', '202501', '202501', null, null, null, null, '', null);
INSERT INTO `act_ru_variable` VALUES ('202504', '1', 'string', 'applyUser', '202501', '202501', null, null, null, null, '', null);
INSERT INTO `act_ru_variable` VALUES ('202505', '1', 'string', 'manager', '202501', '202501', null, null, null, null, 'SUPER_MANAGER', null);
INSERT INTO `act_ru_variable` VALUES ('202506', '1', 'string', 'purchaser', '202501', '202501', null, null, null, null, '', null);
INSERT INTO `act_ru_variable` VALUES ('202507', '1', 'string', 'KEEPER', '202501', '202501', null, null, null, null, 'keeper1', null);
INSERT INTO `act_ru_variable` VALUES ('202508', '1', 'string', 'applicantId', '202501', '202501', null, null, null, null, '', null);

-- ----------------------------
-- Table structure for `hibernate_sequence`
-- ----------------------------
DROP TABLE IF EXISTS `hibernate_sequence`;
CREATE TABLE `hibernate_sequence` (
  `next_val` bigint(20) DEFAULT NULL
) ENGINE=InnoDB DEFAULT CHARSET=utf8 ROW_FORMAT=DYNAMIC;

-- ----------------------------
-- Records of hibernate_sequence
-- ----------------------------
INSERT INTO `hibernate_sequence` VALUES ('137');

-- ----------------------------
-- Table structure for `order_detail`
-- ----------------------------
DROP TABLE IF EXISTS `order_detail`;
CREATE TABLE `order_detail` (
  `order_id` varchar(255) COLLATE utf8_bin NOT NULL,
  `item_id` bigint(255) NOT NULL COMMENT '',
  `item_title` varchar(255) COLLATE utf8_bin NOT NULL,
  `item_num` int(11) NOT NULL,
  `item_price` varchar(255) COLLATE utf8_bin NOT NULL,
  `item_discount` double NOT NULL,
  `item_img` varchar(255) COLLATE utf8_bin DEFAULT NULL,
  `item_amout` double NOT NULL COMMENT '',
  `id` bigint(20) NOT NULL AUTO_INCREMENT,
  PRIMARY KEY (`id`),
  KEY `fk_order_id` (`order_id`) USING BTREE,
  CONSTRAINT `order_detail_ibfk_1` FOREIGN KEY (`order_id`) REFERENCES `t_order_info` (`order_id`)
) ENGINE=InnoDB AUTO_INCREMENT=69 DEFAULT CHARSET=utf8 COLLATE=utf8_bin ROW_FORMAT=DYNAMIC;

-- ----------------------------
-- Records of order_detail
-- ----------------------------

-- ----------------------------
-- Table structure for `t_commodity`
-- ----------------------------
DROP TABLE IF EXISTS `t_commodity`;
CREATE TABLE `t_commodity` (
  `id` bigint(20) NOT NULL AUTO_INCREMENT,
  `amount` int(11) NOT NULL,
  `bar_code` bigint(20) DEFAULT NULL,
  `commodity_status` int(11) DEFAULT NULL,
  `commodity_type` int(11) DEFAULT NULL,
  `cost` double DEFAULT NULL,
  `name` varchar(255) COLLATE utf8_bin DEFAULT NULL,
  `note` varchar(255) COLLATE utf8_bin DEFAULT NULL,
  `period` datetime DEFAULT NULL,
  `pic_url` varchar(255) COLLATE utf8_bin DEFAULT NULL,
  `price` double DEFAULT NULL,
  `save_stock` int(11) NOT NULL,
  `version` int(11) NOT NULL,
  `indent_id` bigint(20) DEFAULT NULL,
  `bad_commodities` bigint(20) DEFAULT NULL,
  `shop_commodities` bigint(20) DEFAULT NULL,
  `indent_commodities` bigint(20) DEFAULT NULL,
  `sold_deal_id` bigint(20) DEFAULT NULL,
  `warehouse_id` bigint(20) DEFAULT NULL,
  `commodities` bigint(20) DEFAULT NULL,
  `shop_id` bigint(20) DEFAULT NULL,
  `cost_mul_num` double DEFAULT NULL,
  PRIMARY KEY (`id`) USING BTREE,
  KEY `FKbvbqqieq3kmdj22qeh8sds5kp` (`indent_id`) USING BTREE,
  KEY `FKcm5wx9nffgy8cq1tspaec4skl` (`bad_commodities`) USING BTREE,
  KEY `FKb0e1iuffgtwcq20h2emadosf9` (`shop_commodities`) USING BTREE,
  KEY `FKoqlsgn6po79h3nbjjop5jj8k7` (`indent_commodities`) USING BTREE,
  KEY `FKyfqf23uxyy42whfpq8pix0lt` (`sold_deal_id`) USING BTREE,
  KEY `FKbmyq74ub81fximqgq3p8key6q` (`warehouse_id`) USING BTREE,
  KEY `FK4875yo9lkv04kh5og25983a3v` (`commodities`) USING BTREE,
  KEY `FK35q7kbftu92f0925e511b91yu` (`shop_id`) USING BTREE,
  CONSTRAINT `FK35q7kbftu92f0925e511b91yu` FOREIGN KEY (`shop_id`) REFERENCES `t_shop` (`id`),
  CONSTRAINT `FK4875yo9lkv04kh5og25983a3v` FOREIGN KEY (`commodities`) REFERENCES `t_warehouse` (`id`),
  CONSTRAINT `FKb0e1iuffgtwcq20h2emadosf9` FOREIGN KEY (`shop_commodities`) REFERENCES `t_shop` (`id`),
  CONSTRAINT `FKbmyq74ub81fximqgq3p8key6q` FOREIGN KEY (`warehouse_id`) REFERENCES `t_warehouse` (`id`),
  CONSTRAINT `FKbvbqqieq3kmdj22qeh8sds5kp` FOREIGN KEY (`indent_id`) REFERENCES `t_indent` (`id`),
  CONSTRAINT `FKcm5wx9nffgy8cq1tspaec4skl` FOREIGN KEY (`bad_commodities`) REFERENCES `t_warehouse` (`id`),
  CONSTRAINT `FKoqlsgn6po79h3nbjjop5jj8k7` FOREIGN KEY (`indent_commodities`) REFERENCES `t_indent` (`id`),
  CONSTRAINT `FKyfqf23uxyy42whfpq8pix0lt` FOREIGN KEY (`sold_deal_id`) REFERENCES `t_deal` (`id`)
) ENGINE=InnoDB AUTO_INCREMENT=554 DEFAULT CHARSET=utf8 COLLATE=utf8_bin ROW_FORMAT=DYNAMIC;

-- ----------------------------
-- Records of t_commodity
-- ----------------------------
INSERT INTO `t_commodity` VALUES ('2', '977', '26902538004045', '4', '1', '2', '500ml', '', '2019-11-06 00:00:00', '//111//url', '3', '100', '0', null, null, null, null, null, null, null, null, null);
INSERT INTO `t_commodity` VALUES ('3', '993', '234234', '4', '1', '2', '', '', '2019-11-06 00:00:00', '//111//url', '3', '100', '0', null, null, null, null, null, null, null, null, null);
INSERT INTO `t_commodity` VALUES ('4', '998', '6902538004045345', '4', '1', '2', '', '', '2019-11-06 00:00:00', '//111//url', '3', '100', '0', null, null, null, null, null, null, null, null, null);
INSERT INTO `t_commodity` VALUES ('5', '999', '6902538004045456', '4', '1', '2', '', '', '2019-11-06 00:00:00', '//111//url', '3', '100', '0', null, null, null, null, null, null, null, null, null);
INSERT INTO `t_commodity` VALUES ('6', '1000', '6945602538004045', '4', '0', '2', '', '', '2019-11-06 00:00:00', '//111//url', '3', '100', '0', null, null, null, null, null, null, null, null, null);
INSERT INTO `t_commodity` VALUES ('7', '1000', '6902538064504045', '4', '0', '2', '', '', '2019-11-06 00:00:00', '69025380645040456652.png', '3', '100', '1', null, null, null, null, null, null, null, null, null);
INSERT INTO `t_commodity` VALUES ('8', '1000', '6902538045604045', '4', '0', '2', '', '', '2019-11-06 00:00:00', '//111//url', '3', '100', '0', null, null, null, null, null, null, null, null, null);
INSERT INTO `t_commodity` VALUES ('9', '1000', '690253800564045', '4', '0', '2', '', '', '2019-11-06 00:00:00', '6902538005640457655.png', '13', '100', '2', null, null, null, null, null, null, null, null, null);
INSERT INTO `t_commodity` VALUES ('12', '1000', '69025383004045', '4', '2', '2', '', '', '2019-11-06 00:00:00', '690253830040452367.png', '3', '100', '4', null, null, null, null, null, null, null, null, null);
INSERT INTO `t_commodity` VALUES ('13', '1000', '69025380044045', '4', '3', '2', 'S489', '', '2019-11-06 00:00:00', '690253800440450367.png', '3', '100', '2', null, null, null, null, null, null, null, null, null);
INSERT INTO `t_commodity` VALUES ('14', '1000', '690253800490045', '4', '3', '2', 'K557', '304', '2019-11-06 00:00:00', '6902538004900458241.png', '3', '100', '3', null, null, null, null, null, null, null, null, null);
INSERT INTO `t_commodity` VALUES ('15', '999', '690253800894045', '4', '4', '2', 'X252', '', '2019-11-06 00:00:00', '6902538008940452367.png', '3', '100', '3', null, null, null, null, null, null, null, null, null);
INSERT INTO `t_commodity` VALUES ('16', '1000', '690253800404545', '4', '4', '2', '', '', '2019-11-06 00:00:00', '6902538004045458620.png', '3', '100', '3', null, null, null, null, null, null, null, null, null);
INSERT INTO `t_commodity` VALUES ('17', '1000', '6902538004045444', '4', '7', '2', '', '', '2019-11-06 00:00:00', '//111//url', '3', '100', '1', null, null, null, null, null, null, null, null, null);
INSERT INTO `t_commodity` VALUES ('18', '1000', '6902538004045333', '4', '7', '2', '', '', '2019-11-06 00:00:00', '//111//url', '3', '100', '1', null, null, null, null, null, null, null, null, null);
INSERT INTO `t_commodity` VALUES ('19', '0', '6902538004045222', '5', '6', null, '', '', null, null, '3', '100', '2', null, null, null, null, null, null, null, null, null);
INSERT INTO `t_commodity` VALUES ('20', '1000', '6902538004045111', '4', '6', '2', '', '', '2019-11-06 00:00:00', '69025380040451113629.jpeg', '3', '100', '2', null, null, null, null, null, null, null, null, null);
INSERT INTO `t_commodity` VALUES ('21', '1000', '690253800400000', '4', '5', '2', 'Rose', '', '2019-11-06 00:00:00', '6902538004000004800.png', '3', '1000', '3', null, null, null, null, null, null, null, null, null);
INSERT INTO `t_commodity` VALUES ('117', '24', '6925303730574', '2', '1', '3', '500ml', '', '2019-10-09 10:04:01', '  ', '4', '20', '1', null, null, null, null, null, '1', null, null, null);
INSERT INTO `t_commodity` VALUES ('118', '266', '6925303730574', '2', '1', '3', '500ml', '', '2019-12-12 00:00:00', '69253037305744194.png', '4', '20', '1', null, null, null, null, null, '1', null, null, null);
INSERT INTO `t_commodity` VALUES ('150', '39', '4902505442780', '2', '11', '3.5', 'V5', '', '2020-10-09 10:04:01', null, '8', '20', '0', null, null, null, null, null, '1', null, null, null);
INSERT INTO `t_commodity` VALUES ('226', '45', '4902505442803', '2', '11', '3.5', 'V5', '', '2020-10-09 00:00:00', null, '8', '20', '0', null, null, null, null, null, '2', null, null, null);
INSERT INTO `t_commodity` VALUES ('227', '23', '4902505442780', '2', '11', '3.5', 'V5', '', '2021-10-23 12:50:01', '49025054427804244.png', '8', '20', '0', null, null, null, null, null, '2', null, null, null);
INSERT INTO `t_commodity` VALUES ('313', '0', '690253800404584', '4', '4', null, '', '', null, null, '3', '100', '1', null, null, null, null, null, null, null, null, null);
INSERT INTO `t_commodity` VALUES ('314', '0', '3456456443563', '5', '4', null, ' 304', '', null, null, '23', '12', '1', null, null, null, null, null, null, null, null, null);
INSERT INTO `t_commodity` VALUES ('316', '0', '12123123333', '4', '2', null, '', '', null, null, '12', '12', '1', null, null, null, null, null, null, null, null, null);
INSERT INTO `t_commodity` VALUES ('317', '-1', '1215645', '5', '4', null, ' X895', '', null, null, '21', '11', '1', null, null, null, null, null, null, null, null, null);
INSERT INTO `t_commodity` VALUES ('319', '0', '78679676745645', '5', '5', null, 'V34', '', null, null, '4563', '232', '1', null, null, null, null, null, null, null, null, null);
INSERT INTO `t_commodity` VALUES ('321', '0', '345364567567', '5', '8', null, 'YSL  KL0041', '', null, null, '5345', '54353', '1', null, null, null, null, null, null, null, null, null);
INSERT INTO `t_commodity` VALUES ('322', '0', '6902545222', '5', '6', null, '', '', null, null, '3', '100', '1', null, null, null, null, null, null, null, null, null);
INSERT INTO `t_commodity` VALUES ('323', '0', '69025222', '5', '6', null, '', '', null, null, '3', '100', '1', null, null, null, null, null, null, null, null, null);
INSERT INTO `t_commodity` VALUES ('324', '0', '69038004045222', '5', '6', null, '', '', null, null, '3', '100', '1', null, null, null, null, null, null, null, null, null);
INSERT INTO `t_commodity` VALUES ('325', '0', '45434654722', '5', '8', null, 'XL101', '', null, null, '343', '22', '1', null, null, null, null, null, null, null, null, null);
INSERT INTO `t_commodity` VALUES ('326', '0', '6903811111222', '5', '6', null, '', '', null, null, '3', '100', '1', null, null, null, null, null, null, null, null, null);
INSERT INTO `t_commodity` VALUES ('327', '0', '690223404045444', '4', '7', null, '', '', null, 'empty.jpg', '3', '100', '0', null, null, null, null, null, null, null, null, null);
INSERT INTO `t_commodity` VALUES ('342', '26', '6922255451427', '2', '1', '1', '', '', '2019-04-11 10:53:18', null, '2', '100', '2', null, null, null, null, null, null, null, '4', null);
INSERT INTO `t_commodity` VALUES ('410', '15', '4902505442780', '2', '11', '3.5', 'V5', '', '2020-10-09 10:04:01', null, '8', '20', '2', null, null, null, null, null, null, null, '4', null);
INSERT INTO `t_commodity` VALUES ('436', '10', '6925303730574', '2', '1', '3', '500ml', '', '2019-10-09 10:04:01', '  ', '4', '20', '6', null, null, null, null, null, null, null, '4', null);
INSERT INTO `t_commodity` VALUES ('443', '9', '4902505442803', '2', '11', '3.5', 'V5', '', '2020-10-09 00:00:00', null, '8', '20', '0', null, null, null, null, null, '1', null, null, null);
INSERT INTO `t_commodity` VALUES ('458', '25', '6922255451427', '2', '1', '1', '', '', '2019-04-11 10:53:18', null, '2', '100', '0', null, null, null, null, null, '2', null, null, null);
INSERT INTO `t_commodity` VALUES ('481', '2', '6902538004045345', null, '1', '2', '', '', null, '//111//url', '4', '0', '0', '276', null, null, '276', null, null, null, null, null);
INSERT INTO `t_commodity` VALUES ('482', '2', '234234', null, '1', '2', '', '', null, '//111//url', '4', '0', '0', '276', null, null, '276', null, null, null, null, null);
INSERT INTO `t_commodity` VALUES ('483', '2', '234234', null, '1', '2', '', '', null, '//111//url', '4', '0', '0', '277', null, null, '277', null, null, null, null, null);
INSERT INTO `t_commodity` VALUES ('484', '1', '26902538004045', null, '1', '2', '500ml', '', null, '//111//url', '4', '0', '0', '277', null, null, '277', null, null, null, null, null);
INSERT INTO `t_commodity` VALUES ('485', '5', '6925303730574', '1', '1', '3', '500ml', '', '2019-10-09 10:04:01', '  ', '4', '20', '0', '278', null, null, '278', null, null, null, null, null);
INSERT INTO `t_commodity` VALUES ('486', '30', '6925303730574', '1', '1', '3', '500ml', '', '2019-12-12 00:00:00', '69253037305744194.png', '4', '20', '0', '278', null, null, '278', null, null, null, null, null);
INSERT INTO `t_commodity` VALUES ('487', '20', '6925303730574', '2', '1', '3', '500ml', '', '2019-12-12 00:00:00', '69253037305744194.png', '4', '20', '1', null, null, null, null, null, null, null, '4', null);
INSERT INTO `t_commodity` VALUES ('490', '2', '6945602538004045', null, '0', '2', '', '', null, '//111//url', '4', '0', '0', '281', null, null, '281', null, null, null, null, null);
INSERT INTO `t_commodity` VALUES ('491', '4', '6902538004045345', null, '1', '2', '', '', null, '//111//url', '8', '0', '0', '281', null, null, '281', null, null, null, null, null);
INSERT INTO `t_commodity` VALUES ('493', '2', '234234', null, '1', '2', '', '', null, '//111//url', '4', '0', '0', '283', null, null, '283', null, null, null, null, null);
INSERT INTO `t_commodity` VALUES ('494', '1', '26902538004045', null, '1', '2', '500ml', '', null, '//111//url', '4', '0', '0', '283', null, null, '283', null, null, null, null, null);
INSERT INTO `t_commodity` VALUES ('496', '9', '6925303730574', '1', '1', '3', '500ml', '', '2019-12-12 00:00:00', '69253037305744194.png', '4', '20', '0', '285', null, null, '285', null, null, null, null, null);
INSERT INTO `t_commodity` VALUES ('497', '10', '6925303730574', '2', '1', '3', '500ml', '', '2019-12-12 00:00:00', '69253037305744194.png', '4', '20', '0', null, null, null, null, null, '2', null, null, null);
INSERT INTO `t_commodity` VALUES ('498', '8', '6902538004045333', null, '7', '2', '', '', null, '//111//url', '16', '0', '0', '286', null, null, '286', null, null, null, null, null);
INSERT INTO `t_commodity` VALUES ('500', '21', '26902538004045', null, '1', '2', '500ml', '', null, '//111//url', '44', '0', '0', '287', null, null, '287', null, null, null, null, null);
INSERT INTO `t_commodity` VALUES ('502', '11', '26902538004045', '1', '1', '2', '500ml', '', '2019-10-24 20:11:12', '//111//url', '44', '0', '0', '288', null, null, '288', null, null, null, null, null);
INSERT INTO `t_commodity` VALUES ('504', '2', '6902538004045345', null, '1', '2', '', '', null, '//111//url', '3', '0', '0', '289', null, null, '289', null, null, null, null, null);
INSERT INTO `t_commodity` VALUES ('508', '1', '6902538004045456', '1', '1', '2', '', '', '2019-10-23 17:45:21', '//111//url', '4', '0', '0', '290', null, null, '290', null, null, null, null, null);
INSERT INTO `t_commodity` VALUES ('510', '1314', '6902538064504045', null, '0', '2', '', '', null, '69025380645040456652.png', '3', '0', '0', '292', null, null, '292', null, null, null, null, null);
INSERT INTO `t_commodity` VALUES ('511', '6', '6925303730574', '1', '1', '3', '500ml', '', '2019-10-09 10:04:01', '  ', '4', '20', '1', '293', null, null, '293', null, null, null, null, null);
INSERT INTO `t_commodity` VALUES ('514', '1300', '6902538064504045', '2', '0', '2', '', '', '2019-10-25 11:40:53', '69025380645040456652.png', '3', '0', '1', null, null, null, null, null, '1', null, null, null);
INSERT INTO `t_commodity` VALUES ('515', '12', '26902538004045', null, '1', '2', '500ml', '', null, '//111//url', '3', '0', '0', '294', null, null, '294', null, null, null, null, null);
INSERT INTO `t_commodity` VALUES ('516', '4', '6902538064504045', null, '0', '2', '', '', null, '69025380645040456652.png', '3', '0', '0', '295', null, null, '295', null, null, null, null, null);
INSERT INTO `t_commodity` VALUES ('517', '44', '6902538004045456', null, '1', '2', '', '', null, '//111//url', '3', '0', '0', '295', null, null, '295', null, null, null, null, null);
INSERT INTO `t_commodity` VALUES ('518', '4', '6902538004045345', null, '1', '2', '', '', null, '//111//url', '3', '0', '0', '295', null, null, '295', null, null, null, null, null);
INSERT INTO `t_commodity` VALUES ('519', '4', '234234', null, '1', '2', '', '', null, '//111//url', '3', '0', '0', '295', null, null, '295', null, null, null, null, null);
INSERT INTO `t_commodity` VALUES ('520', '4', '26902538004045', null, '1', '2', '500ml', '', null, '//111//url', '3', '0', '0', '295', null, null, '295', null, null, null, null, null);
INSERT INTO `t_commodity` VALUES ('521', '0', '666888666888', '4', '11', null, 'Java', '-', null, '6668886668887545.jpeg', '99', '100', '1', null, null, null, null, null, null, null, null, null);
INSERT INTO `t_commodity` VALUES ('525', '2', '234234', null, '1', '2', '', '', null, '//111//url', '3', '0', '0', '298', null, null, '298', null, null, null, null, null);
INSERT INTO `t_commodity` VALUES ('526', '2', '26902538004045', null, '1', '2', '500ml', '', null, '//111//url', '3', '0', '0', '298', null, null, '298', null, null, null, null, null);
INSERT INTO `t_commodity` VALUES ('527', '2', '6902538004045345', null, '1', '2', '', '', null, '//111//url', '3', '0', '0', '299', null, null, '299', null, null, null, null, null);
INSERT INTO `t_commodity` VALUES ('528', '2', '234234', null, '1', '2', '', '', null, '//111//url', '3', '0', '0', '299', null, null, '299', null, null, null, null, null);
INSERT INTO `t_commodity` VALUES ('529', '22', '690253800404584', null, '4', '22', '', '', null, '', '3', '0', '0', '300', null, null, '300', null, null, null, null, null);
INSERT INTO `t_commodity` VALUES ('530', '22', '690253800400000', null, '5', '22', 'Rose', '', null, '6902538004000004800.png', '3', '0', '0', '300', null, null, '300', null, null, null, null, null);
INSERT INTO `t_commodity` VALUES ('531', '22', '6902538004045345', null, '1', '22', '', '', null, '//111//url', '3', '0', '0', '301', null, null, '301', null, null, null, null, '484');
INSERT INTO `t_commodity` VALUES ('532', '22', '234234', null, '1', '22', '', '', null, '//111//url', '3', '0', '0', '301', null, null, '301', null, null, null, null, '484');
INSERT INTO `t_commodity` VALUES ('533', '22', '26902538004045', null, '1', '22', '500ml', '', null, '//111//url', '3', '0', '0', '301', null, null, '301', null, null, null, null, '484');
INSERT INTO `t_commodity` VALUES ('537', '2', '690253800400000', null, '5', '2', 'Rose', '', null, '6902538004000004800.png', '3', '0', '0', '303', null, null, '303', null, null, null, null, null);
INSERT INTO `t_commodity` VALUES ('538', '2', '6902538004045111', null, '6', '2', '', '', null, '69025380040451113629.jpeg', '3', '0', '0', '303', null, null, '303', null, null, null, null, null);
INSERT INTO `t_commodity` VALUES ('539', '2', '6902538004045345', null, '1', '2', '', '', null, '//111//url', '3', '0', '0', '304', null, null, '304', null, null, null, null, null);
INSERT INTO `t_commodity` VALUES ('540', '2', '234234', null, '1', '2', '', '', null, '//111//url', '3', '0', '0', '304', null, null, '304', null, null, null, null, null);
INSERT INTO `t_commodity` VALUES ('541', '2', '26902538004045', null, '1', '2', '500ml', '', null, '//111//url', '3', '0', '0', '304', null, null, '304', null, null, null, null, null);
INSERT INTO `t_commodity` VALUES ('542', '2', '6902538004045345', null, '1', '2', '', '', null, '//111//url', '3', '0', '0', '305', null, null, '305', null, null, null, null, '4');
INSERT INTO `t_commodity` VALUES ('543', '2', '234234', null, '1', '2', '', '', null, '//111//url', '3', '0', '0', '305', null, null, '305', null, null, null, null, '4');
INSERT INTO `t_commodity` VALUES ('544', '2', '26902538004045', null, '1', '2', '500ml', '', null, '//111//url', '3', '0', '0', '305', null, null, '305', null, null, null, null, '4');
INSERT INTO `t_commodity` VALUES ('545', '82', '6945602538004045', null, '0', '8', '', '', null, '//111//url', '656', '0', '1', '306', null, null, '306', null, null, null, null, '64');
INSERT INTO `t_commodity` VALUES ('546', '82', '6902538004045456', null, '1', '8', '', '', null, '//111//url', '656', '0', '1', '306', null, null, '306', null, null, null, null, '64');
INSERT INTO `t_commodity` VALUES ('547', '821', '6902538004045345', null, '1', '8', '', '', null, '//111//url', '656', '0', '2', '306', null, null, '306', null, null, null, null, '6568');
INSERT INTO `t_commodity` VALUES ('550', '2', '6902538064504045', null, '0', '2', '', '', null, '69025380645040456652.png', '3', '0', '0', '308', null, null, '308', null, null, null, null, '4');
INSERT INTO `t_commodity` VALUES ('551', '2', '6902538064504045', '2', '0', '2', '', '', '2019-10-26 00:32:06', '69025380645040456652.png', '3', '0', '0', null, null, null, null, null, '1', null, null, '4');
INSERT INTO `t_commodity` VALUES ('552', '14', '6902538064504045', '1', '0', '2', '', '', '2019-10-25 11:40:53', '69025380645040456652.png', '3', '0', '0', '309', null, null, '309', null, null, null, null, null);
INSERT INTO `t_commodity` VALUES ('553', '14', '6902538064504045', '2', '0', '2', '', '', '2019-10-25 11:40:53', '69025380645040456652.png', '3', '0', '0', null, null, null, null, null, null, null, '4', null);

-- ----------------------------
-- Table structure for `t_deal`
-- ----------------------------
DROP TABLE IF EXISTS `t_deal`;
CREATE TABLE `t_deal` (
  `id` bigint(20) NOT NULL AUTO_INCREMENT,
  `cost` double DEFAULT NULL,
  `deal_date` datetime DEFAULT NULL,
  `price` double DEFAULT NULL,
  `salesman_id` bigint(20) DEFAULT NULL,
  `shop_id` bigint(20) DEFAULT NULL,
  `vip_card_id` bigint(20) DEFAULT NULL,
  PRIMARY KEY (`id`) USING BTREE,
  KEY `FKdmn7v71d387f2wyp3heye67kh` (`salesman_id`) USING BTREE,
  KEY `FKk6dud708wr06b006j541fv4bs` (`shop_id`) USING BTREE,
  KEY `FKmhbfdvb0iopy7knaioya9uch4` (`vip_card_id`) USING BTREE,
  CONSTRAINT `FKdmn7v71d387f2wyp3heye67kh` FOREIGN KEY (`salesman_id`) REFERENCES `t_user` (`id`),
  CONSTRAINT `FKk6dud708wr06b006j541fv4bs` FOREIGN KEY (`shop_id`) REFERENCES `t_shop` (`id`),
  CONSTRAINT `FKmhbfdvb0iopy7knaioya9uch4` FOREIGN KEY (`vip_card_id`) REFERENCES `t_vipcard` (`id`)
) ENGINE=InnoDB DEFAULT CHARSET=utf8 COLLATE=utf8_bin ROW_FORMAT=DYNAMIC;

-- ----------------------------
-- Records of t_deal
-- ----------------------------

-- ----------------------------
-- Table structure for `t_indent`
-- ----------------------------
DROP TABLE IF EXISTS `t_indent`;
CREATE TABLE `t_indent` (
  `id` bigint(20) NOT NULL AUTO_INCREMENT,
  `cost` double DEFAULT NULL,
  `create_date` datetime DEFAULT NULL,
  `indent_num` varchar(255) COLLATE utf8_bin DEFAULT NULL,
  `indent_status` int(11) DEFAULT NULL,
  `indent_type` int(11) DEFAULT NULL,
  `note` varchar(255) COLLATE utf8_bin DEFAULT NULL,
  `process_instance_id` varchar(255) COLLATE utf8_bin DEFAULT NULL,
  `user_id` varchar(255) COLLATE utf8_bin DEFAULT NULL,
  `creator_id` bigint(20) DEFAULT NULL,
  `from_shop_id` bigint(20) DEFAULT NULL,
  `from_warehouse_id` bigint(20) DEFAULT NULL,
  `keeper_id` bigint(20) DEFAULT NULL,
  `manager_id` bigint(20) DEFAULT NULL,
  `to_shop_id` bigint(20) DEFAULT NULL,
  `to_warehouse_id` bigint(20) DEFAULT NULL,
  `commodities_string` varchar(255) COLLATE utf8_bin DEFAULT NULL,
  `commoditiesjson` longtext CHARACTER SET utf8,
  `supplier` varchar(255) COLLATE utf8_bin DEFAULT NULL,
  `goods_checking_reason` varchar(255) COLLATE utf8_bin DEFAULT NULL,
  `indent_checking_reason` varchar(255) COLLATE utf8_bin DEFAULT NULL,
  `task_id` varchar(255) COLLATE utf8_bin DEFAULT NULL,
  PRIMARY KEY (`id`) USING BTREE,
  KEY `FKilrg3yhn8q025miegursqliyf` (`creator_id`) USING BTREE,
  KEY `FK43qekbsefqnxck7j3ssha6r0b` (`from_shop_id`) USING BTREE,
  KEY `FKroi0sg2echr7aiw1j5b67to5p` (`from_warehouse_id`) USING BTREE,
  KEY `FKe4epcikyvl24a2xsafo8svi80` (`keeper_id`) USING BTREE,
  KEY `FKayu0fv1m1fqtu2shhqlkjp17h` (`manager_id`) USING BTREE,
  KEY `FK9fpa6iftk3cvk8mpbycthgbvh` (`to_shop_id`) USING BTREE,
  KEY `FKt3qy50it3aihreqx3wn642c69` (`to_warehouse_id`) USING BTREE,
  CONSTRAINT `FK43qekbsefqnxck7j3ssha6r0b` FOREIGN KEY (`from_shop_id`) REFERENCES `t_shop` (`id`),
  CONSTRAINT `FK9fpa6iftk3cvk8mpbycthgbvh` FOREIGN KEY (`to_shop_id`) REFERENCES `t_shop` (`id`),
  CONSTRAINT `FKayu0fv1m1fqtu2shhqlkjp17h` FOREIGN KEY (`manager_id`) REFERENCES `t_user` (`id`),
  CONSTRAINT `FKe4epcikyvl24a2xsafo8svi80` FOREIGN KEY (`keeper_id`) REFERENCES `t_user` (`id`),
  CONSTRAINT `FKilrg3yhn8q025miegursqliyf` FOREIGN KEY (`creator_id`) REFERENCES `t_user` (`id`),
  CONSTRAINT `FKroi0sg2echr7aiw1j5b67to5p` FOREIGN KEY (`from_warehouse_id`) REFERENCES `t_warehouse` (`id`),
  CONSTRAINT `FKt3qy50it3aihreqx3wn642c69` FOREIGN KEY (`to_warehouse_id`) REFERENCES `t_warehouse` (`id`)
) ENGINE=InnoDB AUTO_INCREMENT=310 DEFAULT CHARSET=utf8 COLLATE=utf8_bin ROW_FORMAT=DYNAMIC;

-- ----------------------------
-- Records of t_indent
-- ----------------------------
INSERT INTO `t_indent` VALUES ('276', '8', '2018-10-23 21:17:58', 'Nova20181023091753', '1', '0', '1', '177501', null, '1', null, null, null, null, null, '1', null, '[{\"name\":\"\",\"num\":\"2\",\"cost\":2,\"price\":4,\"barCode\":\"6902538004045345\",\"picUrl\":\"//111//url\",\"commodityType\":\"DRINK\",\"note\":\"\"},{\"name\":\"\",\"num\":\"2\",\"cost\":2,\"price\":4,\"barCode\":\"234234\",\"picUrl\":\"//111//url\",\"commodityType\":\"DRINK\",\"note\":\"\"}]', null, null, null, null);
INSERT INTO `t_indent` VALUES ('277', '8', '2018-10-24 00:29:04', 'Nova20181024122857', '1', '0', '1', '180001', null, '1', null, null, null, null, null, '1', null, '[{\"name\":\"\",\"num\":\"2\",\"cost\":2,\"price\":4,\"barCode\":\"234234\",\"picUrl\":\"//111//url\",\"commodityType\":\"DRINK\",\"note\":\"\"},{\"name\":\"500ml\",\"num\":\"2\",\"cost\":2,\"price\":4,\"barCode\":\"26902538004045\",\"picUrl\":\"//111//url\",\"commodityType\":\"DRINK\",\"note\":\"\"}]', null, null, null, null);
INSERT INTO `t_indent` VALUES ('278', '122.26', '2018-10-24 09:17:36', 'Nova20181024091730', '4', '2', ' .', '182501', null, '22', null, '1', '11', '22', '4', null, null, '[{\"id\":117,\"amount\":5},{\"id\":118,\"amount\":30}]', null, 'OK', '', null);
INSERT INTO `t_indent` VALUES ('281', '12', '2018-10-24 09:33:41', 'Nova20181024093335', '1', '0', '123123', '185001', null, '1', null, null, null, null, null, '2', null, '[{\"name\":\"\",\"num\":\"2\",\"cost\":2,\"price\":4,\"barCode\":\"6945602538004045\",\"picUrl\":\"//111//url\",\"commodityType\":\"FOOD\",\"note\":\"\"},{\"name\":\"\",\"num\":\"4\",\"cost\":2,\"price\":8,\"barCode\":\"6902538004045345\",\"picUrl\":\"//111//url\",\"commodityType\":\"DRINK\",\"note\":\"\"}]', null, null, null, null);
INSERT INTO `t_indent` VALUES ('283', '8', '2018-10-24 09:50:03', 'Nova20181024094951', '5', '0', '1', '187515', null, '1', null, null, null, '18', null, '1', null, '[{\"name\":\"\",\"num\":\"2\",\"cost\":2,\"price\":4,\"barCode\":\"234234\",\"picUrl\":\"//111//url\",\"commodityType\":\"DRINK\",\"note\":\"\"},{\"name\":\"500ml\",\"num\":\"2\",\"cost\":2,\"price\":4,\"barCode\":\"26902538004045\",\"picUrl\":\"//111//url\",\"commodityType\":\"DRINK\",\"note\":\"\"}]', null, null, '', null);
INSERT INTO `t_indent` VALUES ('285', '46.08', '2018-10-24 11:09:42', 'Nova20181024110939', '4', '3', '', '190001', null, '22', '4', null, '12', '12', null, '2', null, '[{\"id\":487,\"amount\":10}]', null, '', '!!!', null);
INSERT INTO `t_indent` VALUES ('286', '16', '2018-10-24 11:14:13', 'Nova20181024111408', '4', '0', 'der~', '190023', null, '12', null, null, null, '12', null, '2', null, '[{\"name\":\"\",\"num\":\"8\",\"cost\":2,\"price\":16,\"barCode\":\"6902538004045333\",\"picUrl\":\"//111//url\",\"commodityType\":\"FRESH\",\"note\":\"\"}]', null, '', ' .', null);
INSERT INTO `t_indent` VALUES ('287', '44', '2018-10-24 20:06:54', 'Nova20181024080558', '4', '0', '1', '192501', null, '18', null, null, null, '11', null, '1', null, '[{\"name\":\"500ml\",\"num\":\"22\",\"cost\":2,\"price\":44,\"barCode\":\"26902538004045\",\"picUrl\":\"//111//url\",\"commodityType\":\"DRINK\",\"note\":\"\"}]', null, '1', '1', null);
INSERT INTO `t_indent` VALUES ('288', '55.3', '2018-10-24 20:21:08', 'Nova20181024082048', '4', '1', '', '192532', null, '12', null, '1', '11', '12', null, '2', null, '[{\"id\":501,\"amount\":11}]', null, '', '~', null);
INSERT INTO `t_indent` VALUES ('289', '4', '2018-10-24 20:45:43', 'Nova20181024084535', '4', '0', '1', '195001', null, '1', null, null, null, '11', null, '1', null, '[{\"name\":\"\",\"num\":\"2\",\"cost\":2,\"price\":3,\"barCode\":\"6902538004045345\",\"picUrl\":\"//111//url\",\"commodityType\":\"DRINK\",\"note\":\"\"}]', null, '1', '1', null);
INSERT INTO `t_indent` VALUES ('290', '19.26', '2018-10-25 02:15:47', 'Nova20181025021538', '1', '2', '', '197501', null, '22', null, '1', '11', null, '4', null, null, '[{\"id\":476,\"amount\":1}]', null, null, null, null);
INSERT INTO `t_indent` VALUES ('292', '2628', '2018-10-25 11:13:32', 'Nova20181025094610', '4', '0', '+', '200001', null, '12', null, null, null, '11', null, '1', null, '[{\"name\":\"\",\"num\":\"1314\",\"cost\":2,\"price\":3,\"barCode\":\"6902538064504045\",\"picUrl\":\"69025380645040456652.png\",\"commodityType\":\"FOOD\",\"note\":\"\"}]', null, 'safsd', '', null);
INSERT INTO `t_indent` VALUES ('293', '51.3', '2018-10-25 09:50:43', 'Nova20181025095042', '0', '1', '', null, null, '12', null, '1', '11', null, null, '2', null, '[{\"id\":117,\"amount\":6}]', null, null, null, null);
INSERT INTO `t_indent` VALUES ('294', '24', '2018-10-25 14:55:43', 'Nova20181025025535', '1', '0', '', '202501', null, '18', null, null, null, null, null, '1', null, '[{\"name\":\"500ml\",\"num\":\"12\",\"cost\":2,\"price\":3,\"barCode\":\"26902538004045\",\"picUrl\":\"//111//url\",\"commodityType\":\"DRINK\",\"note\":\"\"}]', null, null, null, null);
INSERT INTO `t_indent` VALUES ('295', '120', '2018-10-25 15:21:56', 'Nova20181025032155', '0', '0', '66666666666666', null, null, '18', null, null, null, null, null, '2', null, '[{\"name\":\"\",\"num\":\"4\",\"cost\":2,\"price\":3,\"barCode\":\"6902538064504045\",\"picUrl\":\"69025380645040456652.png\",\"commodityType\":\"FOOD\",\"note\":\"\"},{\"name\":\"\",\"num\":\"44\",\"cost\":2,\"price\":3,\"barCode\":\"6902538004045456\",\"picUrl\":\"//111//url\",\"commodityType\":\"DRINK\",\"note\":\"\"},{\"name\":\"\",\"num\":\"4\",\"cost\":2,\"price\":3,\"barCode\":\"6902538004045345\",\"picUrl\":\"//111//url\",\"commodityType\":\"DRINK\",\"note\":\"\"},{\"name\":\"\",\"num\":\"4\",\"cost\":2,\"price\":3,\"barCode\":\"234234\",\"picUrl\":\"//111//url\",\"commodityType\":\"DRINK\",\"note\":\"\"},{\"name\":\"500ml\",\"num\":\"4\",\"cost\":2,\"price\":3,\"barCode\":\"26902538004045\",\"picUrl\":\"//111//url\",\"commodityType\":\"DRINK\",\"note\":\"\"}]', null, null, null, null);
INSERT INTO `t_indent` VALUES ('298', '8', '2018-10-25 20:25:33', 'Nova20181025082533', '0', '0', '1', null, null, '1', null, null, null, null, null, '1', null, '[{\"name\":\"\",\"num\":\"2\",\"cost\":\"2\",\"price\":3,\"barCode\":\"234234\",\"picUrl\":\"//111//url\",\"commodityType\":\"DRINK\",\"note\":\"\"},{\"name\":\"500ml\",\"num\":\"2\",\"cost\":\"2\",\"price\":3,\"barCode\":\"26902538004045\",\"picUrl\":\"//111//url\",\"commodityType\":\"DRINK\",\"note\":\"\"}]', null, null, null, null);
INSERT INTO `t_indent` VALUES ('299', '8', '2018-10-25 20:30:14', 'Nova20181025083013', '0', '0', '1', null, null, '1', null, null, null, null, null, '1', null, '[{\"name\":\"\",\"num\":\"2\",\"cost\":\"2\",\"price\":3,\"barCode\":\"6902538004045345\",\"picUrl\":\"//111//url\",\"commodityType\":\"DRINK\",\"note\":\"\"},{\"name\":\"\",\"num\":\"2\",\"cost\":\"2\",\"price\":3,\"barCode\":\"234234\",\"picUrl\":\"//111//url\",\"commodityType\":\"DRINK\",\"note\":\"\"}]', null, null, null, null);
INSERT INTO `t_indent` VALUES ('300', '44', '2018-10-25 20:31:43', 'Nova20181025083143', '0', '0', '1', null, null, '1', null, null, null, null, null, '1', null, '[{\"name\":\"\",\"num\":\"22\",\"cost\":\"22\",\"price\":3,\"barCode\":\"690253800404584\",\"picUrl\":\"\",\"commodityType\":\"COOKER\",\"note\":\"\"},{\"name\":\"Rose\",\"num\":\"22\",\"cost\":\"22\",\"price\":3,\"barCode\":\"690253800400000\",\"picUrl\":\"6902538004000004800.png\",\"commodityType\":\"BATH\",\"note\":\"\"}]', null, null, null, null);
INSERT INTO `t_indent` VALUES ('301', '1452', '2018-10-25 20:48:34', 'Nova20181025084833', '0', '0', '321', null, null, '1', null, null, null, null, null, '1', null, '[{\"name\":\"\",\"num\":\"22\",\"cost\":\"22\",\"price\":3,\"barCode\":\"6902538004045345\",\"picUrl\":\"//111//url\",\"commodityType\":\"DRINK\",\"note\":\"\",\"costMulNum\":484},{\"name\":\"\",\"num\":\"22\",\"cost\":\"22\",\"price\":3,\"barCode\":\"234234\",\"picUrl\":\"//111//url\",\"commodityType\":\"DRINK\",\"note\":\"\",\"costMulNum\":484},{\"name\":\"500ml\",\"num\":\"22\",\"cost\":\"22\",\"price\":3,\"barCode\":\"26902538004045\",\"picUrl\":\"//111//url\",\"commodityType\":\"DRINK\",\"note\":\"\",\"costMulNum\":484}]', null, null, null, null);
INSERT INTO `t_indent` VALUES ('303', '8', '2018-10-25 22:14:36', 'Nova20181025101435', '0', '0', '1', null, null, '1', null, null, null, null, null, '1', null, '[{\"name\":\"Rose\",\"num\":\"2\",\"cost\":2,\"price\":3,\"barCode\":\"690253800400000\",\"picUrl\":\"6902538004000004800.png\",\"commodityType\":\"BATH\",\"note\":\"\"},{\"name\":\"\",\"num\":\"2\",\"cost\":2,\"price\":3,\"barCode\":\"6902538004045111\",\"picUrl\":\"69025380040451113629.jpeg\",\"commodityType\":\"INFANT\",\"note\":\"\"}]', null, null, null, null);
INSERT INTO `t_indent` VALUES ('304', '12', '2018-10-25 22:28:51', 'Nova20181025102851', '0', '0', '123', null, null, '1', null, null, null, null, null, '1', null, '[{\"name\":\"\",\"num\":\"2\",\"cost\":2,\"price\":3,\"barCode\":\"6902538004045345\",\"picUrl\":\"//111//url\",\"commodityType\":\"DRINK\",\"note\":\"\"},{\"name\":\"\",\"num\":\"2\",\"cost\":2,\"price\":3,\"barCode\":\"234234\",\"picUrl\":\"//111//url\",\"commodityType\":\"DRINK\",\"note\":\"\"},{\"name\":\"500ml\",\"num\":\"2\",\"cost\":2,\"price\":3,\"barCode\":\"26902538004045\",\"picUrl\":\"//111//url\",\"commodityType\":\"DRINK\",\"note\":\"\"}]', null, null, null, null);
INSERT INTO `t_indent` VALUES ('305', '12', '2018-10-25 22:48:20', 'Nova20181025104819', '0', '0', '321123', null, null, '1', null, null, null, null, null, '1', null, '[{\"name\":\"\",\"num\":\"2\",\"cost1\":\"2\",\"costMulNum\":4,\"price\":3,\"barCode\":\"6902538004045345\",\"picUrl\":\"//111//url\",\"commodityType\":\"DRINK\",\"note\":\"\"},{\"name\":\"\",\"num\":\"2\",\"cost1\":\"2\",\"costMulNum\":4,\"price\":3,\"barCode\":\"234234\",\"picUrl\":\"//111//url\",\"commodityType\":\"DRINK\",\"note\":\"\"},{\"name\":\"500ml\",\"num\":\"2\",\"cost1\":\"2\",\"costMulNum\":4,\"price\":3,\"barCode\":\"26902538004045\",\"picUrl\":\"//111//url\",\"commodityType\":\"DRINK\",\"note\":\"\"}]', null, null, null, null);
INSERT INTO `t_indent` VALUES ('306', '6696', '2018-10-25 22:48:51', 'Nova20181025104850', '0', '0', '2', null, null, '1', null, null, null, null, null, '1', null, '[{\"name\":\"\",\"num\":\"821\",\"cost1\":8,\"costMulNum\":6568,\"price\":656,\"barCode\":6902538004045345,\"picUrl\":\"//111//url\",\"commodityType\":\"DRINK\",\"note\":\"\"},{\"name\":\"\",\"num\":82,\"cost1\":8,\"costMulNum\":64,\"price\":656,\"barCode\":6902538004045456,\"picUrl\":\"//111//url\",\"commodityType\":\"DRINK\",\"note\":\"\"},{\"name\":\"\",\"num\":82,\"cost1\":8,\"costMulNum\":64,\"price\":656,\"barCode\":6945602538004045,\"picUrl\":\"//111//url\",\"commodityType\":\"FOOD\",\"note\":\"\"}]', null, null, null, null);
INSERT INTO `t_indent` VALUES ('308', '4', '2018-10-26 00:30:13', 'Nova20181026122949', '4', '0', '', '207502', null, '1', null, null, null, '11', null, '1', null, '[{\"name\":\"\",\"num\":\"2\",\"cost1\":\"2\",\"costMulNum\":4,\"price\":3,\"barCode\":\"6902538064504045\",\"picUrl\":\"69025380645040456652.png\",\"commodityType\":\"FOOD\",\"note\":\"\"}]', null, 'a', 'a', null);
INSERT INTO `t_indent` VALUES ('309', '45.26', '2018-10-26 00:37:45', 'Nova20181026123737', '4', '2', 'mianbao', '207529', null, '22', null, '1', '11', '22', '4', null, null, '[{\"id\":514,\"amount\":14}]', null, '!', 'haode', null);

-- ----------------------------
-- Table structure for `t_order_detail`
-- ----------------------------
DROP TABLE IF EXISTS `t_order_detail`;
CREATE TABLE `t_order_detail` (
  `order_id` varchar(255) COLLATE utf8_bin NOT NULL,
  `item_id` bigint(255) NOT NULL COMMENT '',
  `item_title` varchar(255) COLLATE utf8_bin NOT NULL,
  `item_num` int(11) NOT NULL,
  `item_price` varchar(255) COLLATE utf8_bin NOT NULL,
  `item_discount` double NOT NULL,
  `item_img` varchar(255) COLLATE utf8_bin DEFAULT NULL,
  `item_amout` double NOT NULL COMMENT '',
  `id` bigint(20) NOT NULL AUTO_INCREMENT,
  PRIMARY KEY (`id`),
  KEY `fk_order_id` (`order_id`) USING BTREE,
  CONSTRAINT `pk_order_id` FOREIGN KEY (`order_id`) REFERENCES `t_order_info` (`order_id`)
) ENGINE=InnoDB AUTO_INCREMENT=137 DEFAULT CHARSET=utf8 COLLATE=utf8_bin ROW_FORMAT=DYNAMIC;

-- ----------------------------
-- Records of t_order_detail
-- ----------------------------
INSERT INTO `t_order_detail` VALUES ('1540277200001', '1', '501ml', '1', '3.0', '1', '//111//url', '3', '24');
INSERT INTO `t_order_detail` VALUES ('1540277200001', '3', '', '1', '3.0', '1', '//111//url', '3', '25');
INSERT INTO `t_order_detail` VALUES ('1540277200001', '2', '500ml', '1', '3.0', '1', '//111//url', '3', '26');
INSERT INTO `t_order_detail` VALUES ('1540277479001', '1', '501ml', '1', '3.0', '1', '//111//url', '3', '28');
INSERT INTO `t_order_detail` VALUES ('1540277479001', '2', '500ml', '1', '3.0', '1', '//111//url', '3', '29');
INSERT INTO `t_order_detail` VALUES ('1540277479001', '4', '', '1', '3.0', '1', '//111//url', '3', '30');
INSERT INTO `t_order_detail` VALUES ('1540277479001', '3', '', '1', '3.0', '1', '//111//url', '3', '31');
INSERT INTO `t_order_detail` VALUES ('1540277479001', '5', '', '1', '3.0', '1', '//111//url', '3', '32');
INSERT INTO `t_order_detail` VALUES ('1540296733001', '118', '500ml', '5', '4.0', '1', '69253037305744194.png', '20', '34');
INSERT INTO `t_order_detail` VALUES ('1540296733001', '342', '', '1', '2.0', '1', null, '2', '35');
INSERT INTO `t_order_detail` VALUES ('1540296733001', '436', '500ml', '1', '4.0', '1', '  ', '4', '36');
INSERT INTO `t_order_detail` VALUES ('1540383926001', '2', '500ml', '1', '3.0', '1', '//111//url', '3', '38');
INSERT INTO `t_order_detail` VALUES ('1540383926001', '3', '', '3', '3.0', '1', '//111//url', '9', '39');
INSERT INTO `t_order_detail` VALUES ('1540383926001', '117', '500ml', '1', '4.0', '1', '  ', '4', '40');
INSERT INTO `t_order_detail` VALUES ('1540383926001', '118', '500ml', '1', '4.0', '1', '69253037305744194.png', '4', '41');
INSERT INTO `t_order_detail` VALUES ('1540383926001', '476', '', '1', '4.0', '1', '//111//url', '4', '42');
INSERT INTO `t_order_detail` VALUES ('1540381744001', '6', '', '3', '3.0', '1', '//111//url', '9', '44');
INSERT INTO `t_order_detail` VALUES ('1540381744001', '7', '', '5', '3.0', '1', '69025380645040456652.png', '15', '45');
INSERT INTO `t_order_detail` VALUES ('1540381744001', '8', '', '1', '3.0', '1', '//111//url', '3', '46');
INSERT INTO `t_order_detail` VALUES ('1540384064001', '8', '', '1', '3.0', '1', '//111//url', '3', '48');
INSERT INTO `t_order_detail` VALUES ('1540384064001', '494', '500ml', '7', '4.0', '1', '//111//url', '28', '49');
INSERT INTO `t_order_detail` VALUES ('1540384064001', '2', '500ml', '1', '3.0', '1', '//111//url', '3', '50');
INSERT INTO `t_order_detail` VALUES ('1540384064001', '484', '500ml', '1', '4.0', '1', '//111//url', '4', '51');
INSERT INTO `t_order_detail` VALUES ('1540384064001', '500', '500ml', '1', '44.0', '1', '//111//url', '44', '52');
INSERT INTO `t_order_detail` VALUES ('1540384103001', '6', '', '1', '3.0', '1', '//111//url', '3', '54');
INSERT INTO `t_order_detail` VALUES ('1540384103001', '7', '', '6', '3.0', '1', '69025380645040456652.png', '18', '55');
INSERT INTO `t_order_detail` VALUES ('1540400212001', '2', '500ml', '1', '3.0', '1', '//111//url', '3', '57');
INSERT INTO `t_order_detail` VALUES ('1540400212001', '3', '', '1', '3.0', '1', '//111//url', '3', '58');
INSERT INTO `t_order_detail` VALUES ('1540400212001', '118', '500ml', '1', '4.0', '1', '69253037305744194.png', '4', '59');
INSERT INTO `t_order_detail` VALUES ('1540400419001', '2', '500ml', '1', '3.0', '1', '//111//url', '3', '61');
INSERT INTO `t_order_detail` VALUES ('1540400419001', '3', '', '1', '3.0', '1', '//111//url', '3', '62');
INSERT INTO `t_order_detail` VALUES ('1540400419001', '118', '500ml', '1', '4.0', '1', '69253037305744194.png', '4', '63');
INSERT INTO `t_order_detail` VALUES ('1540400680001', '3', '', '1', '3.0', '1', '//111//url', '3', '65');
INSERT INTO `t_order_detail` VALUES ('1540400680001', '118', '500ml', '1', '4.0', '1', '69253037305744194.png', '4', '66');
INSERT INTO `t_order_detail` VALUES ('1540400680001', '342', '', '1', '2.0', '1', null, '2', '67');
INSERT INTO `t_order_detail` VALUES ('1540400680001', '481', '', '1', '4.0', '1', '//111//url', '4', '68');
INSERT INTO `t_order_detail` VALUES ('1540430765001', '3', '', '3', '3.0', '1', '//111//url', '9', '70');
INSERT INTO `t_order_detail` VALUES ('1540430765001', '118', '500ml', '3', '4.0', '1', '69253037305744194.png', '12', '71');
INSERT INTO `t_order_detail` VALUES ('1540430765001', '342', '', '4', '2.0', '1', null, '8', '72');
INSERT INTO `t_order_detail` VALUES ('1540431511001', '2', '500ml', '1', '3.0', '1', '//111//url', '3', '75');
INSERT INTO `t_order_detail` VALUES ('1540431511001', '3', '', '1', '3.0', '1', '//111//url', '3', '76');
INSERT INTO `t_order_detail` VALUES ('1540431511001', '4', '', '1', '3.0', '1', '//111//url', '3', '77');
INSERT INTO `t_order_detail` VALUES ('1540431619001', '2', '500ml', '1', '3.0', '1', '//111//url', '3', '79');
INSERT INTO `t_order_detail` VALUES ('1540431619001', '3', '', '1', '3.0', '1', '//111//url', '3', '80');
INSERT INTO `t_order_detail` VALUES ('1540431619001', '4', '', '1', '3.0', '1', '//111//url', '3', '81');
INSERT INTO `t_order_detail` VALUES ('1540435588001', '15', 'X252', '1', '3.0', '1', '6902538008940452367.png', '3', '83');
INSERT INTO `t_order_detail` VALUES ('1540435588001', '317', ' X895', '1', '21.0', '1', null, '21', '84');
INSERT INTO `t_order_detail` VALUES ('1540450486001', '2', '500ml', '1', '3.0', '1', '//111//url', '3', '87');
INSERT INTO `t_order_detail` VALUES ('1540450488001', '2', '500ml', '1', '3.0', '1', '//111//url', '3', '89');
INSERT INTO `t_order_detail` VALUES ('1540450488001', '2', '500ml', '1', '3.0', '1', '//111//url', '3', '91');
INSERT INTO `t_order_detail` VALUES ('1540450488001', '2', '500ml', '1', '3.0', '1', '//111//url', '3', '93');
INSERT INTO `t_order_detail` VALUES ('1540450488001', '2', '500ml', '1', '3.0', '1', '//111//url', '3', '95');
INSERT INTO `t_order_detail` VALUES ('1540450488001', '2', '500ml', '1', '3.0', '1', '//111//url', '3', '97');
INSERT INTO `t_order_detail` VALUES ('1540450489001', '2', '500ml', '1', '3.0', '1', '//111//url', '3', '99');
INSERT INTO `t_order_detail` VALUES ('1540450489001', '2', '500ml', '1', '3.0', '1', '//111//url', '3', '101');
INSERT INTO `t_order_detail` VALUES ('1540450489001', '2', '500ml', '1', '3.0', '1', '//111//url', '3', '103');
INSERT INTO `t_order_detail` VALUES ('1540450489001', '2', '500ml', '1', '3.0', '1', '//111//url', '3', '105');
INSERT INTO `t_order_detail` VALUES ('1540450492001', '2', '500ml', '1', '3.0', '1', '//111//url', '3', '107');
INSERT INTO `t_order_detail` VALUES ('1540450492001', '2', '500ml', '1', '3.0', '1', '//111//url', '3', '109');
INSERT INTO `t_order_detail` VALUES ('1540450493001', '2', '500ml', '1', '3.0', '1', '//111//url', '3', '111');
INSERT INTO `t_order_detail` VALUES ('1540450493001', '2', '500ml', '1', '3.0', '1', '//111//url', '3', '113');
INSERT INTO `t_order_detail` VALUES ('1540450493001', '2', '500ml', '1', '3.0', '1', '//111//url', '3', '116');
INSERT INTO `t_order_detail` VALUES ('1540450493001', '2', '500ml', '1', '3.0', '1', '//111//url', '3', '117');
INSERT INTO `t_order_detail` VALUES ('1540450493001', '2', '500ml', '1', '3.0', '1', '//111//url', '3', '119');
INSERT INTO `t_order_detail` VALUES ('1540450494001', '2', '500ml', '1', '3.0', '1', '//111//url', '3', '121');
INSERT INTO `t_order_detail` VALUES ('1540450494001', '2', '500ml', '1', '3.0', '1', '//111//url', '3', '123');
INSERT INTO `t_order_detail` VALUES ('1540485871001', '2', '500ml', '1', '3.0', '1', '//111//url', '3', '125');
INSERT INTO `t_order_detail` VALUES ('1540485871001', '3', '', '1', '3.0', '1', '//111//url', '3', '126');
INSERT INTO `t_order_detail` VALUES ('1540485871001', '5', '', '1', '3.0', '1', '//111//url', '3', '127');
INSERT INTO `t_order_detail` VALUES ('1540485871001', '117', '500ml', '1', '4.0', '1', '  ', '4', '128');
INSERT INTO `t_order_detail` VALUES ('1540485871001', '484', '500ml', '1', '4.0', '1', '//111//url', '4', '129');
INSERT INTO `t_order_detail` VALUES ('1540485871001', '500', '500ml', '1', '44.0', '1', '//111//url', '44', '130');
INSERT INTO `t_order_detail` VALUES ('1540485871001', '494', '500ml', '1', '4.0', '1', '//111//url', '4', '131');
INSERT INTO `t_order_detail` VALUES ('1540488476001', '496', '500ml', '1', '4.0', '1', '69253037305744194.png', '4', '133');
INSERT INTO `t_order_detail` VALUES ('1540488476001', '118', '500ml', '1', '4.0', '1', '69253037305744194.png', '4', '134');
INSERT INTO `t_order_detail` VALUES ('1540488476001', '2', '500ml', '1', '3.0', '1', '//111//url', '3', '135');
INSERT INTO `t_order_detail` VALUES ('1540488476001', '3', '', '1', '3.0', '1', '//111//url', '3', '136');

-- ----------------------------
-- Table structure for `t_order_info`
-- ----------------------------
DROP TABLE IF EXISTS `t_order_info`;
CREATE TABLE `t_order_info` (
  `id` bigint(20) unsigned NOT NULL AUTO_INCREMENT,
  `order_id` varchar(255) COLLATE utf8_bin NOT NULL,
  `menber_id` bigint(11) DEFAULT NULL,
  `menber_name` varchar(255) COLLATE utf8_bin DEFAULT NULL,
  `menber_phone` varchar(255) COLLATE utf8_bin DEFAULT NULL,
  `menber_discount` double DEFAULT '1' COMMENT '',
  `goods_total_cost` double NOT NULL DEFAULT '0' COMMENT '',
  `goods_total_price` double NOT NULL COMMENT '',
  `order_discount` double NOT NULL COMMENT '',
  `order_amount` double NOT NULL COMMENT '',
  `order_time` datetime NOT NULL,
  `pay_time` datetime NOT NULL,
  `salesman_id` bigint(20) DEFAULT NULL,
  `shop_id` bigint(20) DEFAULT NULL,
  `type` int(11) DEFAULT NULL,
  PRIMARY KEY (`id`) USING BTREE,
  KEY `order_id` (`order_id`) USING BTREE
) ENGINE=InnoDB AUTO_INCREMENT=133 DEFAULT CHARSET=utf8 COLLATE=utf8_bin ROW_FORMAT=DYNAMIC;

-- ----------------------------
-- Records of t_order_info
-- ----------------------------
INSERT INTO `t_order_info` VALUES ('23', '1540277200001', null, null, null, '1', '1', '9', '1', '9', '2018-08-26 14:50:37', '2018-08-26 14:50:37', '7', '1', '1');
INSERT INTO `t_order_info` VALUES ('27', '1540277479001', null, null, null, '1', '1', '15', '1', '15', '2018-09-01 14:53:59', '2018-09-01 14:53:59', '7', '1', '1');
INSERT INTO `t_order_info` VALUES ('33', '1540296733001', null, null, null, '1', '1', '26', '1', '26', '2018-09-07 20:33:45', '2018-09-07 20:33:45', '7', '1', '1');
INSERT INTO `t_order_info` VALUES ('37', '1540383926001', null, null, null, '1', '1', '24', '1', '24', '2018-09-11 20:27:11', '2018-09-11 20:27:11', '7', '1', '1');
INSERT INTO `t_order_info` VALUES ('43', '1540381744001', null, null, null, '1', '1', '27', '1', '27', '2018-09-14 20:27:43', '2018-09-14 20:27:43', '7', '1', '1');
INSERT INTO `t_order_info` VALUES ('47', '1540384064001', null, null, null, '1', '1', '82', '1', '82', '2018-09-18 20:28:23', '2018-09-18 20:28:23', '7', '1', '1');
INSERT INTO `t_order_info` VALUES ('53', '1540384103001', null, null, null, '1', '1', '21', '1', '21', '2018-09-27 20:28:32', '2018-09-27 20:28:32', '7', '1', '1');
INSERT INTO `t_order_info` VALUES ('56', '1540400212001', null, null, null, '1', '1', '10', '1', '10', '2018-09-30 00:57:41', '2018-09-30 00:57:41', '7', '1', '1');
INSERT INTO `t_order_info` VALUES ('60', '1540400419001', null, null, null, '1', '1', '10', '1', '10', '2018-10-02 01:02:00', '2018-10-02 01:02:00', '7', '1', '1');
INSERT INTO `t_order_info` VALUES ('64', '1540400680001', null, null, null, '1', '1', '13', '1', '13', '2018-10-04 01:04:53', '2018-10-04 01:04:53', '7', '1', '1');
INSERT INTO `t_order_info` VALUES ('69', '1540430765001', null, null, null, '1', '1', '29', '1', '29', '2018-10-25 09:27:08', '2018-10-25 09:27:08', '7', '1', '1');
INSERT INTO `t_order_info` VALUES ('73', '1540431508001', null, null, null, '1', '0', '0', '1', '0', '2018-10-25 09:38:31', '2018-10-25 09:38:31', '7', '1', '1');
INSERT INTO `t_order_info` VALUES ('74', '1540431511001', null, null, null, '1', '0', '9', '1', '9', '2018-02-01 09:38:58', '2018-01-01 09:38:58', '7', '1', '1');
INSERT INTO `t_order_info` VALUES ('78', '1540431619001', null, null, null, '1', '6', '9', '1', '9', '2018-02-01 09:40:42', '2018-02-01 09:40:42', '7', '1', '1');
INSERT INTO `t_order_info` VALUES ('82', '1540435588001', null, null, null, '1', '2', '24', '1', '24', '2018-04-01 10:47:16', '2018-04-01 10:47:16', '7', '1', '1');
INSERT INTO `t_order_info` VALUES ('85', '1540450440001', null, null, null, '1', '1', '0', '1', '0', '2018-03-01 14:54:46', '2018-03-01 14:54:46', '7', '1', '1');
INSERT INTO `t_order_info` VALUES ('86', '1540450486001', null, null, null, '1', '1', '3', '1', '3', '2018-05-01 14:54:48', '2018-05-01 14:54:48', '7', '1', '1');
INSERT INTO `t_order_info` VALUES ('88', '1540450488001', null, null, null, '1', '1', '3', '1', '3', '2018-06-01 14:54:48', '2018-06-01 14:54:48', '7', '1', '1');
INSERT INTO `t_order_info` VALUES ('90', '1540450488001', null, null, null, '1', '1', '3', '1', '3', '2018-03-01 14:54:49', '2018-03-01 14:54:49', '7', '1', '1');
INSERT INTO `t_order_info` VALUES ('92', '1540450488001', null, null, null, '1', '1', '3', '1', '3', '2018-04-01 14:54:49', '2018-04-01 14:54:49', '7', '1', '1');
INSERT INTO `t_order_info` VALUES ('94', '1540450488001', null, null, null, '1', '1', '3', '1', '3', '2018-10-25 14:54:49', '2018-10-25 14:54:49', '7', '1', '1');
INSERT INTO `t_order_info` VALUES ('96', '1540450488001', null, null, null, '1', '1', '3', '1', '3', '2018-10-25 14:54:49', '2018-10-25 14:54:49', '7', '1', '1');
INSERT INTO `t_order_info` VALUES ('98', '1540450489001', null, null, null, '1', '1', '3', '1', '3', '2018-07-01 14:54:49', '2018-07-01 14:54:49', '7', '1', '1');
INSERT INTO `t_order_info` VALUES ('100', '1540450489001', null, null, null, '1', '1', '3', '1', '3', '2018-06-01 14:54:50', '2018-06-01 14:54:50', '7', '1', '1');
INSERT INTO `t_order_info` VALUES ('102', '1540450489001', null, null, null, '1', '1', '3', '1', '3', '2018-10-25 14:54:50', '2018-10-25 14:54:50', '7', '1', '1');
INSERT INTO `t_order_info` VALUES ('104', '1540450489001', null, null, null, '1', '1', '3', '1', '3', '2018-10-25 14:54:53', '2018-10-25 14:54:53', '7', '1', '1');
INSERT INTO `t_order_info` VALUES ('106', '1540450492001', null, null, null, '1', '1', '3', '1', '3', '2018-10-25 14:54:53', '2018-10-25 14:54:53', '7', '1', '1');
INSERT INTO `t_order_info` VALUES ('108', '1540450492001', null, null, null, '1', '1', '3', '1', '3', '2018-10-25 14:54:53', '2018-10-25 14:54:53', '7', '1', '1');
INSERT INTO `t_order_info` VALUES ('110', '1540450493001', null, null, null, '1', '1', '3', '1', '3', '2018-10-25 14:54:53', '2018-10-25 14:54:53', '7', '1', '1');
INSERT INTO `t_order_info` VALUES ('112', '1540450493001', null, null, null, '1', '1', '3', '1', '3', '2018-10-25 14:54:54', '2018-10-25 14:54:54', '7', '1', '1');
INSERT INTO `t_order_info` VALUES ('114', '1540450493001', null, null, null, '1', '1', '3', '1', '3', '2018-10-25 14:54:54', '2018-10-25 14:54:54', '7', '1', '1');
INSERT INTO `t_order_info` VALUES ('115', '1540450493001', null, null, null, '1', '1', '3', '1', '3', '2018-10-25 14:54:54', '2018-10-25 14:54:54', '7', '1', '1');
INSERT INTO `t_order_info` VALUES ('118', '1540450493001', null, null, null, '1', '1', '3', '1', '3', '2018-10-25 14:54:54', '2018-10-25 14:54:54', '7', '1', '1');
INSERT INTO `t_order_info` VALUES ('120', '1540450494001', null, null, null, '1', '1', '3', '1', '3', '2018-05-01 14:54:54', '2018-05-01 14:54:54', '7', '1', '1');
INSERT INTO `t_order_info` VALUES ('122', '1540450494001', null, null, null, '1', '1', '3', '1', '3', '2018-03-01 14:54:54', '2018-03-01 14:54:54', '7', '1', '1');
INSERT INTO `t_order_info` VALUES ('124', '1540485871001', null, null, null, '1', '15', '65', '1', '65', '2018-05-01 00:45:21', '2018-05-01 00:45:21', '7', '1', '1');
INSERT INTO `t_order_info` VALUES ('132', '1540488476001', null, null, null, '1', '10', '14', '1', '14', '2018-10-26 01:33:59', '2018-10-26 01:33:59', '7', '1', '1');

-- ----------------------------
-- Table structure for `t_privileges`
-- ----------------------------
DROP TABLE IF EXISTS `t_privileges`;
CREATE TABLE `t_privileges` (
  `user_id` bigint(20) NOT NULL,
  `privileges` int(11) DEFAULT NULL,
  KEY `FKfgiqbp5wxule4xvmcaguf1dwt` (`user_id`) USING BTREE,
  CONSTRAINT `FKfgiqbp5wxule4xvmcaguf1dwt` FOREIGN KEY (`user_id`) REFERENCES `t_user` (`id`)
) ENGINE=InnoDB DEFAULT CHARSET=utf8 COLLATE=utf8_bin ROW_FORMAT=DYNAMIC;

-- ----------------------------
-- Records of t_privileges
-- ----------------------------
INSERT INTO `t_privileges` VALUES ('1', '3');
INSERT INTO `t_privileges` VALUES ('1', '8');
INSERT INTO `t_privileges` VALUES ('2', '3');
INSERT INTO `t_privileges` VALUES ('2', '8');
INSERT INTO `t_privileges` VALUES ('3', '3');
INSERT INTO `t_privileges` VALUES ('3', '8');
INSERT INTO `t_privileges` VALUES ('4', '3');
INSERT INTO `t_privileges` VALUES ('4', '8');
INSERT INTO `t_privileges` VALUES ('5', '3');
INSERT INTO `t_privileges` VALUES ('5', '8');
INSERT INTO `t_privileges` VALUES ('6', '3');
INSERT INTO `t_privileges` VALUES ('6', '8');
INSERT INTO `t_privileges` VALUES ('7', '12');
INSERT INTO `t_privileges` VALUES ('7', '8');
INSERT INTO `t_privileges` VALUES ('8', '3');
INSERT INTO `t_privileges` VALUES ('8', '8');
INSERT INTO `t_privileges` VALUES ('9', '3');
INSERT INTO `t_privileges` VALUES ('9', '8');
INSERT INTO `t_privileges` VALUES ('10', '3');
INSERT INTO `t_privileges` VALUES ('10', '8');
INSERT INTO `t_privileges` VALUES ('15', '4');
INSERT INTO `t_privileges` VALUES ('15', '9');
INSERT INTO `t_privileges` VALUES ('15', '6');
INSERT INTO `t_privileges` VALUES ('15', '2');
INSERT INTO `t_privileges` VALUES ('15', '8');
INSERT INTO `t_privileges` VALUES ('15', '12');
INSERT INTO `t_privileges` VALUES ('16', '9');
INSERT INTO `t_privileges` VALUES ('16', '12');
INSERT INTO `t_privileges` VALUES ('16', '8');
INSERT INTO `t_privileges` VALUES ('16', '4');
INSERT INTO `t_privileges` VALUES ('16', '2');
INSERT INTO `t_privileges` VALUES ('16', '6');
INSERT INTO `t_privileges` VALUES ('17', '8');
INSERT INTO `t_privileges` VALUES ('17', '4');
INSERT INTO `t_privileges` VALUES ('17', '6');
INSERT INTO `t_privileges` VALUES ('17', '10');
INSERT INTO `t_privileges` VALUES ('19', '8');
INSERT INTO `t_privileges` VALUES ('19', '4');
INSERT INTO `t_privileges` VALUES ('19', '6');
INSERT INTO `t_privileges` VALUES ('19', '10');
INSERT INTO `t_privileges` VALUES ('20', '12');
INSERT INTO `t_privileges` VALUES ('20', '8');
INSERT INTO `t_privileges` VALUES ('20', '4');
INSERT INTO `t_privileges` VALUES ('20', '2');
INSERT INTO `t_privileges` VALUES ('20', '9');
INSERT INTO `t_privileges` VALUES ('20', '6');
INSERT INTO `t_privileges` VALUES ('18', '11');
INSERT INTO `t_privileges` VALUES ('18', '10');
INSERT INTO `t_privileges` VALUES ('18', '9');
INSERT INTO `t_privileges` VALUES ('18', '0');
INSERT INTO `t_privileges` VALUES ('18', '2');
INSERT INTO `t_privileges` VALUES ('18', '6');
INSERT INTO `t_privileges` VALUES ('18', '8');
INSERT INTO `t_privileges` VALUES ('18', '5');
INSERT INTO `t_privileges` VALUES ('18', '4');
INSERT INTO `t_privileges` VALUES ('18', '3');
INSERT INTO `t_privileges` VALUES ('18', '7');
INSERT INTO `t_privileges` VALUES ('18', '1');
INSERT INTO `t_privileges` VALUES ('11', '4');
INSERT INTO `t_privileges` VALUES ('14', '9');
INSERT INTO `t_privileges` VALUES ('14', '12');
INSERT INTO `t_privileges` VALUES ('23', '9');
INSERT INTO `t_privileges` VALUES ('23', '12');
INSERT INTO `t_privileges` VALUES ('21', '6');
INSERT INTO `t_privileges` VALUES ('21', '8');
INSERT INTO `t_privileges` VALUES ('22', '1');
INSERT INTO `t_privileges` VALUES ('22', '2');
INSERT INTO `t_privileges` VALUES ('22', '3');
INSERT INTO `t_privileges` VALUES ('22', '4');
INSERT INTO `t_privileges` VALUES ('22', '5');
INSERT INTO `t_privileges` VALUES ('22', '7');
INSERT INTO `t_privileges` VALUES ('24', '0');
INSERT INTO `t_privileges` VALUES ('25', '0');
INSERT INTO `t_privileges` VALUES ('11', '7');
INSERT INTO `t_privileges` VALUES ('12', '7');
INSERT INTO `t_privileges` VALUES ('22', '6');
INSERT INTO `t_privileges` VALUES ('1', '7');
INSERT INTO `t_privileges` VALUES ('26', '6');
INSERT INTO `t_privileges` VALUES ('26', '4');
INSERT INTO `t_privileges` VALUES ('26', '10');
INSERT INTO `t_privileges` VALUES ('26', '8');

-- ----------------------------
-- Table structure for `t_shop`
-- ----------------------------
DROP TABLE IF EXISTS `t_shop`;
CREATE TABLE `t_shop` (
  `id` bigint(20) NOT NULL AUTO_INCREMENT,
  `address` varchar(255) COLLATE utf8_bin DEFAULT NULL,
  `latitude` double NOT NULL,
  `longitude` double NOT NULL,
  `name` varchar(255) COLLATE utf8_bin DEFAULT NULL,
  PRIMARY KEY (`id`) USING BTREE
) ENGINE=InnoDB AUTO_INCREMENT=5 DEFAULT CHARSET=utf8 COLLATE=utf8_bin ROW_FORMAT=DYNAMIC;

-- ----------------------------
-- Records of t_shop
-- ----------------------------
INSERT INTO `t_shop` VALUES ('1', '55', '5', '5', '4');
INSERT INTO `t_shop` VALUES ('3', '1', '5', '5', '5');
INSERT INTO `t_shop` VALUES ('4', '', '23.10668', '113.32459', '');

-- ----------------------------
-- Table structure for `t_user`
-- ----------------------------
DROP TABLE IF EXISTS `t_user`;
CREATE TABLE `t_user` (
  `id` bigint(20) NOT NULL AUTO_INCREMENT,
  `gender` int(11) DEFAULT NULL,
  `hire_date` datetime DEFAULT NULL,
  `icon_url` varchar(255) COLLATE utf8_bin DEFAULT NULL,
  `identity` varchar(50) COLLATE utf8_bin NOT NULL,
  `name` varchar(50) COLLATE utf8_bin NOT NULL,
  `password` varchar(50) COLLATE utf8_bin NOT NULL,
  `user_status` int(11) NOT NULL,
  `user_type` int(11) NOT NULL,
  `work_num` varchar(50) COLLATE utf8_bin NOT NULL,
  `shop_id` bigint(20) DEFAULT NULL,
  `warehouse_id` bigint(20) DEFAULT NULL,
  `keepers` bigint(20) DEFAULT NULL,
  `shop_manager` bigint(20) DEFAULT NULL,
  `shop_sales` bigint(20) DEFAULT NULL,
  PRIMARY KEY (`id`) USING BTREE,
  UNIQUE KEY `UK_r9emdbwhjb0ewpjjcetwuk9k8` (`identity`) USING BTREE,
  UNIQUE KEY `UK_9xt6ect49ruufxuami6uouxah` (`work_num`) USING BTREE,
  KEY `FKd5pkbflc7pbwn3otvvpeavlfs` (`shop_id`) USING BTREE,
  KEY `FKae1ffvwaabf6nh5j7278fsblf` (`warehouse_id`) USING BTREE,
  KEY `FKpigo9bi95653hiwg6gdwpu78q` (`keepers`) USING BTREE,
  KEY `FKfg7tw1xwcg330ampj533nhj71` (`shop_manager`) USING BTREE,
  KEY `FKeh93i2xi0ah5vtymf0kdtw7li` (`shop_sales`) USING BTREE,
  CONSTRAINT `FKae1ffvwaabf6nh5j7278fsblf` FOREIGN KEY (`warehouse_id`) REFERENCES `t_warehouse` (`id`),
  CONSTRAINT `FKd5pkbflc7pbwn3otvvpeavlfs` FOREIGN KEY (`shop_id`) REFERENCES `t_shop` (`id`),
  CONSTRAINT `FKeh93i2xi0ah5vtymf0kdtw7li` FOREIGN KEY (`shop_sales`) REFERENCES `t_shop` (`id`),
  CONSTRAINT `FKfg7tw1xwcg330ampj533nhj71` FOREIGN KEY (`shop_manager`) REFERENCES `t_shop` (`id`),
  CONSTRAINT `FKpigo9bi95653hiwg6gdwpu78q` FOREIGN KEY (`keepers`) REFERENCES `t_warehouse` (`id`)
) ENGINE=InnoDB AUTO_INCREMENT=27 DEFAULT CHARSET=utf8 COLLATE=utf8_bin ROW_FORMAT=DYNAMIC;

-- ----------------------------
-- Records of t_user
-- ----------------------------
INSERT INTO `t_user` VALUES ('1', '0', '2018-09-26 20:08:56', 'Sales106026.jpeg', '016540010', '', 'E10ADC3949BA59ABBE56E057F20F883E', '0', '4', 'wk00011110', '1', null, null, null, '1');
INSERT INTO `t_user` VALUES ('2', '0', '2018-09-26 20:08:57', 'Sales111641.png', '016540011', 'Sales11', 'E10ADC3949BA59ABBE56E057F20F883E', '0', '4', 'wk00011111', null, null, null, null, null);
INSERT INTO `t_user` VALUES ('3', '0', '2018-09-26 20:08:57', 'defaultUser.jpg', '016540012', 'Sales12', 'E10ADC3949BA59ABBE56E057F20F883E', '0', '4', 'wk00011112', null, null, null, null, null);
INSERT INTO `t_user` VALUES ('4', '0', '2018-09-26 20:08:57', 'defaultUser.jpg', '016540013', 'Sales13', 'E10ADC3949BA59ABBE56E057F20F883E', '0', '4', 'wk00011113', '4', null, null, null, '4');
INSERT INTO `t_user` VALUES ('5', '0', '2018-09-26 20:08:58', 'defaultUser.jpg', '016540014', 'Sales14', 'E10ADC3949BA59ABBE56E057F20F883E', '1', '4', 'wk00011114', null, null, null, null, null);
INSERT INTO `t_user` VALUES ('6', '0', '2018-09-26 20:08:58', 'defaultUser.jpg', '016540015', 'Sales15', 'E10ADC3949BA59ABBE56E057F20F883E', '2', '4', 'wk00011115', null, null, null, null, null);
INSERT INTO `t_user` VALUES ('7', '0', '2018-09-26 20:08:58', 'Sales165464.png', '016540016', 'Sales16', 'E10ADC3949BA59ABBE56E057F20F883E', '0', '4', 'wk00011116', null, null, null, null, null);
INSERT INTO `t_user` VALUES ('8', '0', '2018-09-26 20:08:59', 'defaultUser.jpg', '016540017', 'Sales17', 'E10ADC3949BA59ABBE56E057F20F883E', '0', '4', 'wk00011117', null, null, null, null, null);
INSERT INTO `t_user` VALUES ('9', '0', '2018-09-26 20:08:59', 'defaultUser.jpg', '016540018', 'Sales18', 'E10ADC3949BA59ABBE56E057F20F883E', '0', '4', 'wk00011118', null, null, null, null, null);
INSERT INTO `t_user` VALUES ('10', '0', '2018-09-26 20:08:59', 'defaultUser.jpg', '016540019', 'Sales19', 'E10ADC3949BA59ABBE56E057F20F883E', '0', '4', 'wk00011119', null, null, null, null, null);
INSERT INTO `t_user` VALUES ('11', '1', '2018-10-09 00:00:00', 'defaultUser.jpg', '016540020000000', 'keeper1', 'E10ADC3949BA59ABBE56E057F20F883E', '0', '2', 'wk00011120', null, '1', '1', null, null);
INSERT INTO `t_user` VALUES ('12', '0', '2018-10-09 10:10:11', 'Sales108942.jpeg', '016540021', 'keeper2', 'E10ADC3949BA59ABBE56E057F20F883E', '0', '2', 'wk00011121', null, '2', '2', null, null);
INSERT INTO `t_user` VALUES ('14', '0', '2018-10-01 00:00:00', null, '123123123123123', '123123', 'E10ADC3949BA59ABBE56E057F20F883E', '0', '4', 'wk3590354', '3', null, null, null, null);
INSERT INTO `t_user` VALUES ('15', '0', '2018-10-08 00:00:00', 'defaultUser.jpg', '234234234234234', '234', 'E10ADC3949BA59ABBE56E057F20F883E', '0', '3', 'wk4279869', null, null, null, null, null);
INSERT INTO `t_user` VALUES ('16', '0', '2018-10-08 00:00:00', 'defaultUser.jpg', '456456456456456', '456456', 'E10ADC3949BA59ABBE56E057F20F883E', '0', '3', 'wk6028450', '1', null, null, null, null);
INSERT INTO `t_user` VALUES ('17', '0', '2018-10-08 00:00:00', 'defaultUser.jpg', '678678678678678', '678678678', 'E10ADC3949BA59ABBE56E057F20F883E', '0', '2', 'wk71083', null, '2', null, null, null);
INSERT INTO `t_user` VALUES ('18', '1', '2018-10-01 00:00:00', '6004.png', '345345345345345', '', 'E10ADC3949BA59ABBE56E057F20F883E', '0', '0', 'wk1879176', null, '1', null, null, null);
INSERT INTO `t_user` VALUES ('19', '1', '2018-10-08 00:00:00', 'defaultUser.jpg', '789789789789789', '', 'E10ADC3949BA59ABBE56E057F20F883E', '0', '2', 'wk2097584', null, '2', null, null, null);
INSERT INTO `t_user` VALUES ('20', '0', '2018-10-01 00:00:00', 'defaultUser.jpg', '445221151454487', '', 'E10ADC3949BA59ABBE56E057F20F883E', '1', '3', 'wk9741178', '1', null, null, null, null);
INSERT INTO `t_user` VALUES ('21', '0', '2018-10-01 00:00:00', 'defaultUser.jpg', '184845484877489', '22', 'E10ADC3949BA59ABBE56E057F20F883E', '0', '1', 'wk3615347', null, null, null, null, null);
INSERT INTO `t_user` VALUES ('22', '1', '2018-10-18 10:49:23', 'defaultUser.jpg', '016580010', '', 'E10ADC3949BA59ABBE56E057F20F883E', '0', '3', 'wk0110001', '4', null, null, '4', null);
INSERT INTO `t_user` VALUES ('23', '0', '2018-10-16 00:00:00', 'defaultUser.jpg', '154584652214861', '', 'E10ADC3949BA59ABBE56E057F20F883E', '0', '4', 'wk2522769', '4', null, null, null, null);
INSERT INTO `t_user` VALUES ('24', '0', '2018-10-19 00:00:00', '9015.png', '498489888484848', '', 'E10ADC3949BA59ABBE56E057F20F883E', '2', '0', 'wk88888888', null, null, null, null, null);
INSERT INTO `t_user` VALUES ('25', '0', '2018-10-25 00:00:00', '0080.jpeg', '441322199991245', '', 'C33367701511B4F6020EC61DED352059', '0', '0', 'wk0000', null, null, null, null, null);
INSERT INTO `t_user` VALUES ('26', '0', '2018-10-24 00:00:00', 'defaultUser.jpg', '123123123123677', 'lijhu', 'E10ADC3949BA59ABBE56E057F20F883E', '1', '2', 'wk8443204', null, '2', null, null, null);

-- ----------------------------
-- Table structure for `t_vipcard`
-- ----------------------------
DROP TABLE IF EXISTS `t_vipcard`;
CREATE TABLE `t_vipcard` (
  `id` bigint(20) NOT NULL AUTO_INCREMENT,
  `card_no` bigint(20) DEFAULT NULL,
  `discount` double DEFAULT NULL,
  `open_date` datetime DEFAULT NULL,
  `score` int(11) NOT NULL,
  PRIMARY KEY (`id`) USING BTREE
) ENGINE=InnoDB DEFAULT CHARSET=utf8 COLLATE=utf8_bin ROW_FORMAT=DYNAMIC;

-- ----------------------------
-- Records of t_vipcard
-- ----------------------------

-- ----------------------------
-- Table structure for `t_warehouse`
-- ----------------------------
DROP TABLE IF EXISTS `t_warehouse`;
CREATE TABLE `t_warehouse` (
  `id` bigint(20) NOT NULL AUTO_INCREMENT,
  `address` varchar(255) COLLATE utf8_bin DEFAULT NULL,
  `latitude` double NOT NULL,
  `longitude` double NOT NULL,
  `name` varchar(255) COLLATE utf8_bin DEFAULT NULL,
  `keeper` bigint(20) DEFAULT NULL,
  PRIMARY KEY (`id`) USING BTREE,
  KEY `FK2y2w7b6ye7doln8nwe3p16rr4` (`keeper`) USING BTREE,
  CONSTRAINT `FK2y2w7b6ye7doln8nwe3p16rr4` FOREIGN KEY (`keeper`) REFERENCES `t_user` (`id`)
) ENGINE=InnoDB AUTO_INCREMENT=4 DEFAULT CHARSET=utf8 COLLATE=utf8_bin ROW_FORMAT=DYNAMIC;

-- ----------------------------
-- Records of t_warehouse
-- ----------------------------
INSERT INTO `t_warehouse` VALUES ('1', '1', '23.11841', '113.26985', '', '11');
INSERT INTO `t_warehouse` VALUES ('2', '', '23.10022', '113.37645', '', '12');
DROP TRIGGER IF EXISTS ``;
DELIMITER ;;
CREATE TRIGGER `` AFTER INSERT ON `t_order_detail` FOR EACH ROW begin
update t_commodity set amount = amount - new.item_num where id = new.item_id ;
end
;;
DELIMITER ;
